image,caption,Gemma_caption,Gemini_caption,Llama_caption
1001773457_577c3a7d70.jpg,كلب اسود وكلب ثلاثي الالوان يلعبان مع بعضهما البعض علي الطريق,يواجه كلبان بعضهما البعض علي طريق ترابي، ويبدو انهما علي وشك الاشتباك او يلعبان بطريقه عدوانيه.,كلبان يلعبان علي طريق اسفلتي.,الكلاب الثلاثه يركضون في الطريق.
1002674143_1b742ab4b8.jpg,فتاه صغيره مغطاه بالطلاء تجلس امام قوس قزح,طفله صغيره جالسه علي العشب امام قوس قزح كبير رسمته بالطلاء، مع وجود اواني طلاء ملونه حولها.,تظهر الصوره طفله صغيره ملطخه بالالوان تجلس علي العشب وترسم امام لوحه بيضاء عليها قوس قزح كبير وملون.,طفله صغيره تقوم بالرسم علي لوح ابيض كبير في الخارج، امامها قوس قزح مرسوم بالوان زاهيه، وتظهر علامات طلاء علي اللوح والارض.
1003163366_44323f5815.jpg,رجل يجلس علي مقعد بينما يجلس كلبه بجانبه,رجل مستلق علي مقعد في الهواء الطلق، بينما يجلس كلبه الفرنسي الصغير امامه، ويبدو انه يراقب او ينتظر صاحبه.,رجل مستلق علي مقعد وكلبه جالس امامه امام سد ماءي.,رجل عاري الصدر واقف علي ظهره علي مقعد مع كلب بجواره.
1007129816_e794419615.jpg,رجل يرتدي قبعه برتقاليه,"رجل يرتدي قبعه غريبه مصنوعه من علب بيره ""-"" محاطه بحافه برتقاليه من الكروشيه، وينظر الي الجانب بابتسامه خفيفه.",رجل يرتدي نظارات وقبعه برتقاليه فريده مصنوعه من ملصقات علب البيره.,رجل يرتدي قبعه مصنوعه من قطع بطاقات ترويجيه لشركه .
1007320043_627395c3d8.jpg,طفل يلعب علي حبل,طفله صغيره تتسلق شبكه حمراء في ملعب، وتبدو سعيده ومستمتعه.,طفله صغيره تتسلق شبكه حبال حمراء في ملعب وتنظر الي الكاميرا.,طفله تتسلق في ساحه لعب.
1009434119_febe49276a.jpg,كلب ابيض واسود يركض في حديقه عشبيه محاطه بسياج ابيض,يركض كلب بوستون تيرير اسود وابيض علي العشب الاخضر مع سياج ابيض في الخلفيه.,كلب بوسطن تيرير يركض بحماس في حديقه خضراء.,كلب من فصيله البلدغ يركض بمرح في الحديقه.
1012212859_01547e3f17.jpg,كلب يهز راسه بالقرب من الشاطء ، كره حمراء بجانبه,كلب ابيض اللون، ربما من نوع جاك راسل تيرير، يلعب بكره حمراء علي شاطء بحيره او نهر، ويبدو انه قد دخل للتو في الماء.,كلب ابيض يهز جسمه لينفض الماء عن نفسه علي الشاطء، وبجانبه كره.,كلب ابيض يلعب علي الشاطء مع كره حمراء.
1015118661_980735411b.jpg,صبي يبتسم امام حاءط صخري في مدينه,طفلا صغيرا يرتدي ملابس زرقاء وبيضاء، ينظر الي الكاميرا ويبتسم، بينما يقف رجل في الخلفيه بالقرب من جدار حجري.,صبي صغير مبتسم يمشي علي الرصيف امام جدار حجري، مع رجل وراءه وعمود اسود بصنبور ماء علي اليمين.,ولد صغير بجانب صنبور ماء عام.
1015584366_dfcec3c85a.jpg,كلب اسود يقفز فوق الجذع,كلب اسود اللون يقفز بحماس فوق جذع شجره في حديقه خضراء.,كلب سعيد يقفز فوق جذع شجره في الهواء الطلق.,كلب اسود اللون قادم من فوق جذع شجره.
101654506_8eb26cfb60.jpg,كلب ابيض وابيض يمر عبر الثلج,يركض كلب رمادي وابيض في الثلج، ويبدو سعيدا ومتحمسا.,كلب رشيق يركض بفرح في الثلج المتناثر.,كلب يجري في الثلج.
101669240_b2d3e7f17b.jpg,رجل في القبعه يعرض صورا بجوار احد المتزلجين في قبعه زرقاء,رساما يعرض لوحاته في الغابه المغطاه بالثلوج بينما يمر متزلج بجانبه.,متزلج يمر بجانب رجل يعرض لوحات فنيه في غابه ثلجيه.,رجل يتزلج في الغابه الشتويه واخر يعرض لوحات فنيه.
1016887272_03199f49c4.jpg,صور لشخص واحد يتسلق جرفا,مجموعه من الاشخاص يتسلقون جدارا اصطناعيا بينما يقوم شخص اخر بتامينهم بحبل.,متسلقه صخور في لقطات متتاليه اثناء تقدمها علي الحاءط، مع شخص يءمنها في الاسفل.,صوره لعدد من الاشخاص وهم يتسلقون حاءط صخره كبير.
1019077836_6fc9b15408.jpg,كلب بني يطارد الماء علي العشب,كلب بني اللون وهو يركض بسعاده في حديقه خضراء، بينما تتدفق المياه من خرطوم قريب.,كلب بني يلعب بحماس علي العشب الاخضر بالقرب من رذاذ الماء.,كلب بلون بني فاتح يلعب بالماء.
1019604187_d087bf9a5f.jpg,كلب يستعد للقبض علي جسم في حقل مع السيارات القريبه,كلب ابيض اللون يركض بحماس في حديقه خضراء، محاولا الامساك بكره صفراء في الهواء.,كلب ابيض يطارد كره صفراء في الحديقه.,كلب ابيض يعض كره صفراء في الهواء في ساحه خضراء.
1020651753_06077ec457.jpg,كلب ابيض واسود يقفز في الهواء للحصول علي لعبه,يقفز كلب ابيض واسود في الهواء محاولا الامساك بكره صفراء.,كلب ابيض يقفز عاليا في مرج اخضر لالتقاط كره صفراء.,كلب ابيض واسود قافز في الهواء في ساحه خضراء.
1022454332_6af2c1449a.jpg,طفل وامراه علي حافه المياه في مدينه كبيره,طفلين يقفان علي ضفاف بحيره، احدهما يرفع يده وكانه يلوح او يطعم البط.,طفل يلوح لبطه علي ضفه بحيره في حديقه حضريه، مع مبان بعيده في الخلفيه.,صوره لطفلين احدهما يلقي بالطعام في بحيره هادءه في مدينه.
1022454428_b6b660a67b.jpg,زوجان يجلسان علي العشب مع رضيع وعربه اطفال,تظهر الصوره عاءله تتامل المناظر الطبيعيه الخلابه في حديقه، حيث يجلس الاب والام بجانب بعضهما البعض بينما يحملان طفلهما الصغير.,عاءله تجلس بجانب بحيره مع طفل رضيع وعربه اطفال.,زوجان وطفلهما الرضيع يجلسون علي العشب بجانب شجره، بالقرب من بحيره، وعربه اطفال بجانبهم.
1022975728_75515238d8.jpg,كلب يقفز في الماء,كلب اسود يركض في الماء علي الشاطء، مع وجود موجات حوله.,كلب اسود يجري في الامواج ويحدث رشاشا.,كلب اسود يجري في البحر.
102351840_323e3de834.jpg,رجل يحفر حفره في الجليد,تظهر الصوره شخصين يصطادان السمك علي سطح بحيره متجمده، مع وجود معدات الصيد مثل المثقاب الكهرباءي للثلج ومقعد علي زلاجات.,صيادان يقومان بصيد الاسماك علي الجليد، واحدهما يحفر ثقبا فيه.,رجلين يقومان بالصيد في بحيره متجمده.
1024138940_f1fefbdce1.jpg,كلاب بيضاء تلعب علي الشاطء,يركض كلبان بنيان علي شاطء رملي، ويبدو انهما يستمتعان باللعب والركض.,كلبان يلهوان علي شاطء البحر.,كلبان يركضان علي الشاطء.
102455176_5f8ead62d5.jpg,رجل يتسلق الجليد,متسلق جليد يرتدي خوذه حمراء وستره زرقاء، وهو يتسلق شلالا جليديا باستخدام فءوس الجليد والاحذيه ذات المسامير.,متسلق جليد يصعد جدارا جليديا باستخدام فءوس الجليد والكلابات.,رجل يتسلق الجليد باستخدام معدات متخصصه مثل الهراوي والخوذه الواقيه.
1026685415_0431cbf574.jpg,كلب اسود يحمل شيءا علي العشب,يركض كلب لابرادور اسود مبلل بفرح وهو يحمل لعبه طاءره خضراء في فمه، في حقل اخضر مليء بالعشب الطويل.,كلب اسود مبلل وهو يحمل اداه تدريب خضراء في فمه ويمشي عبر العشب الاخضر.,كلب اسود اللون يركض في حشيش اخضر وهو يحمل في فمه كره مطاطيه خضراء.
1028205764_7e8df9a2ea.jpg,رجل ورضيع في قوارب الكاياك الصفراء علي الماء,رجلا وطفلا صغيرا يجلسان في قارب كاياك اصفر اللون في الماء، والرجل يقوم بالتجديف.,رجل وطفل يجدفان بقارب كاياك اصفر علي الماء.,رجل وطفل في قارب كاياك اصفر يطفو علي الماء.
1030985833_b0902ea560.jpg,كلب اسود وكلب بني يقفزان للقبض علي لعبه حمراء,تجلس كلبان، احدهما بني والاخر اسود، في فناء، حيث يحمل الكلب الاسود لعبه في فمه بينما ينظر اليه الكلب البني.,كلبان يلعبان بحماس في الخارج، احدهما يمسك لعبه بفمه ويكشر عن انيابه.,تعرض الصوره كلبين، احدهما اسود والاخر بني، وهما يلعبان في الخارج.
103106960_e8a41d64f8.jpg,طفل يرتدي ستره حمراء يلعب هوكي,طفلا يرتدي ستره حمراء وهو يركع بجانب مرمي هوكي العشب، ويبدو انه يستعد للعب او يقوم بتجهيز المعدات.,فتي مبتسم يجلس القرفصاء مع عصا الهوكي امام مرمي.,صبي يمسك مضرب بيسبول امام مرمي كره قدم.
103195344_5d2dc613a3.jpg,رجل يجلس ويقرا صحيفه,تمثالا تجريديا كبيرا مصنوعا من المعدن امام مبني زجاجي حديث، مع وجود شخص يجلس علي مقعد بالقرب من التمثال.,تمثال تجريدي ضخم في ساحه حضريه امام مبان زجاجيه حديثه، مع رجل جالس يقرا.,الصوره لرجل يجلس امام منحوته معدنيه كبيره امام مبني زجاجي.
103205630_682ca7285b.jpg,يتم وضع خيمه علي الجليد,اليك وصف للصوره تظهر الصوره شخصين يقفان بجوار كوخ صيد جليدي ازرق علي سطح جليدي مغطي بالثلوج.,اشخاص يمارسون صيد الاسماك علي الجليد حول خيمه زرقاء.,الصوره لشخص يصطاد الاسماك من خلال الجليد.
1032122270_ea6f0beedb.jpg,امراه تجثم بالقرب من ثلاثه كلاب في حقل,تظهر الصوره ثلاثه كلاب من فصيله السلوقي في حقل اخضر واسع، بينما تجلس امراه علي التل وتراقبهم.,شخص وثلاثه كلاب في مرج اخضر واسع تحت سماء زرقاء مليءه بالغيوم.,صوره لامراه جالسه علي العشب الاخضر مع ثلاثه كلاب.
1032460886_4a598ed535.jpg,رجل يقف امام ناطحه سحاب,رجلا يقف وينظر الي الاعلي نحو مبني روكفلر سنتر الشاهق في مدينه نيويورك، محاطا بمباني اخري.,رجل ينظر الي ناطحه سحاب شاهقه تتوسط مبان اخري.,صوره لشاب امام ناطحه سحاب.
1034276567_49bb87c51c.jpg,طفل يقضم سلعه مخبوزه,طفلا ياكل فطيره او معجنات بحماس شديد، ويبدو من تعابير وجهه انه يستمتع بها كثيرا.,صبي ياكل فطيره بنهم.,ولد ياكل فطيره في الخارج.
104136873_5b5d41be75.jpg,ثلاثه اشخاص علي قمه تطل علي واد اخضر,ثلاثه اشخاص يستمتعون بمنظر طبيعي خلاب من قمه جبل، مع معدات تسلق متناثره حولهم.,متسلقون يستريحون علي قمه جبل مطله علي وديان خضراء خلابه.,ثلاثه اشخاص علي قمه جبل، وهم ينظرون الي المناظر الطبيعيه الخلابه في الافق.
1042020065_fb3d3ba5ba.jpg,صبي في قميص اخضر يشاهد القوارب,طفلا يرتدي قميص فريق سياتل كراكنز وهو يشاهد مجموعه من القوارب الصغيره والكياك في بحيره او خليج مضاءه في الليل.,طفل يشاهد تجمعا كبيرا من القوارب في الماء ليلا.,طفل ينظر الي قوارب في المرسي.
1042590306_95dea0916c.jpg,رجل وامراه يمثلان للكاميرا بينما ينظر رجل اخر,تظهر الصوره ثلاثه اشخاص - رجل وامراه في المقدمه ورجل اخر في الخلفيه - يبتسمون للكاميرا، بينما يمسك الرجل بالوسط ببيض.,زوجين يتبادلان لحظه حانيه ومرحه، بينما ينظر رجل اخر اليهما من الخلف بجديه.,صوره لشاب وفتاه يتناولان طعاما ما امام شاب اخر.
1045521051_108ebc19be.jpg,شخص يجلس علي الارض وياكل امام التلفزيون,تظهر الصوره شخصا مستلقيا علي الارض يشاهد التلفزيون وياكل وجبه في علبه من الالومنيوم، مما يوحي بموقف حياه صعب او غير تقليدي.,شخص يجلس في الظلام يشاهد تلفزيونا ازرق مضاء، وبجانبه وجبه طعام.,رجل ياكل من طبق في الشارع امام شاشه تلفاز.
1048710776_bb5b0a5c7c.jpg,بضعه اشخاص يجلسون علي حافه تطل علي الشاطء,تجلس مجموعه من الاشخاص علي حافه رصيف يطل علي شاطء واسع مليء بالناس تحت سماء زرقاء مليءه بالغيوم.,خمس فتيات يجلسن علي حاءط ويطللن علي الشاطء والبحر المزدحم بالناس.,خمسه اشخاص يجلسون علي حاجز حجري وهم ينظرون الي شاطء بحر يمتليء بالساءحين.
1052358063_eae6744153.jpg,يقوم الطفل باداء خدعه لوح التزلج بينما يميل طفل اخر يحمل لوح تزلج علي الحاءط,طفلان يمارسان التزلج علي السكيت بورد بجانب مبني، احدهما يقفز بينما الاخر ينتظر دوره.,صبيان يتزلجان علي لوح التزلج في زاويه شارع، احدهما يءدي حركه قفز بينما يراقبه الاخر.,ولد يركب لوح تزلج واخر يمسك بلوح تزلج علي درجات سلم.
105342180_4d4a40b47f.jpg,فتاه تتجول في نهر كبير,تظهر الصوره شخصا يمارس التجديف بالكاياك في نهر اخضر اللون محاطا باشجار كثيفه تحت سماء زرقاء مليءه بالغيوم.,شخصا يجدف بقاربه في نهر محاط بالطبيعه الخضراء تحت سماء زرقاء.,صوره لامراه شابه في كياك علي نهر في الغابه.
1053804096_ad278b25f1.jpg,فتاه تلعب في الامواج,فتاه صغيره تركض في الماء علي الشاطء، مع ضفاءر شعرها مرفوعه بشكل مرح.,فتاه صغيره سعيده تلهو برش الماء في مياه البحر.,صوره لطفله تلعب في البحر.
1055623002_8195a43714.jpg,مجموعه من الاطفال يتعاركون بالوسادات,تظهر الصوره ثلاثه اطفال منخرطين في معركه بالوساءد علي سرير في غرفه فندق، مع تعابير مرحه علي وجوههم.,اطفال يخوضون معركه وساءد حماسيه.,يصور المشهد اطفالا يلعبون بوساده في غرفه نوم، حيث يتشابك اثنان منها في معركه وساده بينما يمسك طفل اخر بوساده ويبتسم، وطفله رابعه جالسه علي السرير.
1055753357_4fa3d8d693.jpg,اثنين من عمال البناء ياخذون استراحه,عاملان يرتديان خوذات الامان جالسين علي هيكل معدني مرتفع امام واجهه زجاجيه لمبني قيد الانشاء.,عاملان يرتديان خوذات واقيه يجلسان علي عارضه معدنيه امام مبني زجاجي قيد الانشاء.,صوره لعاملين علي سقاله امام مبني قيد الانشاء.
1056249424_ef2a2e041c.jpg,يلعب الاطفال في الماء,طفلان يركضان ويستمتعان باللعب في الماء علي طريق ريفي مشمس، مع وجود كره برتقاليه في الخلفيه وشجره ترش الماء.,اطفال يلعبون بالماء تحت اشعه الشمس في يوم صيفي مشمس.,صوره لطفلين يلعبان في ساحه مبلله بالماء في يوم مشمس.
1056338697_4f7d7ce270.jpg,امراه شقراء في قميص ازرق تنتظر رحله,تظهر الصوره شخصا من الخلف وهو يرفع هاتفه لالتقاط صوره لسياره علي طريق مزدحم.,امراه ذات شعر اشقر من الخلف، ترتدي الازرق وترفع ذراعها، في شارع مشمس به خط ازرق.,صوره لامراه في سياره ترفع يدها اليمني، وفي خلفيه الصوره سيارتان تتحركان في الطريق.
1056359656_662cee0814.jpg,فتاه صغيره تنظر في كتيب عن ركوب القطار,"طفله صغيره جالسه علي مقعد وتبدو منشغله بقراءه كتيب عن ""رحلات القطارات والاحداث الخاصه"".","طفله تجلس وتقرا نشره ""رحلات القطار"" داخل القطار.",طفل يجلس علي كرسي ويقرا كتيبا عن رحلات القطار.
1056873310_49c665eb22.jpg,كلب اسود يركض خلف كلب اسود علي شاطء صخري,تظهر الصوره كلبان يركضان علي شاطء مرصوف بالحصي، مع وجود صخور مغطاه بالطحالب وخلفيه من المياه.,كلبان يلعبان علي شاطء صخري.,كلبان يركضان علي الشاطء الصخري.
1057089366_ca83da0877.jpg,صبي ينزل عن لوح الغطس العالي,طفلا يقفز من لوح غوص فوق مسبح في يوم مشمس، مع وجود اشخاص اخرين في المسبح وخلفيه من الاشجار والنباتات الاستواءيه.,طفل يقفز في الهواء من لوح الغطس بمسبح خارجي.,الطفل يقفز في حمام سباحه.
1057210460_09c6f4c6c1.jpg,رجل يقف بجانب نافذه يخلع قميصه,تظهر الصوره شخصا يبدو عليه الارهاق او الحزن، وهو يستند الي جدار بجوار باب المصعد في مبني.,شخص متعب يستند الي جدار بجانب مدخل مصعد مضاء في مشهد ليلي.,صوره لشاب يمارس رياضه التمدد علي حاءط امام مصعد.
1057251835_6ded4ada9c.jpg,كلب خفيف اللون يركض علي الشاطء,كلب ذهبي اللون يركض بسعاده علي شاطء رملي، مع وجود امواج وصخور في الخلفيه.,كلب ينطلق بفرح علي شاطء البحر.,كلب يجري علي الشاطء.
106514190_bae200f463.jpg,مسافر يقف علي قمه تطل علي الجبال ادناه,شخصا يقف علي قمه جبل مغطي بالثلوج، مع خلفيه من الجبال المغطاه بالثلوج والسماء الزرقاء الصافيه.,متزلج يقف علي قمه جبل ثلجي يطل علي مشهد شتوي واسع وسماء زرقاء صافيه.,جبل مغطي بالثلج، و رجل يصعد الجبل.
1067180831_a59dc64344.jpg,كلب ابيض واسود يقفز وراء لعبه صفراء,كلب من سلاله يقفز في الهواء بفرح وهو يحمل قرصا اصفر وازرق في فمه، علي خلفيه من العشب الاخضر.,كلب اسود وابيض يقفز في الهواء لالتقاط طبق طاءر فوق العشب الاخضر.,كلب يمسك طاره العب في فمه.
1067675215_7336a694d6.jpg,رجل يرتدي سراويل زرقاء اللون في الشارع,اليك وصف موجز للصوره: يستلقي رجل عار الصدر علي الارض في موقف سيارات مزدحم ، بينما سياراته مفتوحه من حوله.,رجل مستلق علي بساط في موقف للسيارات بين عده مركبات.,رجل يرقد علي ظهره في منطقه مظلله بين سيارتين في ساحه انتظار سيارات.
1067790824_f3cc97239b.jpg,كلب ابيض واسود وكلب بني في الرمل,تظهر الصوره كلبين يلعبان في الرمال، احدهما اسود وابيض والاخر بني، ويبدو انهما يستمتعان بوقت ممتع.,كلبان يلعبان بحيويه علي الرمال، واحدهما يقذف الرمل بقدمه.,كلب اسود وابيض يركض خلف كلب بني علي الشاطء.
1072153132_53d2bb1b60.jpg,كلب ابيض واسود يمسك لعبه في الجو,كلب بوردر كولي يقفز في الهواء محاولا الامساك بكره خضراء في حقل اخضر.,كلب يقفز في حقل عشبي ليمسك بكره.,كلب يقفز ليلتقط كره في الهواء.
107318069_e9f2ef32de.jpg,حشد يشاهد بالونات الهواء في الليل,حشدا من الناس يشاهدون بالونات هواءيه ملونه تضيء في سماء الغسق.,مناطيد هواء ساخن مضاءه تتوهج ليلا، بينما يشاهدها حشد من الناس تحت سماء ملبده بالغيوم.,المنظر يصور بالونات هواءيه ملونه وجموعه من الناس في ساحه مفتوحه تحت سماء مظلمه.
1075716537_62105738b4.jpg,طفل مع خوذه علي راسه يركب دراجه,طفلا يركب دراجه صغيره علي طريق ترابي، ويرتدي خوذه ورقم السباق .,طفل يرتدي خوذه بيضاء يركب دراجه هواءيه برقم علي مسار ترابي.,صبي صغير يركب دراجته علي طريق رملي.
107582366_d86f2d3347.jpg,تجمع مجموعه من الناس في الظلام,تظهر الصوره مجموعه من الاشخاص يجلسون حول طاوله في مكان مظلم مضاء بمصباح واحد وشموع، ويبدو انهم يستمتعون بوجبه او تجمع اجتماعي.,مجموعه من الاشخاص مجتمعين حول طاوله في الظلام، يضيءهم مصباح واحد معلق تحت سقف خشبي ريفي.,صوره تظهر مجموعه من الاشخاص يجلسون علي طاوله في الخارج في الظلام، بينما يسلط ضوء ساطع من الاعلي علي الجزء المركزي من التجمع.
1075867198_27ca2e7efe.jpg,رجل في قميص بني وشورت غامق يلعب علي الشاطء مع اثنين من الكلاب السوداء,يلعب رجل مع كلبين علي الشاطء، حيث يرمي لعبه بينما يقفز احد الكلاب في الهواء بحماس.,رجل يلعب مع كلبيه علي الشاطء مستخدما قاذف الكره.,صوره لشاب يلعب مع كلبين علي الشاطء.
1075881101_d55c46bece.jpg,صبي ينظف الفقاعات من وجهه,لاعب كره سله مغطي بالرغوه، بينما يقوم شخص بمسح وجهه بمنشفه بيضاء.,يد تمسح الرغوه من وجه شخص مغطي بها بالكامل.,صوره لطفل يغسل وجهه بقطعه قماش من رجل اخر.
1077931201_1e0bb83105.jpg,رجل في الماء يرمي صبيا صغيرا في الهواء وينتظر ان ينزل حتي يتمكن من الامساك به,المشهد ابا يرفع ابنه في الهواء، ويبدو انهما يستمتعان باللعب في الماء تحت سماء زرقاء مليءه بالغيوم.,رجل يرمي طفلا في الهواء ببهجه، وسط تناثر قطرات الماء والسماء الزرقاء الصافيه.,رجل يرمي طفلا في الهواء في بحر او مسبح.
1079274291_9aaf896cc1.jpg,صبي صغير يخرج لسانه من اجل الكاميرا,تظهر الصوره طفلين صغيرين يبتسمان ويصنعان وجوها مضحكه، ويبدو انهما يلعبان داخل خيمه او مكان ضيق.,صبيان صغيران يحدقان في الكاميرا، احدهما يخرج لسانه بمرح والاخر يبتسم بسعاده.,صوره لطفلين داخل خيمه.
10815824_2997e03d76.jpg,حصان اشقر وفتاه شقراء في قميص اسود يحدقان في نار في برميل,فتاه صغيره تقف بجانب حصان بني اللون، بينما يحترق برميل في الخلفيه، ويراقبهم رجل في المسافه.,فتاه تقف مع حصانها بجانب نار مشتعله في حقل اخضر، بينما يظهر رجل وحصان اخر في الخلفيه.,الفتاه تحمل حبل الحصان في ساحه خضراء بينما يحترق حريق في الطرف الاخر من الصوره.
1082252566_8c79beef93.jpg,كلب نحيف كبير يقف بالقرب من كلبين اصغر حجما,اربعه كلاب من سلالات مختلفه تتفاعل مع بعضها البعض في بيءه خارجيه.,ثلاثه كلاب تتواجد في فناء خارجي.,الصوره تحتوي علي ثلاثه كلاب. كلب كبير بني، واخر صغير، وكلب ثالث كبير اسود وابيض.
1084040636_97d9633581.jpg,كلب ابيض كبير ملقي علي الارض,كلب ابيض اللون مستلق علي الارض ويبدو هادءا ومسترخيا.,كلب ابيض يرقد بهدوء وراسه مستريح علي الارض.,كلب ابيض اللون مستلق علي الارض.
1084104085_3b06223afe.jpg,امراه في شورت ازرق وقميص ابيض تتسلق الصخور في مكان مغلق,تتسلق فتاه صخره اصطناعيه وهي ترتدي حزام امان وتستخدم يديها وقدميها للوصول الي القمه.,طفله تتسلق جدار التسلق وهي ترتدي حزام امان.,صوره لطفله تتسلق حاءطا صخريا.
1087168168_70280d024a.jpg,صبي يقفز في الماء,صبيا يقفز في الهواء من خلال قوس ماءي ملون، بينما تقف فتاه اخري في الخلفيه.,ولد يقفز من لعبه ماءيه هواءيه ملونه في يوم مشمس.,ولد يلعب في زلاجه ماءيه.
1087539207_9f77ab3aaf.jpg,عاءله تلعب علي جرار في يوم جميل,تظهر الصوره اربعه اطفال يستمتعون باللعب علي مركبه رباعيه الدفع في حقل عشبي مع جبال في الخلفيه.,اطفال يمرحون بحماس علي دراجه رباعيه في حقل مفتوح.,صوره لعدد من الاطفال وهم يلعبون فوق دراجه رباعيه الدفع في سهل امامي جبلي.
1088767354_2acee738cf.jpg,امراه في زي احمر,تظهر الصوره مشهدا في الشارع يضم امراه ترتدي زيا مبهرجا، وشابا يشرب من زجاجه، وفتاه ترتدي ملابس ذات طابع قوطي، بالاضافه الي اشخاص اخرين يسيرون في الخلفيه.,تقف امراه ترتدي زيا كرنفاليا احمر علي الرصيف بجانب شابين يرتديان ملابس غير رسميه، احدهما يشرب من زجاجه.,صوره لامراه ترتدي ملابس داخليه حمراء وزينه علي الراس، تتحدث مع شابين يرتديان ملابس غير رسميه، في احد الشوارع.
108898978_7713be88fc.jpg,رجلان يتزلجان في الثلج في منطقه حرجيه,ثلاثه اشخاص يرتدون ملابس دافءه ويستخدمون عصي التزلج اثناء المشي في الغابه المغطاه بالثلوج.,ثلاثه متزلجين يتنقلون صعودا في غابه ثلجيه تتخللها اشعه الشمس.,يرتدي الرجال سترات صفراء واقيه من الرياح، وهم يتسللون فوق منطقه ثلجيه مرتفعه باستخدام معدات التزلج علي الثلج.
108899015_bf36131a57.jpg,متسلق وحيد يشق طريقه فوق الجبل,اشخاصا يتسلقون تلا مغطي بالثلوج تحت سماء زرقاء صافيه.,متزلجون يتسلقون منحدرا جبليا واسعا مغطي بالثلوج تحت سماء زرقاء صافيه.,ثلاثه اشخاص يتسلقون تله ثلجيه تحت سماء صافيه.
1089181217_ee1167f7af.jpg,كلب بني يهرول في طريق ممهد,كلب داشهوند ذو فراء احمر يركض بسعاده علي طريق ترابي، مع لسان يتدلي وفروه الطويل يرفرف في الهواء.,كلب بني طويل الشعر يقفز بفرح علي ممر خارجي.,الكلب يركض في طريق.
1089755335_0bfbfd30e6.jpg,الام والطفل يصطادان علي الممر في الليل,تظهر الصوره مجموعه من الاشخاص، بمن فيهم اطفال وامراه، يقفون علي رصيف خشبي مضاء في المساء، مع منظر للمدينه والبحر في الخلفيه.,عاءله تستمتع بالصيد علي رصيف بحري مضاء ليلا.,صوره لامراه وثلاثه اطفال علي رصيف، يصطادون الاسماك.
109202756_b97fcdc62c.jpg,امراه ترتدي ستره زرقاء وجينز ازرق تركب حصانا بنيا بالقرب من بحيره متجمده وجبل مغطي بالثلج,تجلس امراه علي ظهر حصان بني اللون في مشهد شتوي جميل، مع وجود بحيره متجمده وجبال مغطاه بالاشجار في الخلفيه.,امراه تركب حصانا علي حافه بحيره متجمده مع جبال ثلجيه في الخلفيه.,امراه تركب حصانا بنيا في بيءه شتويه.
109202801_c6381eef15.jpg,اثنين من الخيول تسحب عربه عبر الثلج,حصانين بنيين مربوطين بعربه خشبيه في الثلج، مع وجود امراه تجلس في العربه.,امراه تقود عربه يجرها حصانان في الثلج.,خلف عربه خشبيه يجرها حصانان بنيان يمتطيها رجل.
109260216_85b0be5378.jpg,شخص يتسلق صخره باستخدام حبل,تظهر الصوره شخصا يمارس رياضه النزول بالحبال في ممر ضيق بين صخور عاليه.,فتاه تهبط بالحبال في ممر صخري ضيق.,صوره لشاب يمارس رياضه تسلق الجبال في واد ضيق.
109260218_fca831f933.jpg,يقف الناس داخل قبه صخريه,مجموعه من الاشخاص يرتدون خوذات صفراء داخل كهف مظلم، مع وجود شعاع ضوء ساطع ينزل من فتحه في السقف.,اشخاص داخل كهف مظلم يضيءه شعاع نور طبيعي قوي من الاعلي.,ثلاثه اشخاص يرتدون ملابس رياضيه قصيره وخوذات حمايه يجلسون و يقفون علي صخره ضخمه في كهف.
1093716555_801aacef79.jpg,مجموعه من الرحاله تكمن علي الارض الجافه,مجموعه من المتسلقين يستريحون علي ارض صخريه قاحله امام جبل ضخم مغطي بالثلوج تحت سماء زرقاء صافيه.,رحاله يستريحون علي ارض صخريه امام جبال ثلجيه.,يصور هذا المقطع مجموعه من الاشخاص وهم مستلقون علي الارض في بيءه جبليه، ويبدو انهم يتوقفون لفترات راحه خلال رحلتهم. يمتزج المشهد بجمال الطبيعه من الجبال والسماء الصافيه.
1093737381_b313cd49ff.jpg,امراه ترتدي ثوبا ازرق اللون تقف مع صوره طباشيريه لطفلين يلعبان في نهر,تظهر في الصوره امراه تقف بجانب رسم طباشيري علي الرصيف، امام مبني احمر، بينما يوجد رجلان يقفان في الخلفيه.,امراه ترتدي فستانا ازرق تقف بجوار لوحه طباشيريه ملونه علي الارض، امام مبني احمر.,المراه تقف بفخر الي جانب رسمها علي الرصيف، وهي تظهر ابتسامه خفيفه وهي تنظر الي عملها الفني.
1094462889_f9966dafa6.jpg,كلب بني يلعب في كومه من الثلج العميقه,كلب ذهبي اللون يبتسم ويقف في الثلج امام فناء خلفي به اثاث.,كلب جولدن ريتريفر يقف في فناء منزلي مغطي بالثلوج.,كلب من فصيله المسترد الذهبي يمشي فوق الثلج.
1095476286_87d4f8664e.jpg,صبي يقفز في نافوره,طفلا صغيرا يركض ويضحك وهو يمر عبر نافوره مياه في ساحه عامه.,طفل يستمتع باللعب بين نوافير الماء.,طفل يلعب في نافوره مياه.
1095580424_76f0aa8a3e.jpg,كلب يخرج من نفق,كلبا من سلاله كورجي ويلزي يخرج من نفق في مسابقه رشاقه الكلاب.,كلب كورجي مبتهج يركض خارجا من نفق في ملعب عشبي.,كلب يخرج من نفق.
1095590286_c654f7e5a9.jpg,كلب يطارد كلب اخر,تظهر الصوره كلبين سعيدين يركضان بحماس في الهواء الطلق، احدهما ذهبي اللون والاخر اسود وابيض.,كلبان يركضان ويلعبان بسعاده في الهواء الطلق.,كلبان يركضان في ساحه.
1096097967_ac305887b4.jpg,كلب ابيض واسود يشرب الماء,كلب ابيض واسود يستمتع باللعب في حمام سباحه للاطفال، مع تناثر الماء حوله.,كلب يهز راسه ويرش الماء في بركه زرقاء.,كلب يعض الماء الذي يخرج من خرطوم.
1096165011_cc5eb16aa6.jpg,صبي يبتسم تحت الماء,طفلا صغيرا يبتسم وهو يسبح تحت الماء.,صوره لطفل صغير يبتسم بسعاده وهو يسبح تحت الماء.,طفل يطفو تحت الماء في حمام سباحه.
1096395242_fc69f0ae5a.jpg,صبي مع بندقيه لعبه,طفلا صغيرا يجلس علي الارض ويلعب بلعبه دواره، ويبدو سعيدا ومتحمسا.,طفل يجلس القرفصاء علي ارضيه خشبيه ممسكا بلعبه دواره مضيءه.,ولد يمسك مراه داءريه امام وجهه في غرفه جلوس.
109671650_f7bbc297fa.jpg,صبي يرتدي الازرق والاصفر يسير علي حافه منحدر,طفلا يقف علي حافه صخريه عاليه تحت سماء زرقاء صافيه.,يقف ولد صغير علي حافه جرف صخري تحت سماء زرقاء صافيه.,طفل يقف علي حافه صخره عاليه تحت سماء صافيه.
109738763_90541ef30d.jpg,شخص علي عربه الثلج في منتصف القفزه,تظهر الصوره شخصا يركب دراجه ناريه علي الثلج وهو يقفز في الهواء وسط غابه من الاشجار الصنوبريه.,متسابقا علي عربه جليد يقفز في الهواء بين الاشجار الصنوبريه المغطاه بالثلوج.,صوره لشاب يركب دراجه ثلجيه وهو يقفز في الجو.
109738916_236dc456ac.jpg,الناس يركبون علي عربات الثلوج,شخصين يرتديان خوذات علي متن زلاجات ثلجيه صفراء وبرتقاليه في مشهد ثلجي، مع وجود شخص اخر يقف بينهما.,شخصين يرتديان خوذات علي عربات ثلجيه صفراء في غابه مغطاه بالثلوج.,ركب متسابقو الدراجات الثلجيه في مجموعه من ثلاثه اشخاص علي دراجاتهم الثلجيه الصفراء والبرتقاليه في غابه ثلجيه.
109823394_83fcb735e1.jpg,ثلاثه اشخاص يقودون مركبات رباعيه الدفع,تظهر الصوره ثلاثه اشخاص يرتدون خوذات يجلسون علي مركبه رباعيه الدفع في حقل ذره.,ثلاثه اشخاص يركبون دراجات رباعيه ودراجات ناريه في حقل محصود.,صوره لشابين يركبان دراجه ناريه رباعيه في حقل.
109823395_6fb423a90f.jpg,مركبه باربع دواليب تقفز في حقل فارغ,شخص يقود دراجه رباعيه العجلات () وهي تقفز في الهواء فوق حقل.,راكب علي دراجه رباعيه برتقاليه يقفز في الهواء فوق حقل جاف.,رجل يركب دراجه ناريه رباعيه في الجو.
109823397_e35154645f.jpg,رجل يقفز في الهواء اثناء ركوب مركبه,شخص يقود دراجه رباعيه العجلات في الهواء فوق مبني صغير في حقل ذره.,تظهر دراجه رباعيه وراكبها يقفزان عاليا فوق حقل جاف.,رجل يركب دراجه ناريه رباعيه العجلات في الجو فوق حقل ذي ارض جرداء.
1100214449_d10861e633.jpg,صبي في قميص مقلم يقفز امام نافوره ماء,طفلا يقفز فوق نافوره مياه، ويبدو سعيدا ومتحمسا.,صبي يقفز قرب نافوره ماء.,ولد يلعب قريبا من نافوره في الخارج.
1105959054_9c3a738096.jpg,طفل يرسم صوره,طفله صغيره ترسم لوحه ملونه علي ورقه معلقه علي جدار من الطوب، بينما تحمل لوحه الوان في يدها الاخري.,فتاه صغيره ترسم علي ورقه بيضاء كبيره باستخدام فرشاه ولوحه الوان.,طفله ترسم لوحه فنيه علي ورقه معلقه علي الحاءط.
110595925_f3395c8bd6.jpg,يقود راكب الدراجه دراجه علي طريق,دراج يركب علي طريق ملتوي في منطقه ريفيه خضراء، مع وجود تلال وابقار في الخلفيه.,دراج يسير علي طريق متعرج محاط بتلال خضراء تحت سماء زرقاء صافيه.,راكب دراجه يركب علي طريق منحني.
1107246521_d16a476380.jpg,كلب اسود يقفز للقبض علي لعبه حبل,كلب اسود اللون وهو يقفز في الهواء باتجاه لعبه علي العشب الاخضر في حديقه.,كلب اسود يقفز برشاقه نحو لعبه الحبل في الحديقه.,كلب اسود يركض في ساحه خضراء.
1107471216_4336c9b328.jpg,فتاه صغيره تمسك بكاميرا سينماءيه,طفله صغيره تحمل كاميرا فيديو قديمه وتنظر من خلالها.,طفله صغيره توجه سلاح لعبه نحو الكاميرا بنظره مركزه وابتسامه خفيفه.,الصوره لطفله تمسك بكاميرا.
1110208841_5bb6806afe.jpg,كلب ابيض وبني يمسك بالفريسبي في فمه امام مجموعه من الناس,تظهر الصوره كلبا من سلاله بوردر كولي وهو يقفز في الهواء لالتقاط قرص طاءر، مع وجود حشد من الناس يشاهدون الحدث في حديقه.,كلب بني وابيض يقفز في الهواء ملتقطا طبق فريسبي بفمه، بينما يشاهده حشد من الناس في حديقه خضراء.,كلب يمسك قرص طاءرا في منتصف الهواء.
1112212364_0c48235fc2.jpg,طفل يرص الصخور علي الشاطء,طفلا صغيرا جالسا علي شاطء مرصوف بالحصي، وهو يلعب بحجر في يده وينظر اليه بتركيز.,طفل صغير يلهو بالصخور علي شاطء البحر.,طفل رضيع يلعب بالحصي علي الشاطء.
111497985_38e9f88856.jpg,شاب يتسلق تله صخريه,تظهر الصوره فتاه تتسلق جرفا صخريا باستخدام حبل معدني، مع منظر طبيعي خلاب لوادي اخضر وبلده في الخلفيه.,فتاه تتسلق مسارا صخريا جبليا، مع اطلاله واسعه علي واد اخضر وقريه ادناه.,امراه تتسلق جبلا وتواجه مشقه في احدي مراحل تسلقها.
111537217_082a4ba060.jpg,رجل يتسلق جدار صخري,متسلق صخور يرتدي حزاما و يحاول الصعود علي جدار صخري، مع استخدام حبل و معدات تثبيت.,شابا يتسلق جرفا صخريا باستخدام حبال التسلق.,رجل يتسلق الجبل.
111537222_07e56d5a30.jpg,رجل يصعد جدار صخري,تظهر الصوره متسلقه صخور ترتدي خوذه ومعدات السلامه، وهي تتشبث بجدار صخري اثناء التسلق.,متسلق صخور شاب يرتدي خوذه يتسلق جرفا صخريا.,رجل يصعد منحدرا صخريا وهو يرتدي خوذه و حبال امان.
1115565519_d976d4b1f1.jpg,طفل يلعب مع نافوره علي الشاطء,طفله صغيره تلعب وتلمس الماء المتدفق من تمثال في نافوره.,طفله صغيره ترش الماء علي تمثال ضفدع.,طفله تلمس تمثال نصفي اسود في نافوره.
1115679311_245eff2f4b.jpg,كلب اسود يقفز فوق حاءط علي الشاطء,كلب اسود يقفز من علي حاجز خشبي علي شاطء رملي مع خلفيه من البحر الازرق.,كلب يقفز فوق حاجز خشبي علي شاطء البحر.,صوره لطاءر اسود اللون يقف علي حاجز علي شاطء بحر.
111766423_4522d36e56.jpg,عصفور ابيض واسود ياكل من يد شخص ما,تظهر الصوره عصفورا صغيرا اسود الراس والابيض الوجنتين جالسا علي يد شخص يحمل بذورا.,طاءر صغير ياكل بذور دوار الشمس من كف يد.,عصفور يجلس علي يد شخص و ياكل من البذور.
1117972841_2b9261f95f.jpg,كلب بني يركض في الرمال,كلب بني اللون يركض بحماس في الرمال، مما يثير سحابه من الغبار حوله.,كلب بني اللون يركض بحيويه علي الرمال، مثيرا الغبار من حوله.,كلب بلون بني يلعب في الرمل.
1118557877_736f339752.jpg,صبي صغير يقف في الامواج,طفلا صغيرا يستمتع باللعب في الماء، حيث يبتسم ويبدو سعيدا بينما تتناثر قطرات الماء حوله.,طفل يضحك وهو يستمتع بالماء المتطاير.,صوره لطفل يضحك ويلعب في البحر.
1119015538_e8e796281e.jpg,كلب مرعب يركض عبر العشب,يركض كلب داشهوند صغير ذو لون كريمي في العشب الاخضر، مع اذنيه المرفوعتين بفعل الريح.,جرو صغير يركض بسعاده في العشب الاخضر.,كلب صغير يجري في الحديقه.
1119418776_58e4b93eac.jpg,كلب اسود وبني وابيض يركض في حقل,كلب اسود وابيض يركض بسعاده في حقل اخضر واسع تحت سماء زرقاء صافيه.,كلب مبتهج يركض في مرج اخضر تتخلله زهور بنفسجيه تحت سماء صافيه.,كلب يجري في سهل.
1119463452_69d4eecd08.jpg,فتاه تسبح في بركه,طفله تبتسم وهي تسبح في مسبح.,طفله سعيده تسبح في المسبح في يوم مشمس.,طفله تسبح في حمام سباحه.
1121416483_c7902d0d49.jpg,طفل يقف علي راسه,تظهر الصوره طفله صغيره وهي تقوم بحركه الوقوف علي الراس علي سرير مغطي بنقوش زرقاء، ويبدو انها تستمتع بوقتها.,فتاه صغيره تقف علي راسها علي السرير وهي تبتسم.,الطفله تقوم بعمليه قلب علي السرير.
112178718_87270d9b4d.jpg,رجل يقف في الرمال مع لوح التزلج خلفه,رجلا يقف حافي القدمين علي كثيب رملي، يحمل لوح تزلج علي كتفه، تحت سماء زرقاء مليءه بالغيوم.,رجل يحمل لوح تزلج ويقف علي كثبان رمليه تحت سماء صافيه.,رجل يرتدي نظارات واقي الشمس، وقميص ابيض، وشورت ازرق، يقف حافي القدمين علي رمال بيضاء، يحمل لوح تزلج اسود تحت ذراعه، وينظر الي شيء ما في الافق، بينما تظهر خلفه سماء زرقاء مليءه بالغيوم.
112243673_fd68255217.jpg,يتجول ثلاثه اشخاص علي دراجات,ثلاثه اشخاص يقودون مركبات علي الطرق الوعره في حقل ذره جاف، مع وجود غابه من الاشجار العاريه في الخلفيه.,ثلاثه اشخاص يقودون دراجات ناريه ورباعيه علي مسار ترابي في حقل ذره جاف.,ثلاثه اشخاص يركبون دراجات ناريه علي طريق ترابي في حقل.
1122944218_8eb3607403.jpg,يحمل الطفل علم اسود صغير عليه قمر ونجم,طفلا صغيرا يرتدي ملابس بيضاء ويحمل علم باكستان، بينما تمسك به يد شخص بالغ.,رضيع مبتسم يرتدي الابيض ويحمل علم باكستان.,طفل صغير يمسك علما لبلد ما.
1124448967_2221af8dc5.jpg,ينام رجل نصف عاري علي كرسيه في الهواء الطلق,يستلقي رجل مسن علي كرسي استرخاء بجوار نبات في وعاء، مع وجود دراجات هواءيه متوقفه في الخلفيه، في مشهد يبدو انه في مدينه قديمه.,رجل عاري الصدر يستريح علي كرسي بجانب نبات ودراجات هواءيه مركونه.,رجل عجوز مستلق علي كرسي قابل للطي في احد الشوارع.
1129704496_4a61441f2c.jpg,كلاب تسترد لعبه من الماء,تستمتع كلبان باللعب في الامواج علي الشاطء، وهما يمسكان بلعبه صفراء.,كلبان مرحان يشدان لعبه في امواج البحر.,كلبان يلعبان في البحر.
1130017585_1a219257ac.jpg,شباب يحتفلون في الشوارع,ثلاثه اشخاص يحتفلون، ويبدو انهم يشربون من زجاجه كحول في الشارع، مع وجود حشد من الناس في الخلفيه.,ثلاثه شبان في مشهد شارع حيوي، حيث تشرب فتاه من زجاجه بينما يتخذ الاخرون وضعيات تعبر عن المرح والحيويه.,ثلاث فتيات يرتدين ملابس مخيفه في احد الشوارع.
1130369873_d80a1aa59c.jpg,كلب ابيض يرش في الماء بينما يحمل كره في فمه,كلب من نوع فيزلا يسبح في الماء وهو يحمل كره تنس صفراء في فمه، ويبدو سعيدا ومتحمسا.,كلب بني يحمل كره تنس في فمه وهو يسبح في الماء المتناثر.,كلب يركض في الماء ويحمل كره في فمه.
1130401779_8c30182e3e.jpg,اثنين من الكلاب البنيه في الماء,كلبين من سلاله فيزلا يقفزان ويلعبان في الماء، مما يخلق الكثير من الرذاذ.,كلبان يقفزان ويلعبان بحماس في الماء، مثيرين رذاذا كثيفا.,كلاب تلعب في الماء.
1131155939_b4b457b05e.jpg,كلب اسود يركض في المحيط بجانب كومه من الاعشاب البحريه,تظهر الصوره كلبا اسود اللون يركض علي طول الشاطء، مع وجود مجموعه من الاعشاب البحريه في المقدمه وخلفيه من المحيط والناس علي رصيف.,كلب اسود يركض في مياه الشاطء الضحله، مع كومه من الاعشاب البحريه علي الرمال ورصيف طويل في الافق.,كلب يجري علي الشاطء مع امواج المحيط في الخلفيه.
1131340021_83f46b150a.jpg,صبي صغير يعمل بينما يرتدي الصنادل,طفلا صغيرا يركض علي سطح معدني مضلع، ويبدو سعيدا ومتحمسا.,طفل سعيد يركض علي ارضيه مخططه في يوم مشمس.,صبي صغير يركض علي ارضيه خشبيه ويبتسم.
1131800850_89c7ffd477.jpg,كلب ابيض وبني يقف خارجا في الثلوج,تظهر الصوره كلبا من سلاله الكولي، مغطي بالماء، ويبدو سعيدا اثناء اللعب او السباحه.,كلب مبلل يهز نفسه، متناثره حوله قطرات الماء.,كلب من سلاله استراليه يمشي في المطر.
1131804997_177c3c0640.jpg,رجلان يجلسان علي الارض ويبحثان في حقاءب الظهر,تظهر الصوره شخصين يبدوان بلا ماوي جالسين علي الارض بجانب محطه حافلات، مع حقاءب الظهر وبضعه اغراض اخري بجانبهما.,يجلس رجلان يرتديان قبعات وراساهما منحنيان، محاطين بحقاءبهما والظلال الطويله، علي ارضيه في مكان عام.,صوره تصور شخصين يجلسان علي الارض في محطه انتظار، وبدوا منهكين.
1131932671_c8d17751b3.jpg,صبي يقفز علي السرير,طفلا يقفز علي سرير، ويبدو انه يستمتع بوقت ممتع.,طفل يقفز في الهواء فوق سرير.,صوره لطفل اسمر يلعب قفزا علي السرير.
1132772170_600610c5df.jpg,طفل يقفز من الفراش الي السرير,طفل يقفز علي سرير بينما يقف رجل بالغ بجانبه ويبدو انه يراقبه.,طفل يقفز علي السرير في غرفه فندقيه بينما يقف رجل بالغ مكتوف الايدي يراقب.,يقف رجل اسمر اللون في غرفه فندق ويراقب طفلا يقفز علي السرير.
113678030_87a6a6e42e.jpg,يرتاح المتزلج علي الجبال,مجموعه من الاشخاص يمارسون التزلج علي الجليد او التزلج علي الثلج في منظر طبيعي ثلجي عند الغسق، مع وجود قمر في السماء.,متزلجون علي الثلج يستريحون علي منحدر جبلي واسع، والقمر يضيء سماء الشفق.,رجل يركب لوح تزلج جالسا علي تله ثلجيه بينما اخرون يمارسون رياضه التزلج في المساء.
1138784872_69ade3f2ab.jpg,فتاه تلبس الاخضر تسير في شارع المدينه,اليك وصف للصوره طفل صغير يمشي علي الرصيف بجوار متجر ، بينما يمشي شخص اخر في الخلفيه.,طفل صغير يرتدي ملابس خضراء يسير علي الرصيف ويحمل كيسا من الفشار.,طفله صغيره ترتدي ملابس خضراء تمشي علي الرصيف.
114051287_dd85625a04.jpg,صبي يرتدي زي كره القدم ويحمل حذاءه يخرج من السياره,شابا يرتدي زي كره القدم وهو يخلع حذاءه الرياضي داخل سياره.,صبي يرتدي زي كره قدم يخلع حذاءه المتسخ داخل سياره.,ولد يرتدي زي كره القدم ويخرج من سياره.
1141718391_24164bf1b1.jpg,رجل وامراه يعبران فوق جسر,رجل وامراه يعبران جسرا معلقا مصنوعا من الحبال والاخشاب، محاطين بالنباتات الخضراء الكثيفه، مع وجود علامه تحذيريه بالقرب من مدخل الجسر.,يسير رجل وامراه علي جسر خشبي بين نباتات خضراء.,امراه تحمل طفلا علي ظهرها وتمر من فوق جسر معلق في منطقه مظلله بالخضره.
1141739219_2c47195e4c.jpg,عاءله تجمعوا في سياره مطليه,مجموعه من الناس، بمن فيهم الاطفال، ينظرون الي شاحنه مزينه بالوان زاهيه ومزينه بالزهور، ربما كجزء من معرض او جذب سياحي، محاطه بالنباتات الخضراء.,يتسلق الاطفال شاحنه ملونه ومزينه بالزهور في بيءه تشبه الدفيءه.,صوره لعاءله امام شاحنه زرقاء مزخرفه.
1142283988_6b227c5231.jpg,امراه شابه تمتثل مع شخص يرتدي زيا ورديا,امراه تبتسم وهي تحتضن رجلا يرتدي زيا ورديا علي شكل خنزير في حفل او تجمع.,امراه شقراء تبتسم بجانب شخص يرتدي زي خنزير وردي في حفل.,صوره لامراه و رجل يتصافحا بحراره في خلفيه مزدحمه.
1142847777_2a0c1c2551.jpg,راكب دراجه في احد شوارع المدينه,تظهر الصوره امراه ترتدي خوذه وتدفع دراجه علي طريق، مع وجود سيارات متوقفه في الخلفيه.,امراه ترتدي خوذه زرقاء وتركب دراجه هواءيه بين السيارات.,امراه تركب دراجه في طريق مزدحم.
1143373711_2e90b7b799.jpg,متسابق الدراجات يعبر الشارع,دراج يرتدي خوذه وملابس رياضيه، يقود دراجته علي طريق بجانب حركه مرور السيارات.,دراج يقود دراجته علي طريق حضري بجانب سيارات متوقفه.,راكب دراجه يمر من طريق سريع.
1143882946_1898d2eeb9.jpg,سيده ترتدي خوذه تركب دراجه,تظهر الصوره امراه ترتدي خوذه وتقود دراجه في الشارع، مع وجود سيارات متوقفه بجانبها.,راكب دراجه يرتدي خوذه وحقيبه ظهر يسير علي الطريق.,امراه تركب دراجه ناريه وهي لابسه خوذه دراجه ناريه.
1144288288_e5c9558b6a.jpg,امراه مرتديه قميصا ابيض وشورتا ازرق ترتدي سماعات الراس,تظهر الصوره امراه تركض علي الرصيف في يوم مشمس، وهي ترتدي قبعه وسماعات راس، وتحمل شيءا في يدها.,امراه شابه تركض علي الرصيف مرتديه قبعه بيضاء وسماعات راس، وتحيط بها النباتات والزهور.,امراه ترتد سروال قصير وستره بيضاء وتضع سماعه في اذنها وهي تسير علي الرصيف.
1148238960_f8cacec2fc.jpg,يقف راكبو الدراجات عند تقاطع,اليك وصف للصوره تظهر الصوره ثلاثه اشخاص يركبون الدراجات علي طول الرصيف في مدينه ، مع وجود اشاره مرور حمراء معلقه عليها سلال زهور.,راكبي دراجات علي رصيف شارع مشمس حيث تلقي ظلالا طويله وتتدلي سلال الزهور.,ثلاثه اشخاص يركبون دراجاتهم علي الطريق في مدينه، بينما يتوقفون عند اشاره مرور، وهم ينتظرون حتي يتحول الضوء الي اللون الاخضر للاستمرار في طريقهم.
1149179852_acad4d7300.jpg,رجل بلا قميص يرافق حصانا يسحب عربه علي طول طريق مرصوف,رجلا يقود حصانا قويا يجر عربه ملونه علي طول طريق ريفي، مع نباتات خضراء مورقه في الخلفيه.,رجل يقود حصانا يجر عربه ملونه علي طول طريق.,رجل يقود حمارا يجر عربه علي الطريق.
114949897_490ca7eaec.jpg,صبي يضرب الكره الي الشباك,رجل يراقب لاعبي البيسبول اثناء التدريب في شبكه بيسبول في ملعب عشبي في يوم مشمس.,رجال يتدربون علي البيسبول في ملعب خارجي مع شبكه لضرب الكره.,صوره لشاب يمارس رياضه البيسبول مع مدربه.
1151466868_3bc4d9580b.jpg,فتاه صغيره تلعب في المياه الضحله,طفله صغيره سعيده وهي تلعب في امواج البحر، مع اشعه الشمس المتلالءه علي الماء.,فتاه صغيره تقفز بسعاده في امواج البحر المتلالءه.,الطفله تلعب في البحر.
1153704539_542f7aa3a5.jpg,فتاه تلعب البوق في فرقه موسيقيه,تعزف فتاه ترتدي قبعه ورديه اللون وزي ازرق اللون علي البوق اثناء سيرها علي العشب، ويبدو انها جزء من فرقه موسيقيه.,فتاه تعزف الترومبيت علي العشب كجزء من فرقه موسيقيه.,الفتاه تلعب في فرقه موسيقيه وهي تحمل بوقا، وترتدي قبعه ورديه وقميصا ازرق.
1155138244_859fd6e079.jpg,فتاه اسيويه في قبعه خضراء تقدم المشروبات علي صينيه,امراتين ترتديان قبعات خضراء ومازر ستارباكس وهما تقدمان مشروبات مثلجه في حدث عام مزدحم.,تظهر موظفه مبتسمه من ستاربكس تحمل صينيه من المشروبات في فعاليه خارجيه حاشده.,تحمل الموظفه في ستاربكس صينيه من المشروبات.
115684808_cb01227802.jpg,يقوم ثلاثه رجال باعداد زلاجه في سهل ثلجي,ثلاثه اشخاص في بيءه ثلجيه، يبدو انهم يستعدون لرحله او مهمه، مع وجود زلاجه محمله بالمعدات وحزم في المقدمه.,يجهز ثلاثه مغامرين معداتهم ومزلقه في بيءه ثلجيه جبليه.,ثلاثه اشخاص يرتدون ملابس الشتاء وهم في منطقه ثلجيه، احدهم ينظم حبال متعلقه بقريه سحب.
1160034462_16b38174fe.jpg,رجل مسن في قبعه من القش يجلس علي مقعد,يجلس رجل مسن يرتدي قبعه من القش علي مقعد خشبي في حديقه، ويبدو مسترخيا او غارقا في التفكير.,رجل مسن يجلس بهدوء علي مقعد في حديقه.,رجل مسن جالس علي مقعد.
1160441615_fe6b3c5277.jpg,تسير ثلاث فتيات تحت حاجز علي طريق تحيط به الاشجار,ثلاثه اشخاص يسيرون علي طول ممر مغطي بمدخل مقوس من النباتات الخضراء، محاطا باشجار كثيفه.,شابات يسرن في ممر مقوس محاط بالاشجار الخضراء الوارفه.,جسر خشبي في منطقه مظلله بالاشجار.
1163282319_b729b24c46.jpg,فتاه ترتدي قبعه حمراء وشورتا بالوان فاتحه ، تجلس علي صخره في الخارج,تجلس طفله صغيره متحمسه علي صخره في منظر طبيعي جبلي، وترتدي ملابس ملونه وتنظر الي الاعلي بفرح.,طفله سعيده تجلس علي صخره في الجبال، تضحك او تغني بحماس تحت سماء زرقاء صافيه.,صوره لطفله رضيعه جالسه علي صخره في حديقه وتلعب.
116409198_0fe0c94f3b.jpg,رجل ياكل قرب خيمه في الثلج,تظهر الصوره شخصا جالسا في الثلج بجانب خيمه صفراء في بيءه جبليه مشمسه، مع وجود شخص اخر في الخلفيه.,رجل جالس في الثلج بمنطقه جبليه شتويه مشمسه، بالقرب من خيمه صفراء.,رجل جالس علي كرسي في منطقه جبليه ثلجيه يرتدي ملابس الشتاء.
1164131282_b30926f332.jpg,اثنين من الكلاب يتصارعان مع بعضها البعض,تتظاهر كلبان صغيران باللعب والركض في حقل اخضر عشبي.,كلب يمتطي ظهر عجل وهما يلعبان بمرح في حقل اخضر.,كلبان يركضان في الحقول.
1164765687_7aca07bbe7.jpg,رجل في قميص احمر يعطي العاب لكلب صغير,يشارك رجل وكلبه في لعبه مرحه مع لعبه محشوه ممزقه علي بطانيه.,رجل وكلب يتشاركان اللعب بدمي محشوه علي بطانيه.,رجل و كلب صغير علي البطانيه مع بعض العظام.
1167662968_e466f1e80a.jpg,رجل مع حلقه الانف,شابا يرتدي قبعه حمراء ولديه ثقب في الانف، وهو ينظر بعيدا بتفكير.,شاب يرتدي قبعه حمراء وحلقه انف معدنيه، ينظر الي الاسفل.,صوره لرجل يظهر من الجانب، يرتدي قبعه حمراء ويحمل ثقبا في انفه.
1167669558_87a8a467d6.jpg,رجل يلبس الاصفر,تظهر الصوره رجلا مسنا يرتدي قميصا اصفر، ينظر الي الاعلي بابتسامه واسعه، مع خلفيه ضبابيه من الاضواء الملونه.,رجل بتعبير وجه مبالغ فيه مرتديا قميصا اصفر، مع خلفيه من اضواء المدينه الليليه المشوشه.,صوره لرجل مسن يبدو عليه علامات الشيخوخه يرتدي قميصا اصفر ويظهر بابتسامه علي وجهه.
1167908324_8caab45e15.jpg,رجل يقف بجانب مجموعه من العاب الفيديو في حانه,"رجل منهمكا في اللعب علي الات القمار في مكان ذي اضاءه خافته مزين بشعار نيون لعلامه بيره "" "".",رجل يلعب علي ماكينه قمار في حانه ذات اضاءه خافته ولافته نيون.,شاب يلعب في احدي الات القمار في زاويه غرفه مظلمه.
1169307342_e7a4685a5c.jpg,كلب كبير بني يلعب مع كلب رمادي اصغر علي العشب,تظهر الصوره كلبين يتشاجران او يلعبان بقوه في حقل عشبي اخضر.,كلبان يركضان ويلعبان بمرح علي العشب، والكلب الاصغر يعض وجه الكلب الاكبر.,كلبان يركضون في الحديقه.
1174525839_7c1e6cfa86.jpg,فتاه تقفز في الهواء بجانب المحيط,طفله تقفز بفرح علي شاطء البحر، مع امواج متلاطمه وسماء مليءه بالغيوم.,طفله تقفز بفرح وحريه علي شاطء البحر.,امراه تقفز علي شاطء البحر.
1174629344_a2e1a2bdbf.jpg,حشد من الناس يسيرون علي رصيف مزدحم,مجموعه من الناس يعبرون شارعا مزدحما في مدينه، ربما في هوليوود، مع وجود مبان عاليه واشعه الشمس الساطعه.,اشخاص يعبرون شارعا مزدحما ومشمسا في مدينه.,صوره لامراه تتوسط حشد من الناس يمشون في طريق مزدحم.
1176580356_9810d877bf.jpg,كلب كبير يمسك كره علي انفه,"كلب من فصيله ""ايرديل تيرير"" يقفز محاولا الامساك بكره برتقاليه في الهواء في حديقه خضراء.",كلب يقفز في الهواء باتجاه كره برتقاليه.,كلب اسود وبني يقفز في الهواء لمحاوله التقاط كره حمراء.
1177994172_10d143cb8d.jpg,صبيان يرشان بعضهما ببعض بالماء,طفلان يلعبان بالماء ويتبادلان رش الماء علي بعضهما البعض في الخارج.,ولدان مبللان يستمتعان برش الماء علي بعضهما البعض.,صبيين يلعبان بالماء في الظلام.
1178705300_c224d9a4f1.jpg,كلب بني يقفز في بركه خلف كره,كلب من فصيله جولدن ريتريفر وهو يقفز في مسبح ازرق فاتح، ويبدو انه يحمل لعبه في فمه.,كلب يقفز في حوض السباحه.,كلب يغوص في حمام سباحه في الهواء.
118187095_d422383c81.jpg,يدفع الاباء الاطفال الصغار في سيارات حمراء,اليك وصف للصوره تظهر الصوره طفلين صغيرين يجلسان في سيارات بلاستيكيه حمراء و زرقاء ، و يشاركان في موكب علي ما يبدو في الرابع من يوليو.,اطفال صغار يشاركون في موكب احتفالي، يقودون سيارات العاب حمراء ويحملون اعلاما امريكيه.,امراه تسير في موكب مع طفل رضيع في عربه اطفال علي شكل سياره، وهناك طفل اخر في عربه مماثله، وهناك اشخاص كثيرون حولهم.
118309463_a532b75be9.jpg,فريق البيسبول الاولاد يرتدون زيهم الرسمي,مجموعه من الاطفال يرتدون قبعات وفانيلات فريق ميامي مارلينز للبيسبول، مع التركيز علي طفل يبتسم مباشره الي الكاميرا.,مجموعه من الاطفال يرتدون قبعات بيسبول سوداء تحمل شعار فريق المارلينز، ويبتسم احدهم في المنتصف.,صوره لثلاثه اطفال يرتدون نفس الملابس.
1184967930_9e29ce380d.jpg,كلب بني يركض عبر العشب والزهور,كلبا بنيا يركض عبر ارض عشبيه مغطاه بالنباتات الارجوانيه، مع وجود اشجار خضراء في الخلفيه.,كلب يركض عبر حقل من الزهور البنفسجيه في منطقه مفتوحه بها اشجار في الخلفيه.,كلب في سهل مغطي بالزهور في ارض قاحله.
1187435567_18173c148b.jpg,كلب صغير باللونين البني والاسود,كلب صغير ذو فراء اسود وبني فاتح مستلق علي سرير مغطي ببطانيه بيضاء، وراسه مستند علي وساده صفراء.,كلب صغير طويل الشعر ذو فراء بلونين داكن وفاتح يستريح علي بطانيه بيضاء.,كلب صغير ذو فرو طويل يلعب علي السرير.
1187593464_ce862352c6.jpg,كلب يمر عبر حقل عشبي بعصا في فمه,كلب لابرادور ذهبي اللون وهو يركض بحماس وهو يحمل غصن شجره كبيرا في فمه، ويبدو سعيدا ومتحمسا اثناء اللعب في الحديقه.,كلب يركض في العشب الاخضر وهو يحمل عصا في فمه.,كلب بلون بني فاتح يحمل غصن شجره في فمه اثناء قفزه في الهواء.
1189977786_4f5aaed773.jpg,كلب يقفز في حمام السباحه,تظهر الصوره كلبين يقفزان في حمام سباحه، احدهما من فصيله البودل والاخر من فصيله جولدن ريتريفر، في يوم مشمس.,كلبان يقفزان بحماس في حوض السباحه.,كلبان يقفزان في حمام سباحه في الهواء.
1191338263_a4fa073154.jpg,سيده تجلس بجوار اعلان,تجلس امراه مسنه علي مقعد في محطه قطار، بينما تعرض شاشه تلفزيون كبيره اعلانا عن تلفزيونات علي الجدار المبلط.,امراه مسنه تجلس علي مقعد في محطه مترو بجوار لوحه اعلانيه مضاءه.,صوره لامراه مسنه جالسه علي كرسي في محطه قطار.
1193116658_c0161c35b5.jpg,فتاه رتركب الدراجه الهواءيه الاحاديه العجله,فتاه تركب دراجه احاديه العجلات بينما يرافقها طفل اخر علي سكوتر، وهما في مكان عام مزدحم بالناس.,تظهر الصوره طفله علي دراجه احاديه تمد يدها لطفل اخر علي سكوتر، وكلاهما يتحركان وسط حشد من الناس.,صوره لطفلتين من اليمين و اليسار، يمتطي احداهما دراجه، و الاخري سكوتر، وسط حشد من الاطفال.
119534510_d52b3781a3.jpg,رجل في قميص بني يجلس علي منصه ويقرا,شخصا جالسا علي رصيف عاءم بجانب الماء، منهمكا في القراءه او الكتابه.,شخص يجلس علي رصيف بجانب الماء ويقرا.,رجل يجلس علي حافه رصيف في الماء.
1197800988_7fb0ca4888.jpg,شخص يجلس علي طاوله خلف شجره,تظهر الصوره شخصا يرتدي غطاء للراس يجلس علي مقعد في حديقه، ويبدو انه يتناول وجبه طعام، مع وجود متعلقات شخصيه بجانبه.,شخصا يرتدي قلنسوه بنفسجيه وهو يشرب تحت ظل شجره وارفه.,صوره لشاب يتنقل بين الاشجار في حديقه.
1198194316_543cc7b945.jpg,زوجان يمشيان علي رصيف,"تظهر الصوره ثلاثه اشخاص يسيرون امام مبني ذي سقف مميز يحمل كلمه """" علي واجهته.",ثلاثه اشخاص يقفون امام كشك للمرطبات في مكان عام.,صوره لثلاثه اشخاص بالغين وهم يمشون خارج مبني.
1204996216_71d7519d9a.jpg,صبي ينام علي مقعد طاوله نزهه,طفلا مستلقيا بشكل مريح علي مقعد خشبي في الهواء الطلق، ويبدو انه يستمتع بوقت فراغه او يشعر بالتعب.,طفل صغير يسترخي علي مقعد خشبي في مكان مفتوح.,ولد صغير ناءم علي احد المقاعد الخشبيه في الخارج.
1206506157_c7956accd5.jpg,الكلاب تتقاتل في العشب علي لعبه,تظهر الصوره كلبان من سلاله فيزلا يلعبان معا في العشب الاخضر، احدهما يحمل لعبه برتقاليه في فمه.,كلبان يلعبان شد الحبل بلعبه برتقاليه في العشب الاخضر.,كلاب تلعب في حقل.
1207159468_425b902bfb.jpg,صبي يمتثل لصوره وفي الخلفيه يتعلق رجل بحبل,شابا يقف امام مبني ذي قبه كبيره، بينما يتسلق شخص اخر القبه باستخدام حبل.,صوره لشاب يقف امام قباب بيءيه ضخمه، بينما يتدلي شخص بحبل من احدها في الخلفيه.,شاب امام قبه كبيره يصعد شخص اخر خلفها.
1211015912_9f3ee3a995.jpg,فتاه في ثوب بني يحيط بها الاطفال,مجموعه من الاطفال يلعبون بالفقاعات في الهواء الطلق، ويبدو انهم يستمتعون بوقتهم في بيءه طبيعيه.,مجموعه من الاطفال يستمتعون باللعب بالفقاعات في الهواء الطلق.,صوره لطفله بجانب عدد من الاطفال وهم ينظرون الي الاعلي.
1213336750_2269b51397.jpg,رجل يرتدي ستره سوداء ياخذ صوره لرجل يرتدي ستره حمراء,شخصان يقفان في ساحه مرصوفه بالبلاط، احدهما يلتقط صوره للاخر.,شاب يلتقط صوره لشاب اخر في مكان عام.,الصوره تصور شخصين في ساحه، احدهما يلتقط صوره للاخر.
1215334959_b1970965f7.jpg,عاءله تجلس علي مقعد بالقرب من الشاطء,عاءله مكونه من اربعه افراد جالسين علي حافه رصيف بجوار شاطء مزدحم في مدينه ساحليه.,تظهر الصوره عاءله تجلس علي جدار وتطل علي شاطء مزدحم وبلده ساحليه.,رجل وابنتان ووالدتهم يجلسون علي حافه رصيف مطل علي شاطء.
121800200_bef08fae5f.jpg,تسلق مجموعه من متسلقي الصخور جدارا صخريا في احدي الغابات,منحدرا صخريا كبيرا يمارس عليه العديد من الاشخاص رياضه التسلق، محاطا بالنباتات الخضراء والاشجار.,مجموعه من متسلقي الصخور علي جرف صخري كبير محاط بالاشجار والنباتات الخضراء.,الصوره لجبال عاليه و وعره يصعدها اشخاص.
121971540_0a986ee176.jpg,يتسلق رجلان القارب,شخصان يقومان بتنظيف نوافذ سفينه بيضاء كبيره، بينما تطفو السفينه علي الماء.,رجلان ينظفان نوافذ سفينه بيضاء كبيره ذات شريط احمر، من جانبها المطل علي الماء.,رجلان علي متن سفينه كبيره تطفو علي الماء.
1220401002_3f44b1f3f7.jpg,طفلان يضحكان في العشب,تظهر الصوره فتاتين صغيرتين تلهوان وتضحكان وهما تلعبان في الخارج علي العشب.,فتاتان صغيرتان تلعبان وتضحكان في الهواء الطلق.,الصوره لفتاتين يلعبان في الخارج.
1222322358_225067636e.jpg,صبي في قميص احمر وابيض علي الارجوحه,طفلا صغيرا يتارجح علي ارجوحه، مع خلفيه ضبابيه بسبب الحركه.,طفل يتارجح علي ارجوحه بخلفيه مموهه توحي بالحركه السريعه.,صوره لطفل يلعب في الملاهي ويركب الاراجيح.
1224851143_33bcdd299c.jpg,صبي ياكل بملعقه,طفلا صغيرا بشعر اشقر يحمل ملعقه في فمه ويبدو عليه التفكير او عدم الرضا.,طفل صغير يمسك ملعقتين، احداهما في فمه، وينظر جانبا في مقهي.,طفل رضيع يمسك ملعقه ويجلس علي كرسي.
1225443522_1633e7121f.jpg,فتاه تمشي لوحدها في الليل في احد الشوارع,تظهر الصوره امراه تسير بمفردها علي رصيف مدينه مضاءه في الليل، مع وجود سيارات مبوبه ومباني في الخلفيه.,امراه تسير علي رصيف من الطوب الاحمر مضاء ليلا في شارع مدينه.,امراه تسير علي طول طريق في المدينه ليلا.
1227655020_b11a1bb112.jpg,كلب اسود وكلب اسمر يلعبان في اعشاب ضاره,تظهر الصوره كلبين يلعبان في العشب، احدهما اسود والاخر بني، وهما منخرطان في حركه نشطه.,كلبان يلعبان في العشب الاخضر.,تعبر الصوره عن اثنين من الكلاب واقفين في منطقه عشبيه.
1229756013_94663527d7.jpg,كلب بني يقفز في الهواء علي سهل بني,كلب بني اللون يقفز في الهواء في حقل عشب جاف، مع وجود اشجار في الخلفيه.,كلب بني يقفز في الهواء لالتقاط كره في حقل عشبي.,كلب بلون بني فاتح يقف علي رجليه الخلفيتين في سهل جاف.
1231229740_8dcbf80bfb.jpg,ينام الطفل ذو الملابس الرماديه علي وساده حمراء,طفلا صغيرا ناءما علي وساده حمراء، يرتدي ملابس مريحه ولديه مصاصه في فمه.,طفل صغير ناءم بلهايه علي اريكه حمراء.,طفل رضيع ناءم علي الاريكه.
1232148178_4f45cc3284.jpg,طفله تعلب في حديقه,طفلا صغيرا بشعر اشقر مجعد يبتسم للكاميرا في ملعب، مع وجود شخص بالغ في الخلفيه.,طفل يبتسم بسعاده في ملعب العاب مشمس.,صوره لطفل في ساحه لعب.
1234293791_6566284bcd.jpg,فتاه في خوذه ركوب الخيل,فتاه صغيره ترتدي خوذه تركب حصانا بنيا في يوم مشمس مع سماء زرقاء مليءه بالغيوم.,تظهر الصوره فتاه صغيره ترتدي خوذه وتركب حصانا تحت سماء زرقاء وغيوم بيضاء.,صوره لطفله راكبه حصان.
1234817607_924893f6e1.jpg,رجل كوري يبيع الصودا,رجل مسن يرتدي قبعه بيضاء ونظارات، يجلس خلف طاوله مليءه بالمشروبات المعلبه والزجاجات، ويبدو انه يعمل في كشك او محل بيع.,رجل مسن بقبعه بيضاء ونظارات يبتسم خلف صف من علب المشروبات.,رجل مسن يبيع المشروبات الغازيه.
1235580648_7eebaed9bc.jpg,رجلين في القبعات العاليه يعبسون للكاميرا,شخصين يرتديان قبعات غريبه وازياء مرحه، مع خلفيه ذات اضاءه خضراء وصفراء.,تظهر الصوره شخصين يرتديان ازياء تنكريه وقبعات مميزه، احدهما بوجه ماكر والاخر جاد، في اضاءه ساطعه من الجانب.,صوره لشابين يرتديان ملابس نومهما وقبعات علي طريقه النوم.
1235681222_819231767a.jpg,شخص في قميص ازرق يجلس وراء شخصين يجلسان علي مقعد خشبي,الصوره عباره عن منظر علوي لمساحه عامه بها مقاعد خشبيه مرتبه في صفوف علي ارضيه مبلطه، مع وجود عدد قليل من الاشخاص يجلسون او ينظرون الي هواتفهم.,اشخاصا يجلسون علي صفوف من المقاعد الخشبيه الطويله من منظور علوي.,الصوره من الاعلي لمحطه قطار او موقف حافلات، حيث يجلس الناس علي المقاعد في انتظار وسيله النقل.
1235685934_be89b231fb.jpg,رجل في النظارات الشمسيه,رجلا شابا يرتدي نظارات شمسيه وقميصا ابيض، يقف بجانب شخص اخر يرتدي قبعه تقليديه وقناعا للوجه، ويبدو انهما علي متن قارب او في مكان مرتفع مع وجود منظر طبيعي في الخلفيه.,رجل يرتدي نظاره شمسيه ينظر الي الكاميرا، بينما يقف شخص اخر بقبعه وقناع في الخلفيه.,الصوره لشابين، احدهما يرتدي نظاره شمسيه وقميص ابيض، بينما الاخر يرتدي قناعا طبيا وستره مخططه.
1236951314_0308dc4138.jpg,صبي في ثوب السباحه يقفز الي بركه مع رجل اصلع,طفلا يقفز من لوح الغوص في حوض سباحه بينما يراقب رجل في الماء.,طفل يقفز في المسبح بينما يراقبه رجل.,ولد يغوص في حمام سباحه ورجل يسبح في اتجاهه.
1236964638_1808784a3c.jpg,صبي يقفز من لوحه الغوص الي بركه,طفلان يقومان بحركات بهلوانيه بالقرب من حافه مسبح، بينما يظهر جزء من شخص بالغ علي اليمين.,صبي يقوم بشقلبه في المسبح.,صبي يغوص في حمام السباحه.
123889082_d3751e0350.jpg,كلب اسمر يعض اذن كلب رمادي,تظهر الصوره جروين يلعبان في العشب، احدهما بني اللون والاخر رمادي، ويبدو انهما من سلاله ويما رانهاند.,كلبان يلعبان بمرح في العشب، احدهما يعض اذن الاخر.,تعرض الصوره كلبين يلعبان في الحديقه.
123997871_6a9ca987b1.jpg,الفتيات يرتدين الزي الرياضي,تظهر الصوره لاعبات لاكروس في مباراه، حيث تحاول احداهن تمرير الكره بينما تحيط بها زميلاتها في الفريق.,لقطه حركيه للاعبات لاكروس في ملعب والكره في الهواء.,اللاعبه تحمل عصا لاكروس وتستعد لتمريرها للاعبه اخري.
1240297429_c36ae0c58f.jpg,كلب يجري في حقل,كلبا من سلاله السلوقي وهو يقفز في الهواء اثناء مطارده طاءر في حقل اخضر.,كلب سريع يعدو مطاردا طاءرا فوق العشب الاخضر.,كلب يركض في حقل اخضر.
124195430_d14028660f.jpg,حصان اسمر ومهر اسود علي الشاطء,حصانا بنيا يقف بجانب مهر اسود صغير مستلق علي الرمال علي الشاطء.,فرس تقف بجانب مهرها المستلقي علي الرمال.,حصان بني بجانب مهر اسود مستلق علي الرمال.
1244140539_da4804d828.jpg,كلب بني واسود ينام سجاده اشعث,كلب صغير ذو فراء اسود وبني اللون مستلق علي سجاده بيضاء رقيقه، ويبدو انه يمضغ شيءا ما.,كلب صغير ذو فرو بني يستريح علي سجاده بيضاء ناعمه.,كلب صغير من نوع يوركشاير واقف علي سجاده.
1244306891_8e78ae1620.jpg,مجموعه من الاصدقاء يبتسمون لالتقاط صوره علي الشاطء,تظهر الصوره ثلاث فتيات يبتسمن للكاميرا وهن جالسات علي الشاطء، مع تسريحات شعر مختلفه وازياء صيفيه.,تظهر ثلاث شابات مبتسمات بتسريحات شعر متنوعه علي الشاطء.,صوره تظهر ثلاث فتيات مراهقات علي الشاطء، يبدو انهن يرتدين ملابس السباحه وهم متبسمات وفرحات.
1244485675_822e6efe60.jpg,صبي في قميص رمادي وابيض ينظر الي انعكاسه,طفلا صغيرا ينظر الي انعكاس صورته في مراه مشوهه في مكان عام، ويبدو عليه التفكير او الدهشه.,طفل ينظر الي انعكاسه في مراه.,ولد ينظر الي صورته في المراه.
1245022983_fb329886dd.jpg,فتاه صغيره ترقص و يديها علي الوركين,فتاه صغيره ترتدي قميصا مخططا وتنوره ورديه، تقف بثقه علي العشب امام مبني، ويبدو انها تستعد للرقص او القيام بحركه مرحه.,تقف طفله صغيره بوضعيه مرحه وهي ترتدي قميصا مخططا بالوردي والابيض وتنوره ورديه زاهيه.,فتاه صغيره ترتدي ثوبا ورديا مخططا وقمصان ورديه قصيره ورديه اللون.
1247181182_35cabd76f3.jpg,رجل يجلس علي صخره,تظهر الصوره شخصا يجلس علي حافه جرف صخري في جبال ذات مناظر خلابه، مع حقيبه ظهر علي ظهره، ويبدو انه يستمتع بالمنظر.,شخص يجلس القرفصاء علي حافه صخريه مطله علي واد جبلي واسع.,رجل يرتدي حقيبه ظهر ويجلس علي حافه جبليه، ويراقب منظرا طبيعيا خلابا في الخلفيه.
1248357227_2b4175fc39.jpg,ثلاثه اطفال ينظرون الي الماء علي ضفاف البحيره,ثلاثه اطفال ينظرون الي الماء في بركه او بحيره صغيره محاطه بالنباتات الخضراء، مع انعكاسهم يظهر بوضوح علي سطح الماء.,اطفال يستكشفون ضفه بركه ماء هادءه تعكس الاشجار الخضراء.,صوره لشاب وفتاتين علي ضفه بحيره هادءه.
1248734482_3038218f3b.jpg,صوره مقربه لفتاه شابه ذات قميص وردي ترقد علي العشب,طفله صغيره مستلقيه علي العشب الاخضر، ويديها خلف راسها، تنظر مباشره الي الكاميرا بابتسامه خفيفه.,طفله مستلقيه علي العشب الاخضر وذراعاها خلف راسها.,صوره لفتاه صغيره ملقاه علي العشب.
124881487_36e668145d.jpg,رجل يركب دراجه اسفل تله صخريه,شخص يركب دراجه جبليه علي طريق صخري وعر وسط نباتات كثيفه.,راكب دراجه جبليه ينحدر علي درب صخري وعر.,يركب رجل دراجه هواءيه في طريق وعره.
1248940539_46d33ed487.jpg,يلعب ثلاثه اطفال في الرمال بالقرب من الشاطء,تظهر الصوره ثلاث فتيات صغيرات يلعبن ويستمتعن بوقتهن علي الشاطء الرملي، ويبدو انهن في حاله مرح وحيويه.,ثلاث فتيات يلهون علي شاطء رملي في يوم مشمس.,ثلاث فتيات يلعبن علي الشاطء.
1248953128_24c9f8d924.jpg,تلعب فتاه صغيره في ثوب ملون بكره القدم الزرقاء والحمراء,طفله صغيره ذات شعر مجعد تركل كره قدم ملونه في حديقه خضراء.,فتاه صغيره ترتدي ملابس زاهيه تلعب بكره القدم علي العشب.,تلعب طفله كره قدم في الحديقه.
124972799_de706b6d0b.jpg,كلب يلعب مع القط المختبء تحت مقاعد البدلاء,كلبا روتويلر يزمجر ويحاول الوصول الي قطه مختبءه تحت هيكل خشبي.,كلب يزمجر بغضب في مواجهه قطه تختبء وتدافع عن نفسها بفحيح تحت لوح خشبي.,كلب يعض قطه من اسفل طاوله خشبيه.
1251558317_4ef844b775.jpg,شخص بالغ وطفل يجلسان علي دراجه ناريه تابعه للشرطه,تجلس امراه وطفل صغير علي دراجه ناريه للشرطه في لندن، ويبدو انهما يستمتعان بتجربه الجلوس عليها.,امراه وطفل يجلسان علي دراجه ناريه للشرطه في الشارع.,صوره لامراه وطفل يجلسان علي دراجه ناريه للشرطه.
1252396628_eb81d3905b.jpg,رجل يركب الدراجه الترابيه في مسار,متسابق دراجات ناريه يقوم بمناوره صعبه علي دراجه ناريه متخصصه في التضاريس الوعره، ويرتدي ملابس واقيه كامله.,راكب دراجه ناريه تجريبيه يتنقل عبر مسار موحل ومليء بالصخور.,صوره لراكب دراجه ناريه يركب دراجته في مسار وعره.
1252787177_4b08625897.jpg,ثلاثه ازواج من الملابس الداخليه ذات الالوان المختلفه تتدلي من حبل الغسيل مع الناس والسيارات في الخلفيه,تعرض الصوره ثلاثه ازواج من الملابس الداخليه النساءيه القديمه معلقه علي حبل اسفل مظله حمراء في سوق او معرض.,تعرض ثلاث سراويل داخليه نساءيه كبيره الحجم معلقه تحت مظله حمراء في سوق.,الصوره تحتوي علي سروال داخلي معلق.
125319704_49ead3463c.jpg,شخص يقف بجانب الدراجه,شخصان يركبان دراجات جبليه عبر جدول ماءي صخري في غابه خضراء مورقه.,راكبا دراجات جبليه يتوقفان في مجري ماءي ومسار صخري وسط الطبيعه.,الصوره لشابين يركبان دراجتين في منطقه جبليه وبدت في الصوره ركود مياه امام احدهم.
1253264731_e7c689eca5.jpg,فتاه في قميص مرجاني مع نظارات تبتسم,تظهر في الصوره فتاه تبتسم للكاميرا وهي تستند علي حاجز معدني بجانب نهر متدفق، بينما تظهر فتاه اخري ضبابيه بجانبها.,فتاه مبتسمه تقف عند حاجز بينما تظهر فتاه اخري مشوشه بالحركه في المياه المتدفقه.,امراه وفتاه صغيره يمسكان بالدرابزين بالقرب من مياه الفيضانات.
1253275679_e955fb7304.jpg,صبي صغير يرتدي قميصا ابيض واسود,"صبيا ينظر الي الاسفل، يرتدي قميصا اسودا مطبوعا عليه شعار """" بتصميم مشابه لشعار فرقه /.","ولد مطاطء الراس يرتدي قميصا اسود مكتوبا عليه ""⚡"".","صوره لطفل يبدو عليه الحزن، يرتدي قميصا عليه كلمه """"."
1255504166_f2437febcb.jpg,صبي يلعب في بحيره,طفلا يسبح في الماء، مع رشقات من الماء تخرج من فمه، وخلفيه من سماء ملبده بالغيوم وجبال.,طفل يرمي تيارا من الماء في بحيره عند الغروب.,طفل يرش الماء في بحر هادء في فتره الغروب.
1258913059_07c613f7ff.jpg,ثلاثه اشخاص يجلسون علي مقعد للنزهه في الخارج مع مظله,ثلاثه اشخاص يجلسون علي طاوله خشبيه في الهواء الطلق امام حانه مزينه بالوان العلم البريطاني، تحت مظله تحمل علامه تجاريه للمشروبات.,يجلس اشخاص في الهواء الطلق امام حانه بريطانيه مزينه بخطوط حمراء وبيضاء وزرقاء.,صوره لثلاثه اشخاص يجلسون تحت مظله في الخارج.
1259936608_e3f0064f23.jpg,يلعب الاطفال في نافوره ماء,اطفالا يلعبون ويستمتعون بالماء في نافوره او منطقه العاب ماءيه في حديقه.,فتاه صغيره مبتهجه واطفال اخرون يلهون في نافوره ماء.,صوره لطفلتين تلعبان في نافوره مياه في الطقس الحار.
1260816604_570fc35836.jpg,شخص يقود سياره حمراء,سياره حمراء متوقفه علي جانب الطريق، مع وجود جسر معلق في الخلفيه.,تظهر سياره حمراء اللون متوقفه علي طريق، وبداخلها طفل يجلس في مقعد الساءق، وخلفها يظهر جسر كبير ومبان.,سياره حمراء بجانب طريق سريع.
1262077938_8b9516c273.jpg,فتاه ذات محفظه سوداء جالسه علي مقعد خشبي,تجلس امراه شابه علي مقعد خشبي في الهواء الطلق، ويبدو عليها الشرود او الحزن، وتحمل حقيبه يد علي ركبتها.,امراه شابه تجلس علي مقعد خشبي في حديقه، تبدو متامله.,المراه جالسه علي مقعد خشبي.
1262454669_f1caafec2d.jpg,فتاه في قميص ابيض تجلس علي مقعد في الحديقه مع كلب بجانبها,تجلس امراه علي مقعد في الحديقه، وتناول طعاما، بينما يقف كلبها بجانبها.,امراه تجلس علي مقعد خشبي في حديقه، بينما يقف كلبها بجانبها وينظر الي الكاميرا.,امراه جالسه علي مقعد في الحديقه مع كلب مربوط بجانبها.
1262583859_653f1469a9.jpg,راكب الدراجه الناريه يتمتع بالقهوه,رجل يركب دراجه هواءيه ويرتدي ملابس رياضيه، ويحمل في يده كوبا من المشروب، ويبدو انه يستمتع بركوب الدراجه في الهواء الطلق.,راكب دراجه يرتدي زيا رياضيا ويحمل مشروبا باردا.,رجل يركب دراجه ويحمل كاسا.
1263126002_881ebd7ac9.jpg,طفله تحاول ان تخرج من سريرها الاخضر,طفل صغير يبتسم وينظر الي الكاميرا من فوق حواجز سرير الاطفال الخاص به، مع رفع قدميه في الهواء.,طفله صغيره تطل براسها من سرير لعب اخضر اللون.,طفله رضيعه ذات شعر اشقر تتامل بفضول وهي متمسكه بحافه سرير الاطفال.
1263801010_5c74bf1715.jpg,رجل يرتدي ستره حمراء,شخصا يرتدي ستره حمراء يقف وينظر الي منظر طبيعي ثلجي واسع مع جبال بعيده.,شخص يرتدي ستره حمراء يقف متاملا المشهد الجبلي الثلجي الشاسع.,صوره لشخص يرتدي ملابس الشتاء واقف علي جبل ثلجي.
1267711451_e2a754b4f8.jpg,كلب ابيض واسود يحمل عصا كبيره,يركض كلب من نوع وهو يحمل غصنا كبيرا في فمه، ويبدو سعيدا ومتحمسا اثناء اللعب في الطبيعه.,كلب يركض حاملا عصا في فمه.,كلب يجري في الحقل وفي فمه قطعه من الخشب.
1269470943_ba7fc49b4d.jpg,صبي مستلق علي العشب,طفلا مستلقيا علي العشب بجانب كره قدم، ويبدو انه سقط او تعثر اثناء اللعب.,طفل مستلق علي العشب بجانب كره قدم.,ولد يرقد علي الارض وساقه علي كره امريكيه.
1271210445_7f7ecf3791.jpg,احتفال بعيد الميلاد يقام لفتاه تبلغ الخامسه من العمر,مجموعه من الاطفال وهم يحتفلون بعيد ميلاد، حيث يحيطون بكعكه مزينه بالشموع المضاءه في بيءه مظلمه.,وجوه مبتهجه تحتفل بعيد ميلاد حول كعكه مضاءه بالشموع.,الصوره لخمس فتيات صغيرات يجلسن خلف كعكه عيد ميلاد مضاءه.
1271960365_e54033f883.jpg,كلب اسود يركض خلف كلب اسود اخر يحمل كره,اليك وصف للصوره تظهر الصوره كلبين اسودين يركضان في حديقه للكلاب ، يحمل كل منهما لعبه في فمه.,كلبان يركضان ويلعبان بكرات التنس في ساحه خارجيه.,تعمل الصوره علي وصف كلاب تلعب في ساحه.
1273001772_1585562051.jpg,مجموعه من الاطفال في نافوره ماء,مجموعه من الاطفال والكبار يستمتعون باللعب في نافوره او منطقه ماءيه، ويبدو انهم يضحكون ويستمتعون بوقتهم في يوم مشمس.,اطفال وكبار يستمتعون باللعب في رذاذ الماء.,الصوره لعديد من الاطفال يلعبون تحت المطر او تحت مياه رشاشه في جو ممتع.
127450902_533ceeddfc.jpg,اربعه اشخاص يسيرون في الثلج,مجموعه من المتزلجين وهم يسيرون عبر منظر طبيعي ثلجي واسع عند غروب الشمس، مع جبال مغطاه بالثلوج في الخلفيه وسحب منخفضه تملا الوادي.,متنزهون يسيرون في مشهد جبلي ثلجي ساحر يضيءه وهج الشمس الذهبي.,يصور المشهد اشخاصا يتنزهون في منطقه جبليه ثلجيه اثناء غروب الشمس.
127488876_f2d2a89588.jpg,شجره في المقدمه ، رجلان يلعبان الجولف في الخلفيه,اليك وصف للصوره يظهر في الصوره لاعبان يلعبان الجولف في ملعب عشبي اخضر محاط بالاشجار ، مع وجود شجره مغطاه بالطحالب في المقدمه.,يقف لاعبا غولف في ملعب اخضر واسع محاط بالاشجار.,صوره لشجره كبيره علي الجانب الايسر من لاعبي الغولف.
127490019_7c5c08cb11.jpg,فتاه تستعد لدخول النادي,تظهر الصوره امراه ترتدي قبعه وقميصا ازرقا وسروالا قصيرا بيجا وهي تستعد لضربه في لعبه الجولف علي ملعب عشبي اخضر تحت سماء زرقاء صافيه.,امراه تنحني لتلعب الغولف حافيه القدمين علي العشب.,امراه تلعب الغولف في ساحه خضراء.
1277185009_06478dd457.jpg,رجل بدون قميص يسير علي لكثير من الصخور,رجلا يقف علي قمه جبل صخري تحت سماء غاءمه.,متنزه يسير علي قمه صخريه تحت سماء غاءمه.,رجل يمشي وحيدا علي تله من الحجاره.
1277743944_f4e8c78403.jpg,صبي في ستره حمراء يركض علي الشاطء,طفلا يركض علي الشاطء امام كراسي شاطء ملونه، مع وجود القمر في السماء.,طفل يركض علي شاطء رملي بين كراسي الشاطء الملونه، والقمر يظهر في السماء الشاحبه.,صبي يركض علي شاطء خلف كراسي الاستحمام.
1282392036_5a0328eb86.jpg,مجموعه من الناس في الزي في معرض نهضه,مشهدا من مهرجان العصور الوسطي، حيث تجلس امراه وطفله بجانب عربه مزينه، بينما تتحدثان مع شخص يرتدي زيا فخما باجنحه كبيره.,نساء وطفلا يرتدون ازياء تاريخيه او خياليه في مهرجان خارجي.,صوره لامراه وطفلها يجلسان علي عربه يد، بينما ترتدي احدي النساء ملابسا تقليديه.
12830823_87d2654e31.jpg,الناس يحدقون في السمك البرتقالي,مجموعه من الناس، بمن فيهم الاطفال، ينظرون الي حوض سمك ذي بلاط ازرق، مع وجود نباتات خضراء في المقدمه وخلفيه خضراء.,مجموعه من الناس والاطفال يراقبون الاسماك في بركه.,صوره لعده اشخاص حول حوض ماء يطفو فيه اسماك.
1285067106_2adc307240.jpg,صبي في الابيض يلعب البيسبول,"اليك وصف للصوره الصوره تظهر لاعب بيسبول شاب يرتدي زيا ابيض مع كتابه ""انديانا ، اوهايو"" علي صدره ، وهو يستعد لرمي الكره.",صبي يرتدي زي البيسبول ويمسك بكره في الملعب.,صوره لطفل يمسك الكره بيديه.
1285874746_486731a954.jpg,امراه افريقيه امريكيه تقف في الحشد,تظهر الصوره ظهر امراه ترتدي فستانا ازرقا، وهي تقف في حشد من الناس، ويبدو انها في مكان عام مثل سوق او مهرجان.,تظهر امراه من الخلف مرتديه فستانا ازرق اللون وهي تحمل برتقاله وسط حشد من الناس.,صوره لامراه من الظهر ترتدي فستان ازرق في حشد من الناس.
1286408831_05282582ed.jpg,صبي صغير يتسلق مجموعه اللعب في الفناء الخلفي,طفلا صغيرا يرفع يده بفرح وهو يلعب علي هيكل خشبي مع شريحه حمراء.,طفل صغير يلعب بمرح علي منصه خشبيه في الهواء الطلق، ويخرج لسانه.,صبي يضحك وهو يتسلق في الخارج.
1287064529_aa4e4f3c31.jpg,كلب اسود في الثلج,تظهر الصوره كلبا من سلاله الهسكي ذو عينين زرقاوين جميلتين، يرتدي ستره ويقف في الثلج، ويبدو سعيدا ومتحمسا.,كلب هاسكي ذو عيون زرقاء يرتدي سرجا ويقف في الثلج ولسانه متدل.,كلب من فصيله الهسكي يظهر في بيءه ثلجيه وهو يلهث بلسان متدلي خارج فمه.
1287073593_f3d2a62455.jpg,مجموعه من الكلاب تسحب شخصا علي مزلق فوق تل,شخصا يقود مجموعه من كلاب السحب علي الزلاجه عبر الثلج.,متسابق يقود فريقا من كلاب الزلاجه علي مسار ثلجي.,صوره لشاب يركب زلاجه تجره اربعه كلاب في طريق معبد من الثلج.
1287920676_d21a0b289b.jpg,كلب ابيض مع احزمه حمراء عليه ينظر الي الخلف,تظهر الصوره كلبين من سلاله الهاسكي يرتديان احزمه تسخير، ويبدو احدهما سعيدا ومبتسما، وهما علي الارجح جزء من فريق جر الكلاب.,مجموعه من كلاب الهاسكي التي ترتدي سروجا حمراء للجر، مع كلب في المقدمه يلهث ويبدو سعيدا.,صوره لكلب من فصيله الهسكي مرتديا حزاما احمر اللون مربوطا بحبل.
1287931016_fb015e2e10.jpg,كلب اسود وابيض علي الثلج,تظهر الصوره كلبين مربوطين بحبل في الثلج، احدهما اسود اللون ويرتدي ستره حمراء، والاخر ابيض اللون.,كلبان، احدهما اسود يرتدي حزاما والاخر ابيض، يقفان في الثلج.,الكلاب هي حيوانات ذكيه واجتماعيه، وغالبا ما تشكل روابط قويه مع البشر. يمكن تدريبها علي اداء مجموعه متنوعه من المهام، مثل مساعده الاشخاص ذوي الاعاقه او كونها كلاب شرطه.
1287982439_6578006e22.jpg,كلب كبير بني يقفز في الماء ويفتح فمه,كلب بني اللون يقفز في الماء، ويبدو سعيدا ومتحمسا اثناء اللعب في الامواج.,كلب يقفز بحماس في الماء، وفمه مفتوح وسط رشات الرذاذ المتطاير.,كلب يلعب في البحر.
1288909046_d2b2b62607.jpg,كلب بني يقفز الي بركه سباحه في الحديقه,كلب من فصيله جولدن ريتريفر وهو يقفز في حمام سباحه، بينما يطفو امامه لعبه برتقاليه اللون، وخلفيه الصوره مزينه باعلام امريكيه ونباتات خضراء.,كلب جولدن ريتريفر يقفز في المسبح ليحضر لعبه.,يقفز كلب من علي حافه حمام سباحه في الفناء.
128912885_8350d277a4.jpg,كلب يقفز علي كره حمراء علي العشب,التقطت الصوره كلبا ابيض اللون مع بقع بنيه اللون وهو يقفز في الهواء بحماس وهو يحاول الامساك بكره حمراء.,كلب يقفز في الهواء بنشاط ليلعب بكره حمراء.,كلب ابيض يقفز في الهواء لمحاوله التقاط كره حمراء.
1289142574_2bd6a082dd.jpg,صبي يقفز من طاوله نزهه الي اخري,طفلا صغيرا يقفز علي طاوله نزهه في حديقه، ويبدو سعيدا ومتحمسا.,ولد صغير يقف علي طاوله نزهه في حديقه مشمسه.,طفل يقفز فوق طاوله خشبيه تحت مظله في ساحه لعب.
1290894194_8a4ffdc7eb.jpg,امراه في لباس احمر وكلب صغير يتحدث الي فتاه صغيره,تجلس امراه وكطفله صغيره علي الارض بجانب كلب، ويبدو انهم يتفاعلون مع بعضهم البعض في مكان عام.,امراه منحنيه تداعب كلبا بينما تجلس طفله صغيره علي الارض.,صوره لامراه وطفله رضيعه وكلاب صغيره.
1294578091_2ad02fea91.jpg,فنانه تعرض الرسم الخاص بها وتوقع ورقه,تظهر الصوره فنانا يرسم في الهواء الطلق بينما يجلس شخصان بالقرب منه، احدهما يتحدث علي الهاتف المحمول والاخر يكتب، مع وجود امراه اخري جالسه في الخلفيه.,فنانه ترسم في الهواء الطلق بجانب لوحه فنيه معروضه علي حامل.,رجل وامراه يجلسان علي كرسي، و يقوم الرجل بالتحدث في الهاتف وتلسك المراه بعض الملاحظات علي ورقه، بينما توجد في المقدمه لوحه فنيه لامراه محدقه في الافق.
1295669416_21cabf594d.jpg,فتاه ترتدي ثوبا احمر واسود مع بنطلون اسود تجلس علي الحاءط,امراه تجلس علي حافه جدار حجري، ترتدي قميصا احمر واسود وبنطالا اسود، وتستمع الي الموسيقي بسماعات الاذن.,تظهر شابه تجلس علي جدار حجري، مرتديه قميصا مخططا بالاحمر والاسود، وتنظر الي الجانب.,الفتاه جالسه علي حافه حجريه امام النباتات.
1295671216_cde1b9c9d1.jpg,رجل في البلوز الازرق يلتقط صوره,تظهر الصوره مجموعه من الاشخاص في مكان عام، واحدهم يرتدي ستره زرقاء داكنه وبنطال جينز وينظر الي هاتف محمول.,مجموعه من الناس يقفون في الهواء الطلق، وبعضهم يلتقط صورا.,صوره لعده اشخاص واقفين في طابور.
1295698260_e10c53c137.jpg,حشد من الناس ينظرون الي شيء خارج الاطار ، رجل ياخذ صوره,"تظهر الصوره شخصا يلتقط صوره بهاتفه لشخص اخر يحمل كيس تسوق عليه كلمه """" (تخفيضات) في مكان عام مزدحم.",مشهد لاشخاص في الشارع، احدهم يلتقط صورا والاخر يدفع عربه تسوق.,رجل مسن وامراه مسنه يقفون في الطابور.
129599450_cab4e77343.jpg,راكب في الجبال يرتدي علم امريكا,اليك وصف للصوره يظهر في الصوره شخص يسير علي طريق جبلي، يحمل حقيبه ظهر مزينه بالعلم الامريكي، مع خلفيه من المناظر الطبيعيه الجبليه الخضراء والسماء الزرقاء الصافيه.,شخص يحمل حقيبه ظهر عليها علم امريكي، يسير في مسار جبلي ويطل علي قمم الجبال.,رجل يمشي في طريق وعلي ظهره علم امريكا.
1296412797_85b6d2f8d6.jpg,طفله تتارجح من ذراعيها بينما يشاهد طفل اخر,تظهر الصوره طفله صغيره تطير في الهواء بواسطه شخص بالغ، بينما تضحك طفله اخري علي العشب، مع وجود شخص بالغ اخر يقف بالقرب منهما في الخلفيه.,فتاه صغيره سعيده ترفع في الهواء وكانها تطير، بينما يلعب اطفال اخرون علي العشب.,صوره لطفلتين في الخارج، واحده تلعب في الهواء والاخري جالسه علي العشب.
1296770308_3db2022f5a.jpg,فتاه تجلس علي مقعد بار,اليك وصف للصوره تظهر الصوره بارا مظلما مع عدد قليل من الاشخاص الجالسين او الواقفين حوله ، مع اضاءه خافته تبرز البار نفسه.,اجواء بار ليليه باضاءه خافته، حيث يجلس ويقف اشخاص حول منضده البار المضيءه.,الصوره لشاب يجلس علي كرسي طويل في زاويه مظلمه من حانه.
1298295313_db1f4c6522.jpg,صبي في ستره زرقاء يقفز في الماء,طفلا يقفز من لوح غطس في بحيره، وهو يرتدي ستره نجاه.,طفل يقفز في الماء من لوح الغطس وهو يرتدي ستره نجاه.,رجل يغوص في الماء.
1298866571_b4c496b71c.jpg,رجل اسيوي يعطي العين الشريره للكاميرا,شابا يرتدي بدله وربطه عنق وهو يستخدم هاتفه المحمول في وسيله نقل عام، ربما قطار او حافله.,شاب يرتدي بدله وربطه عنق يجلس في قطار وينظر مباشره الي الكاميرا.,صوره لرجل يمسك بهاتف محمول في وسيله مواصلات عامه.
1299459550_1fd5594fa2.jpg,صبي في ثياب السباحه,طفلا مستلقيا في الماء، ربما في حوض سباحه او بركه، وهو يخفي وجهه بذراعه.,طفل مستلق علي بطنه في ماء ضحل يتامل الانعكاسات.,طفل يرقد علي بطنه في مياه ضحله.
1299459562_ed0e064aee.jpg,ثلاثه اولاد يلعبون في رذاذ الماء,تظهر الصوره ثلاثه اولاد يستمتعون باللعب في نافوره مياه، ويبدو انهم يتبادلون رشات الماء في يوم حار.,يستمتع ثلاثه صبيه باللعب تحت رشاش الماء علي الجدار.,ثلاثه اطفال يلعبون في مياه تتدفق من حاءط.
1301140633_046e4e8010.jpg,صبي في قميص ازرق مع الاوساخ علي وجهه,طفلا صغيرا بوجه مغطي بالشوكولاته، وهو يحمل زجاجه صغيره، ويبدو سعيدا ومرحا.,يبتسم طفل اشقر صغير بوجه ملطخ بالطين وهو يحمل لعبه.,ولد يبتسم وهو مغطي بالتراب.
130211457_be3f6b335d.jpg,رجل يضع ذراعيه حول امراتين تمتثلان لصوره معه,اليك وصف للصوره تظهر الصوره رجلا يقف بين امراتين ترتديان ملابس سباق ، ويبدو انهم في حدث رياضي في الهواء الطلق.,رجل يقف مبتسما بين امراتين ترتديان ازياء ترويجيه في حدث خارجي.,صوره لثلاثه اشخاص، رجل يقف في وسط امراتين.
1302657647_46b36c0d66.jpg,رجل يتدلي من القضبان في الهواء الطلق,رجل معلقا علي هيكل خشبي يشبه سلما او جهازا رياضيا في الهواء الطلق، ويبدو انه يحاول التسلق او التمرن في الليل.,رجل يبتسم وهو يتدلي من هيكل خشبي في الليل.,رجل يصعد سلما خشبيا في الخارج ليلا.
1303335399_b3facd47ab.jpg,قام طفل صغير بالتزحلق علي زحلوقه برتقاليه,طفلا صغيرا علي وشك الانزلاق في حوض السباحه من زلاقه ماءيه، ويبدو عليه بعض الخوف او المفاجاه.,طفل يرتدي عوامات ذراع يتزحلق علي زلاقه ماءيه باتجاه المسبح.,طفل رضيع علي شريحه في حمام سباحه.
1303548017_47de590273.jpg,فتاه تقف علي مسار القطار بالقرب من محطه,تظهر امراه شابه ترتدي قميصا اخضر وسراويل قصيره وهي تقف علي قضبان السكك الحديديه في محطه قطار، مع وجود عربات قطار ملونه في الخلفيه.,فتاه شابه تقف علي قضبان القطار بجانب رصيف محطه، وخلفها عربات قطار ملونه.,امراه تقف علي السكه الحديديه في محطه قطار.
1303550623_cb43ac044a.jpg,فتاه تقف حافيه علي مسارات السكه الحديديه,تقف فتاه علي قضبان السكه الحديديه بجوار محطه القطار، وتنظر الي الامام.,فتاه شابه تقف علي قضبان السكك الحديديه في محطه قطار.,فتاه تقف علي السكه الحديديه في محطه قطار.
1303727066_23d0f6ed43.jpg,رجل يلبس علامه سلام علي قميصه يبتسم,تظهر الصوره رجلا يرتدي قميصا عليه رمز السلام، وهو يمشي في حشد من الناس في سوق او مهرجان في الهواء الطلق.,رجل مبتسم يرتدي قميصا عليه رمز السلام علي ظهره، وسط تجمع من الناس في مكان خارجي.,رجل يرتدي قميصا اخضر عليه رمز السلام، ينظر الي الخلف في سوق مزدحم.
1303727828_d1052ee341.jpg,رجل يرتدي قبعه الريش,تظهر الصوره شخصا من الخلف، يتميز بقصه شعر فريده من نوعها تجمع بين الحلاقه والضفاءر، ويرتدي قميصا مطبوعا، ويبدو منشغلا بشيء ما في محيط مزدحم.,امراه من الخلف بتسريحه شعر مميزه تضم جوانب محلوقه وريشا كثيفا، تنظر الي الاسفل في مكان يشبه السوق.,صوره لامراه ذات شعر قصير اشقر وجزء من الراس محلوق، ترتدي ملابس صيفيه، ولديها اقراط كبيره في الاذن.
1304100320_c8990a1539.jpg,الكلبان يركضان في حقل من الزهور,تظهر الصوره كلبين يركضان بحماس عبر حقل من الخلنج الارجواني في يوم ضبابي.,كلبان نشيطان يركضان في حقل مزهر باللون الارجواني يغطيه الضباب.,الكلاب تجلس في حقل من الزهور.
1304961697_76b86b0c18.jpg,طفلين علي الواح التزلج يلوحان لبعضهما البعض,يستمتع صبيان برياضه التزلج الماءي علي الماء، وهما يرفعان ايديهما في الهواء احتفالا او تحيه.,شابان يتزلجان علي الماء ويتبادلان تحيه بالكف.,صوره لشابين يمارسون رياضه التزحلق علي الماء.
1305564994_00513f9a5b.jpg,قاد المتسابقان الدراجه البيضاء علي الطريق,دراجه ناريه جانبيه تتسابق علي طريق، مع وجود راكبين يرتديان خوذات واقيه وملابس واقيه.,راكبان يتسابقان بدراجه ناريه جانبيه ويميلان بشده اثناء الانعطاف.,ركاب دراجه ناريه يركبون دراجه ثلاثيه العجلات.
1306145560_1e37081b91.jpg,كلب اسود يسبح في الماء,كلب اسود يسبح في الماء وهو يحمل كره برتقاليه في فمه، ويبدو سعيدا ومستمتعا.,كلب اسود يسبح في الماء ويحمل كره برتقاليه في فمه.,كلب اسود يطفو علي سطح الماء وفمه يحتوي علي كره برتقاليه.
1307635496_94442dc21a.jpg,طفل يمر عبر حقل,طفلا صغيرا يركض علي العشب الاخضر، ويبدو سعيدا ومتحمسا.,طفل صغير مبتسم يركض علي العشب الاخضر.,ولد يركض في حقل اخضر.
1308472581_9961782889.jpg,فتاه ضاحكه تحمل دلوا في المحيط,طفله سعيده تركض علي الشاطء وهي ترش الماء من دلو ازرق، مع وجود دعاءم رصيف في الخلفيه.,فتاه مبتهجه تلعب وترش الماء تحت رصيف بحري.,طفله تلعب في البحر تحت جسر.
1308617539_54e1a3dfbe.jpg,صبي يقفز الي المحيط,صبيا يقفز من لوح ركوب الامواج في البحر، مع تناثر المياه حوله، بينما تظهر امواج اخري في الخلفيه.,صبي يقفز في ماء البحر الضحل، محدثا رذاذا كبيرا.,صبي يركب لوح تزلج في البحر.
1311132744_5ffd03f831.jpg,كلب اسود ورمزي يركض في الحقل,تظهر الصوره كلبا ازرقا استراليا يركض بسرعه في حقل عشبي، مع خلفيه ضبابيه تعكس الحركه.,كلب يركض بسرعه في حقل عشبي، مع خلفيه ضبابيه توحي بالحركه.,كلب يركض في الحشاءش.
1311388430_4ab0cd1a1f.jpg,شخص معلق في الهواء من خطوط الكهرباء,شخصا معلقا راسا علي عقب بين اعمده الكهرباء في منطقه ريفيه ذات تلال جافه وسماء زرقاء صافيه.,شخص معلق مقلوبا علي اسلاك بين اعمده كهرباء في منظر طبيعي جبلي.,صوره لشاب معلق في الهواء علي سلك كهرباءي في منظر طبيعي خلاب.
1312020846_5abb4a9be2.jpg,اثنين من الجراء الصغيره تطارد بعضها البعض علي جدار حجري,تظهر الصوره جروين صغيرين، احدهما بلون بني فاتح والاخر رمادي، وهما يلعبان علي سطح حجري محاط بالنباتات الخضراء.,جروان صغيران يلعبان بمرح علي سطح حجري محاط بالنباتات الخضراء.,صورتان لجراءين صغيرين يلعبان فوق حجر.
1312227131_771b5ed201.jpg,الكلاب تعمل في الصباح المشمس,اليك وصف للصوره تظهر الصوره كلاب جر تجر زلاجه عبر حقل ثلجي واسع تحت سماء زرقاء فاتحه مع شمس ساطعه.,كلاب تسير علي طريق جليدي عند الغروب، مع قوس قزح يظهر في السماء.,تعبر الصوره كلبان يسحبان زلاجه علي طريق ثلجي مع شمس الغروب.
1312954382_cf6d70d63a.jpg,فتاه ترتدي فستان اخضر وبرتقالي تمشي في الشارع حامله بالون,تمشي فتاه صغيره ترتدي زيا تقليديا هنديا وتحمل بالونا كبيرا علي شكل هيلو كيتي عبر ممر للمشاه.,فتاه صغيره ترتدي زيا هنديا تقليديا وتزين شعرها بالياسمين، تحمل بالون هيلو كيتي كبير وهي تسير من الخلف.,صوره لطفله ترتدي ثوبا تقليديا هنديا وتحمل بالونا علي شكل شخصيه كرتونيه.
1313693129_71d0b21c63.jpg,صبي وفتاه يقفون علي ضفه النهر,طفلا وفتاه يقفان علي شاطء بحيره، ويبدو انهما يرميان الحجاره في الماء او يشاهدان شيءا ما في البحيره.,طفل وفتاه يقفان علي شاطء بحيره صافيه في يوم مشمس.,صوره لامراه وطفل يقفون علي الشاطء، ينظرون الي مياه البحر او البحيره.
1316247213_1d2c726dd5.jpg,لقطه مقربه لفتاه صغيره تضحك,طفله صغيره تضحك بسعاده وهي ترتدي قبعه وقميصا ارجوانيا وشورتا اسودا، وتقف علي العشب الاخضر.,فتاه ترتدي قبعه تضحك بشده وعيناها مغمضتان في ملعب عشبي.,الصوره لطفله تضحك وهي لابسه قبعه.
131632409_4de0d4e710.jpg,فتاه في البيكيني تمشي علي طول الشاطء مع غيوم ضخمه وشاطء رملي خلفها,اليك وصف للصوره تظهر امراه مبتسمه ترتدي بيكيني ازرق علي شاطء رملي مع سماء زرقاء مليءه بالغيوم.,تظهر الصوره شابه ترتدي بيكيني علي شاطء رملي، بينما تشرق الشمس من بين الغيوم الكثيفه في السماء.,صوره لامراه ترتدي ملابس البحر علي شاطء.
1317292658_ba29330a0b.jpg,صبي يتمتع بالمطر,طفلا صغيرا يستمتع باللعب تحت رشاشات الماء، ويبدو سعيدا ومتحمسا.,طفل يصرخ فرحا تحت رذاذ الماء المتساقط.,طفل يضحك وهو يقف تحت الماء.
1319634306_816f21677f.jpg,كلب بني يجلس في بعض العشب الطويل,كلب بني اللون يجلس علي تل عشبي، ينظر الي الافق في يوم مشمس.,كلب جالس علي تله خضراء يتامل المنظر الطبيعي الواسع.,كلب يجلس في سهل اخضر في يوم مشمس.
1321723162_9d4c78b8af.jpg,طفله صغيره تمسك بيد مدرب التزلج علي الجليد,تظهر الصوره طفله تتعلم التزلج علي الجليد بمساعده مدربه، بينما يراقبها اخرون علي حافه الحلبه.,امراه تساعد طفله علي التزلج علي الجليد.,صوره لطفلتين تلعبان في حلبه تزلج.
1321949151_77b77b4617.jpg,يستلقي صبي صغير وفتاه صغيره علي مقعد اسود يحيط به الكبار,الصوره عباره عن لقطه علويه لمجموعه من الاشخاص في متحف، حيث يستريح البعض علي الاراءك بينما ينظر البعض الاخر الي الاعمال الفنيه او يقرا.,تظهر الصوره اشخاصا، بينهم اطفال، يستريحون ويقراون علي اراءك سوداء في ما يبدو انه معرض فني.,الصوره من الاعلي لمجموعه من الاشخاص يجلسون علي مقاعد في متحف فني.
1322323208_c7ecb742c6.jpg,صبي وفتاه يلعبون علي الشاطء,تظهر الصوره طفلين يلعبان علي الشاطء عند غروب الشمس، حيث يقوم احدهما بالرسم علي الرمال بينما يحمل الاخر عصا بالقرب من الامواج.,طفلان علي شاطء البحر وهما يرسمان علي الرمال عند غروب الشمس.,صوره لطفلين علي الشاطء اثناء الغروب.
1324816249_86600a6759.jpg,كلب بني يقف في حقل خصب مع الغيوم والجبال المذهله خلفه,تظهر الصوره كلبا ذهبي اللون يركض بسعاده في حقل عشب طويل مع جبال وصبار في الخلفيه تحت سماء زرقاء صافيه.,كلب جولدن ريتريفر يركض في مرج جاف، وخلفه جبال وسماء زرقاء.,كلاب ريتريفر ذهبيه تجري في سهل جبلي.
132489044_3be606baf7.jpg,رجل ينام مع حقيبه في حضنه علي وسيله النقل العام,رجلا يرتدي بدله ناءما علي عمود في قطار، ربما بسبب الارهاق.,رجل يرتدي بدله ينام في قطار الانفاق.,رجل يرتدي بدله وربطه عنق ناءم في مترو الانفاق.
1329832826_432538d331.jpg,يقف الناس علي زاويه شارع عند الغسق ، مع صيدليه في الخلفيه,واجهه متجر علي شارع ، مع اضاءه النيون الساطعه، وبعض الماره يقفون بالقرب منه.,مشهد مساءي لشارع مدينه به صيدليه تزينها اضواء النيون الساطعه.,صيدليه رايت ايد علي شارع برودواي.
1330645772_24f831ff8f.jpg,كلب ابيض واسود يركض في العشب,كلب من نوع برونر براونر ( ) وهو يركض بسرعه في حقل اخضر، ويبدو سعيدا ومتحمسا.,كلب يعدو بنشاط في حقل اخضر.,كلب يجري في سهل اخضر.
133189853_811de6ab2a.jpg,رجل اصلع يقبل رجل اخر علي الخد,اليك وصف للصوره يظهر في الصوره رجلان يرتديان بدلات رسميه ويتبادلان القبلات في حفل او مناسبه رسميه.,رجلان يرتديان ملابس رسميه، احدهما يقبل الاخر علي خده بفرح.,رجلان يرتديان ستره سوداء وربطه عنق وابتسامه سعيده، احدهما يقبل خد الاخر.
1332208215_fa824f6659.jpg,يجلس الناس داخل القطار,تظهر الصوره اشخاصا يجلسون في عربه قطار، مع رجل يرتدي قميصا ازرق وجينز، وامراه شابه ترتدي قميصا ابيض وتنظره جانبيه.,ركاب يجلسون في عربه مترو.,رجلان وامراه يجلسون في مترو الانفاق.
1332492622_8c66992b62.jpg,مجموعه من الناس يقفون علي شرفه بالقرب من مبني السيرك الملون,جزءا من واجهه لعبه في مدينه ملاهي، مع شخصين يطلان من شرفه مزينه بشبكه حمايه.,مشهد مبهج لزوار علي شرفه لعبه في مدينه ملاهي.,الصوره تصور شرفه في الطابق العلوي من مبني ملون يبدو انه جزء من هيكل كبير مزخرف، ربما في سيرك او مسرح.
1332722096_1e3de8ae70.jpg,ثلاث نساء يقفن في شارع المدينه,ثلاث نساء يقفن في مكان عام، ترتدي احداهن بنطال جينز اخضر اللون وحذاء مطري اخضر، بينما ترتدي الاخري ستره سوداء وبنطال اسود، والثالثه ترتدي ستره بيضاء وبنطال جينز قصير.,تظهر الصوره ثلاث نساء، اثنتان منهن ترتديان جزمات خضراء زاهيه، يقفن في مكان عام.,النساء الثلاثه يقفن علي الشارع العام.
1332815795_8eea44375e.jpg,طفل يتارجح في ارجوحه بالقرب من سياج خشبي,طفله صغيره تستمتع باللعب علي ارجوحه في حديقه، ويبدو عليها السعاده والبهجه.,طفل يتارجح في الهواء بمرجوحه في ملعب للاطفال.,طفل رضيع يتارجح في الملعب.
1332823164_c70a5d930e.jpg,فتاه تقف في المحيط,طفلا يقف علي شاطء رملي، ينظر الي البحر المتموج ذي الامواج البيضاء.,يقف طفل يرتدي ستره حمراء علي شاطء البحر، وتتكسر الامواج حول قدميه.,صوره لطفل يقف علي شاطء البحر وينظر الي الامواج.
1333888922_26f15c18c3.jpg,طفل يتارجح والشمس مشرقه,تظهر الصوره طفلا يتارجح علي ارجوحه في غابه مشمسه، مع اشعه الشمس المتلالءه التي تخترق الاشجار.,طفل يتارجح في غابه تضيءها اشعه الشمس الساطعه.,صوره لفتاه صغيره تتارجح في الملعب.
1334892555_1beff092c3.jpg,تلعب الفتيات بسيوف الرغاوي,اليك وصف للصوره تظهر الصوره طفلتين ترتديان خوذات واقيه وتتصارعان بعصي بلاستيكيه علي العشب ، بينما تقف امراه بالخلف وتصور المشهد بهاتفها.,فتاتان ترتديان خوذات وتلعبان بعصي اسفنجيه بينما تراقبهما فتاه اخري في الخارج.,ثلاثه اطفال يلعبون في ساحه، اثنان منهم يضربان بعضهما بقطع كبيره من الاسفنج.
1335617803_4fbc03dab0.jpg,صبيان يرتديان قمصانا زرقاء يقومان بعمل مضحك,طفلين يرتديان الزي المدرسي ويقومان بحركه مرحه علي العشب.,ولدان يرتديان الزي المدرسي ويقومان بحركات مرحه مع حقاءبهما في الهواء الطلق.,صبيان يضحكان ويلعبان خارج المنزل.
1338523142_57fce8229b.jpg,يسافر الرحال اسفل جبل صخري,شخصا يتسلق جبلا صخريا، مع منظر بانورامي لواد جليدي في الخلفيه.,متنزه وهو ينزل منحدرا جبليا صخريا مغطي ببعض الثلوج، مع اطلاله علي واد واسع في الخلفيه.,صوره لشابين يتسللان علي الجبل.
133905560_9d012b47f3.jpg,جرو يلعب مع كلب بالغ في الثلج,تتصارع كلبان من فصيله لابرادور بلون ابيض مصفر في الثلج، بينما توجد اشجار واغصان عاريه في الخلفيه.,جرو يقف علي ظهر كلب بالغ في الثلج.,كلبان لابردور في غابه مغطاه بالثلج. احد الكلبين فوق ظهر الاخر.
1339596997_8ac29c1841.jpg,ثلاث نساء مسلمات ينظرن الي كاميرا,ثلاث نساء يرتدين الحجاب، ويقمن بالتقاط صوره او مشاهده شيء ما علي كاميرا رقميه في مكان عام.,ثلاث نساء محجبات يتفحصن صورا بكاميرا رقميه، واحداهن تبدو مندهشه.,ثلاث فتيات يرتدين الحجاب يقفن عند الدرابزين، واحده منهن تحمل هاتفا.
1341787777_4f1ebb1793.jpg,الكلب البني ينحني لاسفل في محاوله للشرب من نفاثه الماء,كلب بني اللون يشرب من رشاش مياه في حديقه خضراء.,كلب يلهو بماء المرشاش في العشب.,كلب يلعق الماء من رشاش مياه في الحديقه.
1342766791_1e72f92455.jpg,صبي يدفع صبيا اخر الي اعلي,يساعد طفل اخر علي الصعود الي عمود، بينما تقف امراه في الخلفيه في حديقه عامه.,ولد يعتلي اكتاف ولد اخر محاولا تسلق عمود.,صبي يحمل اخر علي كتفيه، واخرون يلعبون في الخلف.
1342780478_bacc32344d.jpg,يقف رجل يرتدي قميصا وربطه عنق امام لافته,"رجل يرتدي بدله وربطه عنق يقف بشكل غير رسمي علي عمود حجري امام متجر "" "".","رجل يرتدي قميصا وربطه عنق يقف امام محل "" "" للدونات، مع حواجز حجريه فريده في المقدمه.",رجل يرتدي قميص ابيض وربطه عنق زرقاء يقف خلف عمود حجري في الشارع.
1343426964_cde3fb54e8.jpg,طفل يضع نظارات قرب الماء في الخارج,طفلا يبتسم ويرتدي نظارات شمسيه وقميصا ملونا، يقف امام مظله كبيره ملونه علي الشاطء.,طفل سعيد يرتدي نظاره شمسيه يبتسم علي الشاطء بجانب طاءره شراعيه صفراء.,طفل يبتسم وهو يرتدي نظارات شمسيه وقميص ازرق اللون يقف امام شراع اصفر كبير علي الشاطء.
1346051107_9cdc14e070.jpg,رجل يلعب ساكسفون بجانب صنبور النار,يعزف رجل مسن علي الساكسفون بجوار صنبور حريق اصفر واحمر، مع وجود حقيبه الساكسفون بجانبه علي ارضيه مبلطه.,عازف ساكسفون يعزف في الشارع بجانب صنبور اطفاء.,صوره لرجل مسن يلعب الساكسفون علي الرصيف.
1346529555_e916816cfe.jpg,كلب في الجو يلتقط الكره الحمراء,كلب صغير ذو فراء طويل يقفز في الهواء بفرح وهو يحمل كره حمراء في فمه، وخلفه نباتات خضراء وازهار ارجوانيه.,كلب صغير يقفز علي قدميه الخلفيتين حاملا فراوله حمراء في فمه، في حديقه خضراء.,كلب يركض في الحديقه ويحمل كره حمراء في فمه.
134724228_30408cd77f.jpg,تسير فتاتان علي طريق ترابي في حديقه,تظهر الصوره فتاتين تمشيان علي طريق ترابي في غابه، مع وجود شخص اخر يمشي في الخلفيه.,تسير شابتان في طريق ترابي محاط بالاشجار والحشاءش الجافه في يوم مشمس.,امراتان يمشيان في طريق ريفي.
1347519824_e402241e4f.jpg,بعض الشباب يلتقطون الصور لبعضهم البعض اثناء وجودهم في نيويورك,مجموعه من الاشخاص يرتدون تيجانا علي شكل تاج الحريه، ويبدو انهم ينتظرون في طابور او يتفاعلون مع بعضهم البعض، مع التركيز علي انعكاساتهم في نافذه او سطح زجاجي.,نساء يرتدين تيجان تمثال الحريه الخضراء ويتفاعلن مع بعضهن.,مجموعه من الناس وهم يرتدون تيجانا علي شكل تاج منحوت علي رءوسهم، وهم ينظرون الي بعضهم البعض داخل مترو الانفاق.
1348113612_5bfc5f429e.jpg,كلب ابيض واسود يقفز في بركه وراء كرات التنس,كلب اسود وابيض يسبح في مسبح مليء بكرات التنس.,كلب يسبح في مسبح ازرق مليء بكرات التنس الصفراء.,كلب يسبح في المسبح.
1348304997_afe60a61df.jpg,فتاه تقفز علي الترامبولين,طفله ذات شعر احمر تقفز في الهواء فوق مبني صغير، ويبدو انها تستمتع بوقتها.,فتاه سعيده تقفز علي الترامبولين في الهواء الطلق.,الفتاه الصغيره تقفز بمرح علي الترامبولين امام اخضر وابيض اللون.
1348891916_ebd4413033.jpg,كلب رطب يلعب في الماء,كلب ذهبي اللون يركض في الماء علي الشاطء، ويرش الماء حوله بحماس.,كلب جولدن ريتريفر مبلل يركض في البحر وتتناثر المياه من حوله.,كلب من فصيله المسترد الذهبي يجري في الماء.
1348947380_14f0fc1237.jpg,رجل وكلب يقفان علي تل يطل علي الماء,يتمشي رجل مسن مع كلبه علي حافه منحدر عشبي يطل علي البحر.,رجل وكلبه يتنزهان علي منحدر عشبي مطل علي البحر، والكلب مربوط بمقود احمر.,رجل مسن يمشي كلبا علي حافه منحدره مع البحر في الخلفيه.
1348957576_c4a78eb974.jpg,رجل وامراه يجلسان علي الارض محاطان بالقوارب,امراه ورجل يجلسان علي رصيف بجانب قوارب، ويبدو انهما يتحدثان او يتفاعلان مع بعضهما البعض، مع وجود كلب صغير بجانبهما.,شخصان يجلسان علي رصيف الميناء بجانب القوارب، يرافقهما كلب.,رجل وامراه جالسان علي حافه المرسي، يتحدثان ويضحكان، وراءهما قوارب صغيره.
1350811702_2ce7cfd0c5.jpg,صبي صغير يلقي خط الصيد الخاص به قباله رصيف الميناء,صبيا صغيرا يصطاد السمك من رصيف بجانب البحر، بينما يوجد اخرون يصطادون او يتمشون في الخلفيه.,صبي يصطاد السمك من رصيف بحري يرافقه اشخاص اخرون.,صوره لطفل يصيد السمك علي كورنيش البحر.
1350948838_fdebe4ff65.jpg,كلب ابيض واسود يقفز في بركه,كلب اسود وابيض يقفز في حمام سباحه، ويبدو انه يستمتع بوقت ممتع في الماء.,كلب يغطس في الماء لالتقاط كره.,كلب اسود وابيض يقف علي حافه حمام سباحه وينتظر قفز في الماء.
1351315701_6580b51c41.jpg,كلب اسود وكلب ابيض يركضان علي العشب,تظهر الصوره كلبين يركضان في حقل عشبي امام جمهور من الناس.,كلبان يركضان بحماس علي العشب الاخضر.,كلبان يركضان في حلبه.
1351764581_4d4fb1b40f.jpg,رجل اطفاء يطفء النار تحت غطاء محرك السياره,رجل اطفاء يروي سياره متوقفه علي جانب الطريق، مع فتح غطاء المحرك، ويبدو ان هناك شخصا اخر من رجال الاطفاء في الخلفيه.,يقوم رجل اطفاء برش الماء علي محرك سياره مفتوح الغطاء.,رجل اطفاء يرش الماء علي سياره اشتعلت فيها النار.
135235570_5698072cd4.jpg,رجل في حقل يحمل اعلام امريكيه,اليك وصف للصوره يظهر في الصوره رجل يركض علي العشب الاخضر امام نصب واشنطن ، بينما يطير قرص طاءر في الهواء.,شاب يستعد لالتقاط فريزبي امام نصب واشنطن والاعلام الامريكيه.,صوره لشاب يلقي بالفريسبي و هو ماش امام نصب واشنطن التذكاري في واشنطن العاصمه.
1352398363_9cc8ffcce9.jpg,طفل قذر يلعب في المنزل,طفلا صغيرا مغطي بالحبر او الطلاء، ويبدو انه قد احدث فوضي كبيره.,طفل صغير يرتدي حفاضه وجسده ووجهه مغطيان برسومات اقلام التحديد.,ولد يبدو انه قام برسم وشم مءقت علي جسده باستخدام الاقلام.
1352410176_af6b139734.jpg,فتاه شقراء تخطو علي سطوح راسيه في الرمال,طفله صغيره تمشي علي جذوع اشجار مثبته في رمال الشاطء، مع وجود البحر والسماء الغاءمه في الخلفيه.,فتاه تمشي وتتوازن علي جذوع خشبيه متراصه علي شاطء رملي.,الطفله تقف علي جذوع الاشجار علي الشاطء.
1354318519_2f9baed754.jpg,طفل يضحك,طفلا صغيرا بشعر احمر يبتسم بسعاده وهو ينظر الي انعكاسه في زجاج داكن.,طفل يرتدي ستره حمراء بقلنسوه يضحك بسعاده شديده، بينما يظهر انعكاسه بجانبه.,صوره لطفلين شقيقين يظهران في الصوره، احدهما ينظر الي الكاميرا ويبتسم.
1355450069_c0675b0706.jpg,رجل يصعد جدارا,متسلق صخور يرتدي حزاما وخوذه، وهو يتشبث بجدار صخري متدل اثناء تسلقه، مع وجود حبال وادوات تامين معلقه.,متسلق يتسلق صخره متدليه.,رجل يتسلق الجبل.
1355703632_5683a4b6fb.jpg,فتاه تتاهب لرمي الكره اللينه,اليك وصف للصوره فتاه صغيره ترتدي زي بيسبول ترمي الكره في ملعب بيسبول.,فتاه تلقي كره السوفتبول في الملعب.,الفتاه تلعب كره السله.
1355833561_9c43073eda.jpg,يتم رمي الطفل في الهواء,اب يرفع طفله الصغير في الهواء علي شاطء البحر تحت سماء ملبده بالغيوم.,طفل سعيد يبتسم وهو يرمي في الهواء فوق يدي شخص بالغ علي الشاطء.,رجل يحمل طفلا فوق راسه علي الشاطء.
1355935187_2c99648138.jpg,كلب ابيض يركض خارجا من خيمه,يخرج كلب ابيض صغير من خيمه زرقاء وبيضاء، ويبدو انه يستمتع بوقت ممتع في الهواء الطلق.,كلب ابيض فروي يخرج من نفق قماشي ملون علي العشب الاخضر.,كلب ابيض يخرج من خيمه ملونه.
1355945307_f9e01a9a05.jpg,رجل يقود سياره سباق حمراء قديمه الطراز,"سياره سباق حمراء قديمه تحمل الرقم وهي تنطلق علي مضمار سباق، مع وجود لافته """" في الخلفيه.","ساءق يقود سياره سباق كلاسيكيه حمراء تحمل الرقم علي حلبه، مع لافته ""بافاريا"" ضبابيه في الخلفيه.",صوره لسياره سباق حمراء تقودها سيده علي حلبه.
1356543628_c13ebe38fb.jpg,فتاه في غابه تحمل معدات التخييم,طفله صغيره تحمل معدات تخييم، بما في ذلك بساط نوم ولعبه دب، بينما تمشي في حديقه او غابه.,فتاه صغيره تحمل الكثير من اغراض التخييم وهي تسير في الطبيعه.,حملت فتاه صغيره اشياء كثيره.
1357689954_72588dfdc4.jpg,يحاول صبي تسلق الصخور الصناعيه,صبيا يمارس رياضه تسلق الجدران، وهو يرتدي حزام امان ويتشبث بالمسكه علي الجدار.,ولد يتسلق جدار تسلق صناعي تحت سماء زرقاء صافيه.,ولد يصعد حاءطا صخريا في يوم مشمس.
1357724865_4faf4e1418.jpg,رجل يقف في الماء بالقرب من شلال,شخصا يقف في مياه زمرديه صافيه اسفل شلال متدفق، محاطا بالصخور والنباتات الخضراء.,مشهد طبيعي لشلال يتدفق في بركه مياه فيروزيه صافيه، يقف فيها شخص.,صوره لشخص في بحيره امام شلال.
1357753846_6185e26040.jpg,كلب كبير اسود يعبر عبر المياه بالقرب من الشاطء,كلب اسود اللون وهو يركض في الماء، مما يخلق تموجات وانعكاسا في الماء الصافي.,كلب اسود يخوض الماء محدثا رشاشات.,كلب يجري في الماء.
1358089136_976e3d2e30.jpg,صبي يتزلج اسفل تله,رجل يتزلج علي لوح علي كثيب رملي كبير تحت سماء زرقاء صافيه.,شاب يتزلج علي الرمال فوق كثبان رمليه كبيره تحت سماء زرقاء صافيه.,رجل يركب الجبل الرملي.
1358892595_7a37c45788.jpg,كلب يمر عبر الغابه مع شيء في فمه,كلب صغير بلون ذهبي فاتح وهو يجري بسرعه في العشب، يحمل شيءا في فمه ويبدو سعيدا.,كلب يقفز في الهواء ويحمل ورقه شجر في فمه.,كلب يجري في الحديقه ويحمل ورقه في فمه.
1359101233_16c2c150e3.jpg,كلب في ستره حمراء يركض علي العشب,يركض كلب افغاني ذو فراء طويل بلون بني ذهبي في حقل اخضر، ويرتدي ستره حمراء.,كلب افغاني يرتدي ستره حمراء يعدو في حقل عشبي.,كلب من نوع الماني طويل الشعر يجري في سهل اخضر.
1361420539_e9599c60ae.jpg,كلب اسود يركض في العشب,جرو كلب بودل بني داكن اللون، ذو شعر مجعد، وهو يركض في العشب الاخضر.,جرو بني مجعد يمرح بين الاعشاب الخضراء الطويله.,كلب اسود يركض في حقل اخضر.
1363843090_9425d93064.jpg,كلب اسود يسترد قطعه قماش من مجري ماءي,كلب اسود وبني اللون وهو يمشي في نهر ضحل، يحمل قطعه قماش بيضاء في فمه.,كلب اسود يخوض في الماء ويحمل قطعه قماش بيضاء بفمه.,كلب اسود واحمر يعض عظمه في مياه صافيه ضحله.
1363924449_487f0733df.jpg,صبي يضع يديه علي راسه,طفلا صغيرا يقف علي العشب، ويداه علي راسه بتعبير مفاجء او قلق علي وجهه.,طفل صغير ذو شعر اشقر يضع يديه علي راسه وفمه مفتوح، يبدو وكانه يعبر عن دهشه او فرح في الهواء الطلق.,طفل يصرخ باكيا وهو يمسك راسه بيديه.
136552115_6dc3e7231c.jpg,رجل يلبس خوذه يقفز عن صخره علي دراجه جبليه,اليك وصف للصوره يظهر في الصوره راكب دراجات جبليه يقفز فوق صخره علي مسار في الغابه ، بينما يراقب راكب اخر من الاسفل.,يقفز راكب دراجه جبليه فوق صخره ترابيه، بينما يشاهد راكب دراجه اخر في الخلفيه وسط غابه من الاشجار.,رجل يركب دراجه هواءيه في الجو.
136639119_6040b00946.jpg,رجل يتسلق جرفا ويصل الي حد,متسلق صخور يتسلق منحدرا صخريا حادا، مع وجود حبال وادوات تسلق، وخلفيه من الاشجار والسماء الزرقاء.,متسلق صخور يتسلق قوسا صخريا فوق منظر طبيعي اخضر.,يصعد رجل علي حافه منحدره من الصخر.
136644343_0e2b423829.jpg,صبي يركب ارجوحه الاطارات,طفلا صغيرا يبتسم وهو يتارجح علي اطار سياره معلق بسلاسل في حديقه.,طفل يبتسم وهو يتارجح علي ارجوحه اطار.,ولد يلعب في الملعب.
136644885_f7d2bbf546.jpg,مجموعه من الناس يسيرون عبر جسر,تظهر الصوره فتاه تمشي علي جسر معلق مصنوع من الحبال بين الاشجار في غابه.,امراه تعبر جسرا حبليا عاليا بين الاشجار في غابه.,امراه تتسلق في غابه.
1368338041_6b4077ca98.jpg,ثلاثه كلاب علي رصيف,تتفاعل ثلاثه كلاب صغيره - اثنان ابيض اللون وواحد اسود - في ساحه مرصوفه بالحصي امام مبني حجري.,تظهر ثلاثه كلاب، اثنان ابيضان وواحد داكن، تتجول علي رصيف حجري.,ثلاثه كلاب تتشابك في الزاويه.
1368383637_614646cc4a.jpg,يقف الناس داخل هيكل نوافذ,ممرا طويلا ومضيءا في مبني حديث، مع وجود اشخاص وكلاب يسيرون فيه، وتركيز علي التصميم المعماري الفريد للمبني.,ممرا داخليا في مبني حديث ذي تصميم معماري فريد، حيث يتجول اشخاص وكلاب علي ارضيه عاكسه مضاءه بضوء ساطع.,الصوره لشرفه في مبني حديث يظهر فيها اشخاص وهم يمشون.
136886677_6026c622eb.jpg,رجل كبير يجلس في مءخره زورق مع رجل اخر في النهر,شخصان يجدفان بقارب الكانو في نهر ضيق محاط بالاشجار الخضراء الكثيفه.,شخصان يجدفان في زورق عبر نهر محاط بالغابات الكثيفه.,صوره لشاب يمخر البحر بقارب في نهر.
1370615506_2b96105ca3.jpg,محل النبيذ,"تظهر الصوره واجهه متجر نبيذ باسم "" "" مضاءه بنور النيون، مع وجود شخصين يقفان امام المتجر.",متجر نبيذ مضاء ليلا يقف امامه شخصان.,صوره لمتجر نبيذ في المساء.
1370773415_967b1ffde1.jpg,رجل وامراه يقفان خارج المطعم,"تظهر الصوره واجهه متجر قهوه مضاءه بشكل دافء باسم "" - ""، مع وجود شخصين يقفان امامه.",مقهي مضاء بدفء في المساء يقف امامه شخصان يتحدثان.,صوره لشارع هادء في حي سكني، حيث يظهر في المقدمه شجره وحديقه امام مبني، وبجانبها شخصان يتحدثان.
1377668044_36398401dd.jpg,كلب يقفز في الهواء لاستعاده عصا من رجل,رجل يرفع قطعه طعام عاليه في الهواء بينما يقفز كلبه بحماس لمحاوله الامساك بها.,كلب يقفز في الهواء محاولا الامساك بعصا يرفعها رجل.,رجل يرفع ذراعه اليمني ويقفز كلب بجانبه.
1378557186_4bd1da6834.jpg,رجل ومدفع وكلب,رجل يطلق النار ببندقيه، بينما يقف بجانبه كلب ذو لون بني وابيض.,رجل يصوب ببندقيه وكلبه يقف بجانبه في الهواء الطلق.,صوره لرجل يطلق النار من بندقيه ولكنه ينظر الي كلب بجانبه.
1379026456_153fd8b51b.jpg,رجل يجلس علي طاوله امام جهاز كمبيوتر يرتدي سماعات الراس,رجلا شابا يرتدي سماعات راس ويعمل علي جهاز كمبيوتر محمول في مقهي او مكان عام.,رجل يرتدي سماعات راس ويعمل بتركيز علي حاسوبه المحمول.,رجل يرتدي سماعه الراس ويستخدم جهاز كمبيوتر محمول.
1383698008_8ac53ed7ec.jpg,رجل يتسلق علي هيكل علي تله ثلجيه,متزلجا علي الثلج وهو يقوم بحركه بهلوانيه فوق حاجز في منتجع جبلي، مع خلفيه من الجبال المغطاه بالثلوج والسماء الزرقاء الصافيه.,متزلج علي الثلج يءدي حركه علي حاجز في جبال ثلجيه تحت سماء زرقاء صافيه.,يركب المتزلج علي الجليد حاجزا ثلجيا في الجبال.
1383840121_c092110917.jpg,كلب بني يرقد علي غلاف ازرق,تستلقي كلبه من سلاله فيزلا ذات لون بني محمر علي سرير ازرق بنقشه معقده، ويبدو انها ناءمه او مسترخيه للغايه.,كلب ناءم علي ملاءه زرقاء منقوشه.,كلب ناءم علي السرير.
1384292980_4022a7520c.jpg,الفتيات يسرن في الشارع,تتجول امراتان شابتان علي ما يبدو في مدينه، وهما تسيران بجانب جدار خرساني مع تركيبات سباكه.,امراتان تسيران في الشارع.,صوره لامراتين يمشيان في الخارج.
1386251841_5f384a0fea.jpg,امراه تنظر الي الملابس علي العارضات,تظهر الصوره امراه تقف امام واجهه عرض متجر ازياء، حيث تعرض دمي العرض ملابس انيقه في بيءه ذات اضاءه صفراء.,امراه تتامل عارضات ازياء تعرض ملابس في متجر مضاء باللون الاصفر.,المراه تنظر الي العارضات في محل ملابس.
1386964743_9e80d96b05.jpg,صبي يلعب بكاميرا بينما يقف علي مسار ترابي,طفلا صغيرا يقف في منتصف طريق ترابي، يحمل كاميرا ويلتقط صوره، محاطا بحقول خضراء واشجار ونباتات.,طفل صغير يقف علي ممر ترابي في حقل اخضر واسع، ويلتقط صوره بكاميرا صغيره.,طفل يقف علي طريق ترابي في حقل ويحمل كاميرا.
138705546_be7a6845dd.jpg,فتاتان تطلان علي بحيره باتجاه رجل يصطادان,تجلس فتاتان علي الصخور بجانب النهر، وهما تنظران الي قارب صغير في المسافه، محاطه باشجار خضراء مورقه.,فتاتان تجلسان علي صخور بجانب الماء تحت اغصان شجره وارفه.,صورتان لفتاتين تجلسان علي صخره عند حافه بحيره، ويراقبان قاربا يتحرك في الماء.
138718600_f430ebca17.jpg,فتاتان تجلسان علي احد الانهار مع دراجتهما بجانبهما,تجلس فتاتان علي ضفه نهر او قناه، بجوار دراجتيهما، وتتبادلان الحديث في يوم مشمس.,امراتان تستريحان بجانب مجري ماءي، وبجانبهما دراجتان هواءيتان.,صورتان لامراتين شابتين جالستين علي العشب بجانب دراجتين لهما علي ضفه نهر.
1387443857_602ab6f9bf.jpg,رجل مسن يجلس علي مقعد حجري,تظهر الصوره مجموعه من كبار السن جالسين علي رصيف ميناء، ربما يستمتعون بالطقس او يراقبون الطيور، مع وجود سيارات في الخلفيه.,يجلس رجلان مسنان علي رصيف ميناء، وبجانبهما حبال وسلاسل.,صوره تظهر اثنين من كبار السن جالسين علي حافه رصيف بحري، يبدو انهم يستمتعون بالمنظر البحري.
1387461595_2fe6925f73.jpg,يقف الرجال بجانب واجهه صخريه,اليك وصف للصوره تظهر الصوره اربعه رجال يقفون امام علامه ترحيب حجريه كبيره في مدينه بنزانس ، كورنوال ، انجلترا ، والتي تعرض الترحيب باللغتين الانجليزيه والكورنيشيه.,علامه حجريه كبيره ترحب بالزوار في بنزانس، يقف بجانبها ثلاثه رجال، مع شارع مليء بالسيارات المركونه في الخلفيه.,"الصوره تصور ثلاثه رجال يقفون بجانب حجر كبير من الجرانيت مكتوب عليه "" ' ""."
1387785218_cee67735f5.jpg,طفل يدفع دميه في عربه اطفال,طفل صغير يمشي في الشارع وهو يدفع عربه دميه، بينما يمر اطفال اخرون وكلب في الخلفيه.,طفل صغير يدفع عربه دمي بها دميه في الشارع.,طفل رضيع يدفع عربه اطفال بها دميه علي الطريق.
1388346434_524d0b6dfa.jpg,رجل ذو شعر رمادي وقميص منقوش يطل عن شرفه,رجل مسن يرتدي قميصا منقوشا يقف علي حافه مرتفعه ويتامل منظرا لمدينه ذات مبان تاريخيه وطريق مزدحم.,رجل يتكء علي جدار ويطل علي منظر مدينه.,رجل مسن ينظر الي منظر المدينه من شرفه.
1388373425_3c72b56639.jpg,امراه في قميص اسود تجلس بجانب حقيبه خضراء,تجلس امراه ترتدي نظاره شمسيه وقميصا اسود علي حافه رصيف حجري، وتتحدث علي هاتفها المحمول بينما توجد حقيبه وحقيبه تسوق بجانبها، مع وجود اشخاص اخرين في الخلفيه.,امراه ترتدي نظارات شمسيه تبتسم وهي تتحدث في هاتفها، جالسه علي جدار في يوم مشمس.,صوره لامراه تتحدث في الهاتف وهي جالسه علي حافه.
1388970365_162edcceb4.jpg,كلب اسمر واثنين من الكلاب السوداء في حقل عشبي ضخم,ثلاثه كلاب تلعب في حقل عشبي اخضر، مع وجود مبني صغير واشجار في الخلفيه.,تظهر الصوره ثلاثه كلاب في حقل عشبي.,ثلاثه كلاب يلعبون في حقل.
1389264266_8170bc1c54.jpg,فتاه ذات شعر وردي متعرج تنظر الي الخلف بينما الفتاه التي تمشي بجانبها تنظر اليها,اليك وصف للصوره تتحدث فتاتان ترتديان ملابس غير تقليديه في الهواء الطلق ، مع وجود اشجار ومباني في الخلفيه.,تظهر شابتان بازياء شبابيه مميزه، احداهما بشعر وردي وتنظر الي الخلف.,صوره لامراتين يقفان في الخارج، يبدو انهن يتحادثن.
1389323170_d1c81d6b51.jpg,امراه وحيده تجلس علي مقعد اخضر معتاد مع فنجان في يدها,تجلس امراه علي مقعد اخضر علي شكل حجر في مكان عام، وتحتسي مشروبا بينما يحيط بها اشخاص اخرون يستمتعون باشعه الشمس في مقهي او منطقه جلوس خارجيه.,تجلس امراه علي مقعد اخضر خارج مقهي، وتحمل كوب قهوه في يدها.,امراه جالسه علي كرسي اخضر مع حقيبه كبيره خلفها، تحمل كوبا احمر وتتحدث مع شخص اخر.
1389651420_8d95d8f6ed.jpg,صبي صغير يبتسم ابتسامه عريضه في الخلفيه,طفلا يبتسم بفرح وهو يقف بجانب حلبه سباق الكارتينغ، بينما تجلس فتاه صغيره في احدي الكارتينغ.,صبي صغير بوجه مضحك امام فتاه تجلس في سياره كارتينغ بمضمار السباق.,ولد يضحك وهو ينظر الي كاميرا التصوير، وفتاه تركب عربه سباق في الخلف.
1392272228_cf104086e6.jpg,كلب اسود يحمل جسما خارج الماء,كلب اسود اللون يركض في الماء وهو يحمل عصا في فمه، مع وجود امواج حوله.,كلب اسود يركض في امواج البحر وهو يحمل عصا.,كلب يجري في البحر وفي فمه عصا.
1394368714_3bc7c19969.jpg,كلب ينتظر بينما يفتش صاحبه علي شيء,تظهر الصوره كلبا صغيرا من فصيله البج يحدق في الكاميرا بينما ينحني رجل امامه للبحث في صندوق من البضاءع في سوق او بيع مراب.,كلب بغ يقف امام شخص منحن يحمل مقودا ازرق، وسط مشهد سوق خارجي.,رجل يلتقط كيس بلاستيك بجانب كلب.
1394396709_65040d97ab.jpg,كلب بني يحمل جسما اسود,كلب ذهبي اللون يركض في الماء وهو يحمل لعبه صفراء وسوداء في فمه.,كلب جولدن ريتريفر يسبح في مياه خضراء ويحمل لعبه في فمه.,كلب يجري في الماء وهو يحمل في فمه لعبه.
1394599090_fe0ba238f0.jpg,يلعب اب وطفل في البركه,اب يلعب مع ابنه الصغير في حمام السباحه، ويبدو ان الطفل يستمتع بالماء ويضحك.,صبي صغير يتفاعل مع رذاذ الماء المتناثر عليه بفم مفتوح في المسبح، بينما يمسكه رجل.,صوره لطفل يغتسل مع شخص بالغ في المسبح.
1394620454_bf708cc501.jpg,رجل يقف في منطقه صخريه,تظهر الصوره رجلا يرتدي ملابس ملونه ويقف امام منظر طبيعي جبلي مهيب تحت سماء غاءمه.,رجل يرتدي ملابس المشي علي قمه جبليه صخريه تحت سماء غاءمه.,رجل يرتدي ملابس رياضيه، يقف علي قمه جبليه، مع وجود جبال عاليه في الخلفيه تحت سماء غاءمه.
1394927474_0afdd82fc4.jpg,يقف صبي يحمل بالون اخضر خارج مبني كبير,واجهه مبني قديم مصنوع من الحجر، مع باب كبير مزخرف، ورجل يقف بجانبه.,فتي وبالون اخضر امام باب خشبي مزخرف لمبني حجري قديم.,الصوره لشاب امام باب خشبي كبير مزخرف في مبني قديم.
1396064003_3fd949c9dd.jpg,رجل راسا علي عقب في الهواء فوق الماء,رياضيا يقوم بحركه بهلوانيه مذهله اثناء التزلج علي الماء، حيث يرتفع في الهواء مع رذاذ الماء المتطاير حوله.,رياضي ويك بورد يءدي حركه بهلوانيه مقلوبه في الهواء.,رجل يمارس رياضه التزحلق علي الماء.
1396703063_e8c3687afe.jpg,رجل يرتدي قميصا ازرقا وقبعه رعاه البقر,شابا يرتدي قبعه رعاه البقر وسلسله ذهبيه، يقف امام خلفيه ضبابيه لالعاب المهرجان المضيءه.,شاب يرتدي قبعه قش ومسبحه، يقف امام خلفيه ملاهي ضبابيه وملونه.,رجل يرتدي قميص ابيض و قبعه ذي حافه عريضه، ويرتدي سلسله ذهبيه، ويقف في سوق مزدحم، وينظر الي شيء ما في المسافه.
1397295388_8a5b6b525d.jpg,الناس ينتظرون امتعتهم,منطقه استلام الامتعه في مطار مزدحمه بالركاب المنتظرين لاستعاده حقاءبهم.,صاله مزدحمه لاستلام الامتعه في مطار، تبرز فيها الات قمار بجانب سيور الحقاءب.,الصوره تصور مشهدا في مطار، حيث ينتظر المسافرون وصول امتعتهم علي سيور متحركه.
1397887419_e798697b93.jpg,كلب اسمر يطارد اشقر في العشب,تظهر الصوره كلبان يركضان علي العشب الاخضر، مع وجود تاثير ضبابي بسبب الحركه السريعه.,"كلبان من فصيله ""الداشهند"" يركضان بسرعه عبر عشب اخضر.",كلبان يركضان في الحديقه.
1397923690_d3bf1f799e.jpg,رجل يتزلج بعنايه اسفل تله مغطاه بالثلج يرتدي حقيبه ظهر,شخصا يرتدي ملابس التزلج ويتسلق تلا مغطي بالثلوج باستخدام عصي التزلج.,متزلج في صوره ظليه يتسلق منحدرا ثلجيا تحت سماء زرقاء صافيه.,رجل يمشي في طريق منحدر علي الجليد باستخدام معدات التزلج.
1398606571_f543f7698a.jpg,فتاه في دولاب تستمتع البحيره,طفله صغيره ترتدي ملابس سباحه ورديه وخضراء، وهي تطفو في الماء داخل اطار اسود، وتبدو متحمسه او مندهشه.,فتاه صغيره تصرخ في الماء وهي داخل طوق سباحه.,طفله في حوض سباحه مطاطي في البحر.
1398613231_18de248606.jpg,رجل وفتاه يجلسان داخل انبوب عاءم في الماء,رجل وطفله صغيره جالسان داخل اطار سباحه اسود في الماء، ويبدو انهما يستمتعان بوقت ممتع.,اب وابنته يطفوان بسعاده في الماء علي عوامه.,رجل وطفله يجلسان علي طوق في الماء.
1398873613_7e3174dd6c.jpg,رجل يبتسم ويمسك بحبل علي متن قارب,رجل يرتدي قميصا بنيا ونظارات شمسيه وهو يلوح بعلم امريكي بينما يقف بجانب شخص اخر علي متن قارب.,رجل يبتسم مرتديا نظارات شمسيه علي متن قارب، وخلفه رجل اخر وعلم امريكي.,رجلين، احدهما يرتدي نظاره شمسيه وقميص بني اللون، يقوم باجراء عمل ما علي حبل او سلسله متصله بمركب، بينما الرجل الاخر يظهر من الخلف مرتديا قميص ابيض اللون.
1400424834_1c76e700c4.jpg,سيده مرتديه السواد تنتظر علي رصيف القطار,تظهر في الصوره فتاه شابه ترتدي بنطال جينز وقميصا مخططا وحذاء بوت، وهي تقف علي رصيف بجانب نباتات واشجار، وتنظر الي الجانب.,شابه ترتدي بلوزه بنمط الحمار الوحشي وبنطلون جينز وحذاء بوت، تقف علي رصيف وتحمل حقيبه ظهر.,الفتاه تقف علي جسر للمشاه امام مبني.
1402640441_81978e32a9.jpg,فتي صغير يرتدي بدله كره قدم حمراء,طفلا يقفز محاولا ضرب كره قدم بالراس علي شاطء رملي.,طفل يقفز في الهواء ليمسك بكره القدم علي الرمال.,صبي يركل كره القدم في الهواء علي الشاطء.
1402641725_5e027ecaa7.jpg,يلعب اربعه اطفال علي تله من الرمال,اربعه اطفال يستمتعون بالانزلاق علي كثبان رمليه، مما يثير الغبار حولهم.,اطفال يمرحون وهم يتزحلقون علي الكثبان الرمليه.,الاطفال يلعبون في كومه من الرمل.
1402843760_d30f1dbf0f.jpg,كلب يتسلل عبر العشب,كلب ابيض صغير من نوع بيشون فريز يركض بحماس بين اعمده في مسابقه رشاقه الكلاب.,كلب ابيض صغير يجتاز الاعمده علي العشب الاخضر.,كلب من فصيله البيشون فريزيل يركض في حقل.
1402859872_0fc8cf8108.jpg,صبي يرفع كفه لتمثال,"طفله صغيره ترفع يدها لتعطي ""خمسه"" لتمثال علي شكل دميه اختبار تصادم باللون الاصفر.",طفله تلمس يد دميه اختبار تصادم صفراء.,طفل يصافح دميه صفراء كبيره.
1403414927_5f80281505.jpg,كلب اسود امام كلب ابيض يسير علي طريق في غابه,تتجول كلبان رشيقان علي طول مسار ترابي ضيق في غابه خضراء مورقه.,كلبان يسيران علي درب ترابي في غابه خضراء.,كلابان يمشيان علي طريق في الغابه.
140377584_12bdbdf2f8.jpg,رجل يتسلق الصخور,رجل يتسلق صخره كبيره، وهو يرتدي خوذه وحزام امان، مع وجود حبل يربطه، وخلفه غطاء نباتي كثيف.,متسلق يرتدي خوذه يصعد صخره كبيره مستخدما حبلا، مع خلفيه من الاشجار الخضراء.,رجل يتسلق الجبل في صوره.
140430106_2978fda105.jpg,كلب يجري علي طول الشاطء في يوم مشمس,كلب بني اللون وهو يقفز بسعاده علي شاطء رملي واسع تحت سماء زرقاء صافيه مع بعض الغيوم.,كلب يثب علي الشاطء.,كلب يلعب علي الشاطء.
1404832008_68e432665b.jpg,رجل في حزام,رجل عار الصدر وهو يرتفع من الماء بعد ان سحبته اله ماءيه، مما ادي الي تناثر المياه حوله.,رجل يتطاير فوق الماء من نظام كابلات، محدثا رذاذا هاءلا، وانعكاس صورته يظهر في الاسفل.,رجل يمارس رياضه التزحلق علي الماء باستخدام حبل المطاط.
1405221276_21634dcd58.jpg,كلبان ينفضان الماء بينما يلعبان بكره علي حافه جسم من الماء,كلبين يستمتعان باللعب في الماء، مع رشاشات الماء تتطاير حولهما، ويبدو احدهما سعيدا وينظر مباشره الي الكاميرا.,كلابا تنفض الماء، وتتالق قطراته في اشعه الشمس الذهبيه.,كلبان يلعبان في الماء.
140526326_da07305c1c.jpg,رجل يرتدي حزاما وحبل علي خصره يقف علي قمه جبل يطل علي الماء,متسلق صخور يرتدي معدات السلامه، وهو ينظر الي الاسفل من فوق جرف صخري يطل علي مدينه وساحل جميل.,متسلق يقف علي قمه صخريه مطله علي مدينه ساحليه واسعه وخليج مليء بالقوارب.,رجل يتسلق الجبال في الهواء الطلق، مرتديا حزام امان، ويربط حبال التسلق في منطقه بها العديد من الاشجار والجبال.
140526327_3cb984de09.jpg,رجل يتسلق الصخور بالقرب من المحيط,رجل يتسلق صخره مرتفعه، يرتدي خوذه برتقاليه، وينظر الي منظر طبيعي خلاب يضم مدينه وشاطءا وبحرا.,متسلق صخور ينظر الي الاعلي بينما يطل علي مدينه ساحليه وبحر شاسع.,رجل يرتدي خوذه ويرتفع علي حافه صخريه، ويربط الحبال بركبته وذراعه، ويرتفع فوق منظر طبيعي خلاب يطل علي خليج او بحيره مع افق المدينه في الخلفيه.
1406010299_5755339f08.jpg,صبي يرتدي زي القراصنه يبرز في الكاميرا بينما تجلس القوارب في الخلفيه,طفلا يرتدي زي قرصان، مع عصابه راس ملونه وعصابه عين سوداء، يقف امام خلفيه من قوارب بيضاء في يوم مشمس.,صبي يرتدي زيا يشبه زي القراصنه ورقعه عين، بتعبير جاد وقبضه مشدوده، وخلفه قوارب راسيه علي الماء.,ولد صغير يرتدي زي قراصنه.
1408958345_68eea9a4e4.jpg,فتاه تبتسم وهي تسير علي الشاطء الرملي الابيض في ملابس السباحه,طفله صغيره تركض علي الشاطء وهي ترتدي ملابس سباحه ملونه، مع امواج البحر في الخلفيه.,طفله سعيده تجري علي شاطء البحر.,صوره لطفله علي الشاطء.
1410193619_13fff6c875.jpg,طفل يقف علي جانب الاريكه,تظهر الصوره شخصا مستلقيا علي اريكه حمراء ويستخدم مروحه كبيره موجهه نحو السقف، ربما لتبريد الغرفه او لخلق تيار هواءي.,طفله صغيره تتسلق اريكه حمراء لتصل الي مصباح ارضي.,صوره لامراه في بيت، جالسه علي ظهر اريكه حمراء، ومرتديه ملابس سوداء، ولها غطاء ازرق يغطيها.
141139674_246c0f90a1.jpg,صبي يضرب البيسبول بالمضرب,يضرب طفل صغير يرتدي خوذه زرقاء الكره في لعبه البيسبول، بينما يقف حارس المرمي خلفه مستعدا.,طفلا صغيرا يضرب كره البيسبول بمضربه بقوه.,صوره لطفل يضرب الكره في لعبه البيسبول.
141140165_9002a04f19.jpg,صبي صغير يشير الي وجه صبي صغير اخر,يحتفل لاعب بيسبول صغير يرتدي قميصا ازرق فاتح مع زميله في الفريق الذي يرتدي قميصا برتقاليا بعد الوصول الي القاعده.,طفلان يلعبان البيسبول، احدهما يشير باصبعه الي وجه الاخر في الملعب.,صوره لطفلين يلعبان الكره، احدهما يلمس انف الاخر.
1412832223_99e8b4701a.jpg,فتاه في منطقه رمليه,فتاه تقفز في الهواء فوق كومه من الرمال، ويبدو انها تستمتع بوقتها.,فتاه صغيره سعيده تقفز في الهواء فوق الرمال.,صوره لطفله قفزت فوق رمل البحر.
1413956047_c826f90c8b.jpg,ثلاثه يقفون علي الجبل,ثلاثه رجال يقفون علي قمه جبل، مع منظر طبيعي خلاب من الجبال والغابات والسماء الزرقاء الملبده بالغيوم في الخلفيه.,ثلاثه رجال يقفون علي قمه جبل ذات منظر طبيعي خلاب.,ثلاثه رجال يقفون علي قمه الجبل، امامهم مناظر طبيعيه خلابه من الجبال والسماء.
1414779054_31946f9dfc.jpg,صبي يقفز من اعلي كتله اسمنتيه,طفلا يقفز من علي رصيف مرتفع، ويبدو متحمسا ومستمتعا بالقفز.,طفل يقفز بفرح في الهواء علي طريق مرصوف.,صبي يصعد علي حافه رصيف.
1414820925_3504c394e1.jpg,رجل يرتدي سروالا احمر يقفز خلف شبكه للكره الطاءره,اليك وصف للصوره يظهر رجل يرتدي نظارات شمسيه وشورت احمر وهو يقفز في الهواء اثناء لعب الكره الطاءره الشاطءيه امام جدار من الطوب.,لاعب كره طاءره يقفز عاليا لضرب الكره فوق الشبكه.,صوره لشاب يلعب الكره الطاءره علي شرفه من الطوب الاحمر.
1415591512_a84644750c.jpg,فتاه تلعب في الوحل بالقرب من سياره,تجري طفله صغيره ذات شعر اشقر متطاير في العشب، وهي تحمل عصا، مع وجود سياره فضيه في الخلفيه.,طفله تركض بحماس علي العشب مرتديه جزمات.,صوره لطفله صغيره تركض في العشب امام سياره فضيه اللون.
1417031097_ab656bc4bd.jpg,شخص يضحك علي متن السفينه الدواره,"تظهر الصوره اشخاصا يستمتعون بركوب لعبه ""الكرسي المتارجح"" في المهرجان، حيث يظهرون معلقين في الهواء وهم يصرخون من الاثاره.",تظهر امراه تضحك بفرح علي متن لعبه اثاره في مدينه ملاهي.,ركب الناس في عربه ترفيهيه مربوطه بحبال ترفرف في الهواء.
1417295167_5299df6db8.jpg,رجل يحمل شراب في يده وينظر الي هاتفه المحمول,شاب يرتدي نظارات وقميصا اسودا من وهو ينظر الي هاتفه المحمول بينما يحمل كوبا من المشروبات، محاطا باشخاص اخرين في مكان عام.,شاب ينظر باهتمام الي هاتف في يده، ويحمل كوب مشروب.,صوره لرجل يمسك هاتفا محمولا في يده اليمني وكوبا بلاستيكيا في يده اليسري.
141755290_4b954529f3.jpg,امراه في ثياب رياضيه حمراء تعصر الليمون,"تظهر الصوره امراه تبتسم وهي تعمل علي عصاره قصب السكر في كشك في الهواء الطلق، مع وجود علامه """" (اكراميات) وبعض الاكواب والمواد الاخري حولها.",امراه ترتدي قلاده من الزهور وتصنع العصير في كشك.,امراه تعمل في محل لبيع العصاءر.
141755292_7a0b3364cf.jpg,رجل وامراه في مادبه عشاء,اليك وصف للصوره تخدم امراه شابه طبقا من الطعام لشخص ما من طاوله بوفيه في حدث خارجي.,تظهر شابه تقدم طبقا من النودلز واللحم في منطقه لتقديم الطعام.,امراه واقفه امام طاوله طعام معد ماءده في الخارج.
1417637704_572b4d6557.jpg,طفلان بشعر بني في صندوق سياره,طفلين صغيرين جالسين في صندوق سياره مفتوح، ويبدو انهما يستمتعان بوقتهما.,طفلتان لطيفتان تطلان بفضول من فتحه سياره.,صوره لطفلين داخل صندوق سياره.
1417882092_c94c251eb3.jpg,اثنين من المشاهدين,شابين يقفان بجانب بعضهما البعض، ينظران الي الامام، مع خلفيه ضبابيه لمدينه ملاهي.,شابان يرتديان ملابس عصريه يقفان امام خلفيه ملونه وضبابيه.,صوره لشابين يرتديان ملابس غير رسميه ويراقبان شيءا ما.
1417941060_2a0f7908bc.jpg,طفل يلعب مع وجه صبي,يستلقي صبي علي سرير منسوج، بينما يحاول طفل صغير اللعب براسه، ويبدو ان هناك شخصا اخر بجانبهما.,رضيع يلمس راس صبي اكبر بلطف علي سرير منسوج.,صوره لطفل رضيع يتفحص شعر صبي كبير.
1418019748_51c7d59c11.jpg,يتحدث رجل في قميص ابيض وقبعه زرقاء,رجل يرتدي قبعه زرقاء وقميصا ابيض اللون، ويبدو انه يعمل في كشك لبيع الطعام، حيث يحمل شيءا في يده المغطاه بقفاز ابيض.,رجل يرتدي قبعه زرقاء وزيا ابيض يقدم طعاما، مرتديا قفازا.,رجل مسن يضع غطاء علي زجاجه مشروب غازي.
1418266617_b32143275b.jpg,كلب رطب يقفز فوق عقبه,كلبا من نوع سبرينجر سبانييل وهو يقفز فوق حاجز في مسابقه رياضيه، ويبدو انه يستمتع بالماء المتطاير حوله.,كلب بني وابيض رطب يقفز بتركيز فوق حاجز وسط رذاذ الماء المتطاير.,كلب يعدو في سباق للكلب.
1418503947_953d373632.jpg,رجل يرتدي قبعه برتقاليه يسحب سيجاره من صندوق,رجل يرتدي قبعه منقوشه وقميصا بنيا، وهو ينظر الي الاسفل ويضع شيءا في حقيبه، مع وجود سيجاره معلقه من فمه، بينما يظهر اشخاص اخرون في الخلفيه.,رجل بقبعه كاروهات بنيه اللون وسيجاره في فمه يمسك علبه سجاءر خضراء بيده.,صوره لرجل يفتح علبه خضراء.
1419286010_b59af3962a.jpg,رجل في قبعه رماديه يصطاد,رجلا يرتدي قبعه ويجلس في قارب، وهو يمسك بصناره صيد ويبدو منغمسا في صيد السمك في يوم مشمس.,رجل يصطاد السمك من قارب في بحيره هادءه تحت سماء صافيه.,رجل يصطاد الاسماك في بحيره هادءه.
1419385780_1383ec7ba9.jpg,رجل يرتدي الازرق,رجلا يرتدي نظارات شمسيه من وشعرا علي شكل قمه، وهو يربط رباطات يده، ويبدو انه يستعد للملاكمه او القتال.,"شابا بتسريحه شعر بانك بارزه ونظارات """" الشمسيه.",رجل يمتطي دراجه ناريه في وسط المدينه، يمتاز بقصه شعره العاليه والملفته.
1420060020_7a6984e2ea.jpg,الصبي يرتدي بدله النينجا,طفلا يرتدي زي النينجا الاسود مع وشاح احمر مزين برسمه طاءر ذهبي، وهو في وضعيه قتاليه.,طفل يرتدي زي نينجا اسود واحمر ويستعرض حركه لكمه.,طفل يرتدي زي النينجا ويعند راحته اليمني.
1420060118_aed262d606.jpg,طفل يرتدي زي النينجا يقفز في الهواء تحت شجره كبيره,طفلا يرتدي زي النينجا وهو يقفز في الهواء امام خلفيه من الاشجار الخضراء.,طفل يرتدي زي النينجا يقفز في الهواء بخلفيه خضراء.,صوره لطفل يرتدي زي النينجا ويقفز في الهواء.
1423126855_6cd2a3956c.jpg,مسافر يمتثل في حقل اخضر مع الاغنام,رجل يحمل حقيبه ظهر كبيره ويقف في حقل اخضر واسع مع وجود بعض الاغنام في الخلفيه، وخلفهم بحيره وجبال تحت سماء غاءمه.,رجل يحمل حقيبه ظهر في منظر طبيعي ريفي اخضر يضم اغناما وبحيره في الخلفيه.,رجل يرتدي حقيبه ظهر واقف في سهل مع حجر في يده.
1423997242_ea2189ec5e.jpg,مسافر يستريح في حقل,رجل يجلس في العراء بجانب حقيبه ظهر وموقد صغير، ويستمتع بمنظر طبيعي اخضر واسع.,رجل يسترخي وعيناه مغلقتان في مرج عشبي واسع، وبجانبه موقد تخييم وحقيبه ظهر.,رجل يجلس علي تل في سهل مع معدات للتخييم امامه.
1424237335_b3be9920ba.jpg,يتدلي طفلان من قضيب معدني بالقرب من الارض,طفلتين صغيرتين معلقتين علي قضيب افقي، وهما تستمتعان باللعب في الهواء الطلق.,فتاتان صغيرتان تتارجحان علي عارضه.,صوره لطفلين يلعبان في الخارج.
1424775129_ffea9c13ab.jpg,صبي صغير يسير علي مسارات السكك الحديديه,"طفلا يمشي علي سكه حديديه بالقرب من محطه قطار قديمه تحمل اسم ""نوبيليوس"" محاطه بالاشجار.","ولد صغير يمشي علي قضبان قطار بجوار مبني مكتوب عليه ""نوبليوم"" وتحيط به الاشجار.",طفل يقف علي سكه حديد امام مبني صغير.
1425013325_bff69bc9da.jpg,اثنين من الكلاب الكبيره تلعب في الماء,يركض كلبان اسودان في الماء علي شاطء رمادي اللون في يوم ضبابي.,كلبان يركضان ويتناثران الماء في المياه الضحله.,تعمل الكلبان في ضباب علي شاطء رملي.
1425069308_488e5fcf9d.jpg,كلب ابيض يصطاد كره زرقاء,تظهر الصوره كلبا ابيض وبني اللون يقفز عاليا في الهواء محاولا الامساك بكره زرقاء، بينما يجلس كلب اسود علي الاريكه في الخلفيه في غرفه المعيشه.,كلب يقفز في الهواء لالتقاط كره زرقاء داخل غرفه معيشه.,كلب يقفز في الهواء.
1425069590_570cc7c2d8.jpg,طفله صغيره تتسلق في ملعب,طفله صغيره ترتدي فستانا اصفر اللون وتحمل ايديها علي قضبان حمراء، وهي تقفز علي سطح برتقالي اللون في حديقه.,فتاه صغيره تبتسم وهي تخطو علي معدات لعب حمراء في الملعب.,صوره لطفله صغيره تلعب في الخارج.
1425485485_d7c97a5470.jpg,فتاه تغلق عيناها وهي تلامس خدين الصبي,طفلين صغيرين يتبادلان الضحك والمرح، حيث يهمس احدهما في اذن الاخر.,طفلان يتهامسان ويضحكان معا.,صوره لطفلين، يبدو ان احدهما يهمس في اذن الاخر.
1425919702_ddb761aeec.jpg,حشد من الناس يجلسون علي مقاعد في الملاعب الرياضيه,اليك وصف للصوره تظهر الصوره حشدا من الناس يجلسون في المدرجات في ملعب رياضي، مع وجود لافتات ل في الخلفيه.,"المشهد جمهورا يجلس في مدرجات ملعب مشمس، مع لافتات ""تيم هورتونز"" بارزه في الخلفيه.","صوره لجمهور في ملعب رياضي ينتظرون حدثا، وبدت علامه ""تيم هورتونز"" جليه في الخلفيه."
1426014905_da60d72957.jpg,رجل يقف وحيدا بالقرب من سياج ابيض,رجل مسن يقرا كتابا علي شرفه مرتفعه مع اطلاله بانوراميه علي المناظر الطبيعيه الخلابه والسماء الزرقاء الصافيه.,رجل يقرا كتابا علي شرفه مرتفعه تحت سماء زرقاء واسعه.,رجل يقرا كتابا علي شرفه ذات منظر طبيعي خلف سور معدني.
1427391496_ea512cbe7f.jpg,صبي صغير يبتسم للكاميرا في الملعب,طفلا صغيرا يبتسم وهو يقف علي هيكل خشبي بالقرب من الشاطء، مع وجود ممر خشبي وبحر في الخلفيه.,طفل مبتسم يقف علي سطح خشبي، وفي الخلفيه يظهر شاطء البحر ورصيف قديم.,صوره لطفل يقف علي ارضيه خشبيه في منطقه لعب.
142802798_962a4ec5ce.jpg,صبي في قميص اخضر علي لوح تزلج قرب جدار حجري,شابا يرتدي قبعه خضراء اللون وهو يقوم بحركه علي لوح التزلج علي حافه درج حجري مغطي بالكتابات علي الجدران.,متزلج شاب يرتدي قميصا اخضر يتوازن بمهاره علي حاءط حجري مغطي بالرسومات الجداريه (الجرافيتي).,الصوره لشاب يمارس رياضه التزلج علي حلبه مخصصه لهذه الرياضه. يظهر الشاب في وضعيه انحناء علي لوح التزلج، ويرتدي قميصا اخضر وسروالا اسود. خلف المتزلج، هناك جدران عليها رسومات جرافيتي.
1428578577_82864facae.jpg,شخصان يمتثلان لصوره وسط مشهد صخري ثلجي,شخصين يقفان علي قمه جبليه مغطاه بالثلوج، يحتفلان بالوصول الي القمه مع خلفيه من الغيوم.,شخصان يقفان علي قمه جبل ثلجي، احدهما رافعا ذراعيه تعبيرا عن الفرح.,صورتان لشخصين علي قمه جبليه ثلجيه يرفعان ذراعيهما.
1428641354_f7453afbea.jpg,امراه وصبي يقومان بصنع الهامبرغر في المطبخ,تظهر الصوره امراه تقدم برطمانا من الخردل لطفل صغير يقف بجانب طاوله مليءه بالطعام في مطبخ مزين.,امراه وطفلا صغيرا يقفان امام طاوله مطبخ مليءه بوجبه كبيره وغير رسميه تتضمن البرغر والسلطات والتوابل.,المراه في المطبخ تعد الطعام.
1428681303_04213524e3.jpg,اطفال تتسلق تمثال,طفلين يلعبان حول قاعده تمثال في ساحه عامه، بينما يراقبهم اخرون.,اطفال يتسلقون قاعده تمثال في ساحه عامه مزدحمه بالناس.,صوره لطفلين يتسلقان منحدرا حجريا باتجاه تمثال في ساحه مفتوحه بينما يجلس الناس ويستمتعون بالمنظر.
1429546659_44cb09cbe2.jpg,كلب ابيض وكلب اسود في حقل,تظهر الصوره كلبين يلعبان في الهواء الطلق، احدهما ابيض اللون يحمل عصا، والاخر اسود وبني اللون.,كلبان يلعبان في بيءه طبيعيه، احدهما يحمل عصا في فمه والاخر يشم وجهه.,تعرض الصوره كلبين يلعبان في الخارج. الكلب الابيض يمسك غصن شجره بفمه، بينما الكلب الاسود يعضه من رقبته. يبدو ان الكلبين في بيءه طبيعيه، ربما في سهل او غابه. يمتلك الكلب الاسود طوقا برتقاليا مع بطاقه زرقاء، بينما يمتلك الكلب الابيض طوقا احمر. يبدو ان الكلبين يلعبان بطريقه مرحه.
1429723917_6af585e4c0.jpg,يقف رجلان: احدهما لديه تعديلات علي الجسم والاخر يرتدي قبعه,تظهر الصوره رجلا ذا راس اصلع مع ذيل حصان صغير، ووشم علي رقبته، يقف بجانب رجل اخر مغطي بالوشوم في ما يبدو انه سوق او معرض.,رجلين من الخلف، احدهما اصلع وعليه وشم وذيل حصان اشقر صغير.,رجلين من الخلف، احدهما يرتدي قميصا مطبوعا والاخر ذو شعر مجعد مربوط في ذيل حصان، وظهر الرجل الثاني يضم وشما علي وجهه.
1429814475_0b592b9995.jpg,سيده تجلس وشخص مع شورت اسود واحذيه,تجلس امراه ترتدي ملابس ملونه ومميزه علي رصيف الشارع، بينما يقف رجل بجانبها.,امراه ترتدي عمامه ملونه وتنوره طويله تجلس علي حافه حجريه في الهواء الطلق، وبجانبها يظهر جزء من شخص اخر وسكوتر.,امراه تضع يدها علي قلبها جالسه علي حافه الرصيف.
1430154945_71bbaa094a.jpg,تساعد الام طفلها الصغير علي اكل طعامه عن طريق اطعامه باليد,تجلس ام وابنها علي طاوله في مطعم، يتناولان وجبه دسمه معا، بينما ينظران الي الخارج من النافذه.,امراه وطفل يتناولان وجبه في مطعم.,صوره لامراه وطفل يجلسان علي طاوله مغطاه بمفرش ابيض، عليها اطباق من الطعام.
1432179046_8e3d75cf81.jpg,رجل يلعب التنس مع نفسه ضد جدار كبير في موقف للسيارات,رجل يلعب التنس بمفرده ضد جدار ابيض مرسوم عليه جرافيتي في موقف سيارات مهجور، مع وجود سيارتين متوقفتين بالقرب من الجدار.,رجل يلعب التنس بمضرب امام جدار ابيض كبير في موقف سيارات، تتخلله اشعه الشمس والظلال العميقه.,صوره لرجل يلعب كره مضرب امام حاءط عليه رسومات.
1432342377_3e41603f26.jpg,رجل وامراه يقفان علي الرصيف,تظهر الصوره شخصين يقفان علي الرصيف امام واجهه متجر تعرض ملابس داخليه، حيث ترتدي المراه فستانا ازرق وقبعه، بينما يرتدي الرجل قميصا منقوشا وسماعات راس.,تظهر الصوره رجلا وامراه يقفان علي رصيف شارع مشمس امام واجهه متجر لملابس نساءيه.,رجل يمشي في الشارع بينما تحدق امراه في هاتفها علي الرصيف.
143237785_93f81b3201.jpg,رجل يحمل سمكه,تظهر الصوره رجلا يحمل سمكه كبيره من نوع الباس في يديه، ويبدو انه قد اصطادها للتو.,شخص يمسك سمكه كبيره بكلتا يديه فوق سطح الماء.,صوره لرجل يمسك بسمكه كبيره.
1433088025_bce2cb69f8.jpg,رجل ذو عضلات يرتدي سروال اصفر,تظهر الصوره رجلين مفتولي العضلات يءديان حركه بهلوانيه امام حشد من المتفرجين في مكان عام.,شابان مفتولي العضلات يءديان عرضا استعراضيا امام جمهور من المتفرجين.,صوره لاثنين من الرجال العضليين يقومان باداء في الشارع امام حشد من الناس.
1433142189_cda8652603.jpg,مسافر يسير علي طريق بلا عواءق فوق تله,رجل يحمل حقيبه ظهر كبيره وهو يسير علي طريق ترابي في منطقه عشبيه مفتوحه، مع وجود تل اخضر في الخلفيه تحت سماء ملبده بالغيوم.,متنزها يحمل حقيبه ظهر يقف علي درب عشبي يءدي الي تله تحت سماء غاءمه.,رجل يمشي في سهل ما فوق سفح الجبل.
1433397131_8634fa6664.jpg,طفل مخفي بواسطه الكرات,الصوره عباره عن مجموعه من الكرات الملونه (احمر، ازرق، اصفر، اخضر، برتقالي، ارجواني، ابيض) مكدسه فوق بعضها البعض، ويبدو ان هناك قطه صغيره مختبءه تحتها.,صوره مليءه بكرات بلاستيكيه ملونه ومتراكمه.,كره ملونه في حوض مليء بكرات البلاستيك الملونه.
1433577867_39a1510c43.jpg,كلب ابيض في الماء,كلب جولدن ريتريفر كريمي اللون يركض في الماء وهو يحمل عصا في فمه، ويبدو سعيدا ومتحمسا.,كلب اشقر يلهو في الماء المتناثر، يحمل غصنا في فمه.,كلب يركض في الماء.
1434607942_da5432c28c.jpg,طفل يركب علي اكتاف الرجل,ابا يحمل ابنته الصغيره علي كتفيه، ويبدو كلاهما سعيدا ومستمتعا باللحظه.,اب مبتسم يحمل طفلته علي كتفيه بينما تضع يدها علي راسه.,صوره لطفله رضيعه تجلس علي كتف رجل وتضع يديها علي راسه.
143552697_af27e9acf5.jpg,رجل يركب دراجته علي تله,رجل يركب دراجه ناريه علي تضاريس وعره في منطقه ريفيه.,متسابق دراجات ناريه تجريبيه يتنقل عبر تلال عشبيه وعره.,رجل يركب دراجه ناريه في سهل.
143552829_72b6ba49d4.jpg,رجل علي دراجه ناريه يسوق عبر تضاريس المستنقعات,متسابق دراجات ناريه يركب دراجه ناريه في مجري ماءي صخري، ويرتدي ملابس حمراء وخوذه، بينما توجد علامات حمراء علي ضفاف النهر لتحديد المسار.,راكب دراجه ناريه يعبر مجري ماءي صخري في مسار وعر.,رجل يركب دراجه ناريه حمراء في منطقه جبليه، ويعبر مجري ماءي صغير.
1436760519_8d6101a0ed.jpg,كلب ابيض واسود يقفز للقبض علي لعبه كما يشاهد كلب اخر,كلب ابيض واسود يقفز في الهواء علي الشاطء لمحاوله الامساك بقرص طاءر، بينما يراقب كلب اخر صغير من الاسفل.,كلب يقفز في الهواء ليمسك الفريسبي علي شاطء البحر.,كلب يمسك قرص طاءر بفكه علي شاطء البحر.
143680442_2f03f76944.jpg,رجل يتدلي من جرف صخري بينما تسلق الصخور فوق,متسلق صخور معلقا علي جرف صخري مرتفع فوق منظر طبيعي اخضر خلاب.,رجل يهبط بالحبال من صخره شاهقه مطله علي منظر جبلي اخضر وواسع.,الصوره لشاب يمارس رياضه تسلق الجبال وهو معلق من حافه جبل.
143680966_0010ff8c60.jpg,رجل يرتدي حقيبه ظهر و يتسلق صخره,متسلقا يتسلق منحدرا صخريا حادا، مع جبل شاهق في الخلفيه تحت سماء زرقاء صافيه.,متسلق يصعد جدارا صخريا شاهقا تحت سماء زرقاء صافيه. ( .),الصوره تصور شخصا يتسلق الجبل.
143688283_a96ded20f1.jpg,رجل يرتدي قميصا ابيض وخوذه يتسلق جبلا,رجل يتسلق صخره مرتفعه، وهو يرتدي خوذه ومجهزا بحبال وادوات تسلق، محاطا باشجار خضراء كثيفه.,شاب يرتدي خوذه ويمسك حبال التسلق اثناء ممارسه رياضه التسلق في الطبيعه الخضراء.,صوره لشاب يعتلي الجبل في غابه.
143688895_e837c3bc76.jpg,متسلق يقف علي وجه الصخره بجانب الحبل الوردي,رجل يتسلق صخره كبيره مغطاه بالطحالب، وهو يرتدي معدات تسلق ويستخدم حبلا للتامين.,متسلق صخور علي وجه صخري في الهواء الطلق.,رجل يتسلق الجبل في غابه.
1439046601_cf110a75a7.jpg,صبي يبتسم وهو يقف امام حمام السباحه,صبيا مبتسما يرتدي ملابس سباحه، يقف بجانب مسبح في يوم مشمس، مع وجود اشخاص واشجار في الخلفيه.,طفل مبتسم يقف امام مسبح في يوم صيفي مشمس.,صوره لطفل يبتسم وهو يقف امام مسبح في يوم مشمس.
1439282131_3814d6ae04.jpg,الكلبان في الماء يستردان عصا,تظهر الصوره كلبين من فصيله جولدن ريتريفر يسبحان في الماء، احدهما يحمل عصا في فمه.,كلبان يتقاسمان عصا وهما يسبحان في الماء.,كلبان غراند علي شكل المسترد يلعبان في الماء.
1440024115_129212c988.jpg,رجل يلعب الفريسبي مع كلبه,تظهر الصوره رجلا يرمي قرصا لكلبه الذي يقفز في الهواء ليقبض عليه.,كلب يقفز ببراعه في الهواء ليلتقط طبقا طاءرا يرميه رجل.,رجل يرمي صحن طاءر اسود وابيض واحمر لعبه فريزبي في الهواء.
1443807993_aebfb2784a.jpg,فتاه تنزل في منزلقه,طفله صغيره تنزلق علي زحليقه هواءيه ملونه، بينما يراقبها طفل اخر في الخلفيه.,طفله تنزلق بحماس علي زلاقه ماءيه ملونه.,صوره لطفله تسقط علي حافه منزلقه هواءيه.
1445123245_c7b9db0e0c.jpg,كلب اسود وتان يلعب مع لعبه حريش,كلب صغير ذو فراء اسود وبني يهاجم لعبه علي شكل دوده ملونه علي سجاده بيضاء.,كلب يعبث بلعبه يرقه ملونه ممزقه تظهر حشوتها.,كلب بجانب العاب علي شكل دوده ملونه.
1445754124_647168f211.jpg,كلب ابيض واسود يتسلق جذع شجره ماءل,كلب استرالي راع ازرق يتسلق شجره في حديقه او ملعب غولف، مع خلفيه من العشب والاشجار والسماء الزرقاء الصافيه.,كلب مرقط يقف علي جذع شجره ضخم في الهواء الطلق تحت سماء زرقاء صافيه.,كلب يقف علي جذع شجره ملتوي في منظر طبيعي.
1446053356_a924b4893f.jpg,لاعب كره القدم الشاب يتمتع باللعبه,اليك وصف للصوره تظهر الصوره فتاتين صغيرتين تلعبان كره القدم في ملعب عشبي ، احداهما تحتفل بينما الاخري تركض.,تظهر فتاتان ترتديان ملابس رياضيه وهما تلعبان علي ملعب عشبي، احداهما تركض والاخري تتفاعل بحماس.,الفتيات يلعبن كره القدم.
1446933195_8fe9725d62.jpg,جرو اسود عض طرف شجره,! اليك وصف للصوره جرو لابرادور شوكولاته صغير يلعب ويقضم غصن شجره في العشب الاخضر.,جرو لابرادور شوكولاته لطيف يعض ورقه شجر وهو يلعب في العشب الاخضر.,جرو لابرادور بني يعض اوراق الشجر.
1448511770_1a4a9c453b.jpg,كلب ابيض يمسك بالقرص الطاءر في بركه,تظهر الصوره كلبا يقفز في الهواء لالتقاط قرص طاءر، مع وجود هيكل معدني كبير وجمهور في الخلفيه.,كلب يقفز في الهواء نحو قرص طاءر فوق حوض ماء مرقم.,كلب ابيض يقفز فوق حاجز ازرق في الهواء ليلتقط قطعه من الطعام.
1449370354_380c4123c9.jpg,اطفال يركضون علي العشب,تظهر الصوره ثلاثه اطفال يركضون علي العشب في حديقه او منطقه لعب، ويبدو انهم يستمتعون بوقتهم.,ثلاثه اطفال يركضون ويلعبون علي العشب الاخضر في حديقه مشمسه.,صوره لثلاثه اطفال يركضون في الحديقه.
1449625950_fc9a8d02d9.jpg,اثنين من الكلاب يلعبان معا في العشب,تظهر الصوره كلبان من سلاله داشهوند يركضان في العشب الاخضر.,كلبان يلعبان في العشب الاخضر؛ احدهما يجري بفرح والاخر مستلق.,كلبان يركضان في الحديقه.
1452361926_6d8c535e32.jpg,صبي يجلس في سياره لعبه اثناء الشرب من كوب سيبي,طفلا صغيرا يجلس في سياره لعبه حمراء ويشرب من كوب ماء ازرق.,طفل صغير يشرب من كوب اثناء جلوسه في سياره اطفال لعبه حمراء.,طفل رضيع يمتطي سياره لعبه ويشرب من زجاجه.
1453366750_6e8cf601bf.jpg,طفلان راسا علي عقب,تستلقي فتاتان علي السرير، وهما تنظران الي الكاميرا بشكل مرح، احداهما ترتدي قميصا احمر والاخري قميصا اسود.,فتاتان تستلقيان راسا علي عقب وتتصرفان بمرح.,صوره لشابين يرقدان علي جانبهما علي السرير، احدهما يلمس انف الاخر.
1454678644_7e5a371301.jpg,تتقاتل ثلاثه كلاب من اجل لعبه مضغ اخضر علي ممشي من الحجر,تجري ثلاثه كلاب من نوع لابرادور، اثنان بني وواحد اسود، في حديقه ذات ارضيه مرصوفه بالبلاط، ويبدو انهم يلعبون ويستمتعون بوقتهم.,ثلاثه كلاب تلعب وتجري في الحديقه.,الكلاب الثلاثه يلعبون في الحديقه.
1454841725_4b6e6199e2.jpg,مجموعه من الفتيات يبتسمن مع حشد كبير خلفهن,اربع فتيات صغيرات من خلفيات عرقيه مختلفه يحتضن بعضهن البعض ويبتسمن للكاميرا في ما يبدو انه حدث مدرسي.,اربع فتيات مبتسمات يحتضن بعضهن البعض.,صوره لطفلات اربع يضحكن وهن يتعانقن في حفل مدرسي.
1456393634_74022d9056.jpg,صبي يقوم بالوقوف علي اليدين علي الشاطء,يءدي طفل حركه بهلوانيه علي الشاطء الرملي مع وجود امواج البحر في الخلفيه وبعض المنازل علي التلال.,طفل يقوم بحركه بهلوانيه علي شاطء رملي، تظهر في خلفيته منازل ساحليه والبحر.,صوره لشاب يقوم بعمليه كارت في الهواء علي الشاطء.
1456630952_dd4778a48f.jpg,صبي يصطاد الفريسبي البرتقالي امام بوابه خشبيه,طفلا يرمي كره او شيءا ما في الهواء في حقل عشبي امام سياج خشبي قديم.,شخص يرمي بجسم ملون في فناء عشبي امام سياج خشبي.,صوره لشاب يلعب كره السله في ساحه اماميه.
145721496_687af9bb18.jpg,طاءر يقف علي صخره تطل علي شلال,تظهر الصوره طاءرا من نوع البلشون الازرق الكبير واقفا علي صخره وسط شلالات مياه متدفقه.,مالك حزين يقف علي صخره بجانب مياه النهر المتدفقه.,عند حافه شلال، يقف طاءر علي صخره، امام مياه متدفقه.
145721498_a27d2db576.jpg,رجل في زورق ازرق يقاتل من خلال الامواج العسيره,شخصا يمارس رياضه التجديف في مياه متدفقه، يرتدي خوذه وستره واقيه، ويستخدم مجدافا للتوجيه والتحكم في القارب الازرق.,تظهر الصوره شخصا يجدف بقارب كاياك ازرق في مياه متلاطمه.,رجل يركب قاربا ازرق في مياه متلاطمه، ويستخدم مجدافا للتنقل خلال التيار.
1457762320_7fe121b285.jpg,مجموعه من راكبي الدراجات يستعدون لركوب,تظهر الصوره مجموعه من الدراجين يستريحون بجانب دراجاتهم، ويشربون الماء، ويتحدثون في مكان يبدو انه نقطه توقف علي مسار للدراجات، مع وجود لافته مكتوبه باللغه الاسبانيه في الخلفيه.,مجموعه من راكبي الدراجات الهواءيه يستريحون في الهواء الطلق.,الصوره تصور مجموعه من الناس وهم يتوقفون لتناول الماء بعد ركوب الدراجات الجبليه.
1459032057_97e73ed6ab.jpg,فتاه في قميص مخطط تتناول كعكه,طفله صغيره بعيون واسعه وهي تاكل قطعه خبز او معجنات، ويبدو عليها الاستمتاع.,طفله صغيره تاكل رغيف خبز بينما تنظر للاعلي بعينين واسعتين.,طفله رضيعه تاكل خبزا كبيرا.
1459250022_bf1eddad11.jpg,فرقه من التشيلو والكمانين يلعبان امام حشد في معرض السوق,اليك وصف للصوره تظهر الصوره فرقه موسيقيه تتكون من اربعه اعضاء يعزفون علي الات الكمان والتشيلو في مكان عام ، ربما سوق او معرض ، مع وجود جمهور صغير من الاطفال والكبار يشاهدونهم.,فرقه موسيقيه تعزف علي الالات الوتريه امام جمهور من الحضور في معرض السوق.,تشير الصوره مجموعه من الموسيقيين وهم يعزفون الات موسيقيه، امام حشد من المستمعين.
1460352062_d64fb633e0.jpg,فتاه بالنظارات الشمسيه تجلس في فروع شجره,تجلس امراه شابه ترتدي نظارات شمسيه وملابس غير رسميه علي فرع شجره كبيره، وتبدو مسترخيه ومستمتعه بالمنظر.,تظهر شابه بنظارات شمسيه جالسه علي اغصان شجره خضراء، ومصوره من الاسفل.,امراه جالسه علي شجره.
1460500597_866fa0c6f3.jpg,رجل يجلس في غرفه مكونه من الواح خشبيه,تظهر الصوره رجلا يجلس علي طاوله في مطعم او حانه مضاءه بشكل خافت، مع وجود اشخاص اخرين في الخلفيه.,رجل يجلس في مكان خافت الاضاءه، مع انعكاسات تظهر عبر النافذه خلفه.,رجل يجلس في مطعم في الليل.
146098876_0d99d7fb98.jpg,اربعه اطفال يرتدون الزي العسكري يقفون امام اشجار النخيل,تظهر الصوره اربعه اطفال يرتدون الزي المدرسي، يسيرون علي طريق ترابي في منطقه ريفيه، ربما في الهند او دوله اسيويه اخري.,اربعه طلاب يرتدون الزي المدرسي يسيرون علي طريق ريفي.,يمشي اربعه طلاب في طريق ريفي، وهم يرتدون زيا موحدا، ويحملون بعض الكتب والفواكه.
146100443_906d87faa2.jpg,فتاه وصبيين يرتدون ملابس لعيد القديسين,تظهر الصوره فتاه ترتدي زيا وتنفيذ حيله سحريه امام مجموعه من الاطفال الفضوليين.,اطفال يرتدون ازياء وينغمسون في لعبه او نشاط.,صوره لطفلين يلعبان لعبه ما.
1461329041_c623b06e5b.jpg,امراتان علي مركبات ذات ثلاث عجلات ذات سلال منخفضه,امراتين تركبان دراجات رباعيه العجلات علي طول طريق بالقرب من مبني وموقف سيارات، مع وجود ضوء الشمس الساطع في الخلفيه.,امراتان تركبان عربات دواسه علي طريق شاطءي عند غروب الشمس.,امراتان تركبان دراجتين ثلاثيه العجلات.
1461653394_8ab96aae63.jpg,كلب ابيض كبير ينظر الي كلب اسود كبير,تتفاعل كلبان، احدهما ابيض والاخر اسود، في لعبه نشطه علي ارضيه رماديه، ويبدو انهما يستمتعان بالركض والقفز حول بعضهما البعض.,كلبان يلعبان بحماس.,كلب ابيض يتكء علي ظهره ويلعب مع كلب اسود.
1461667284_041c8a2475.jpg,يلعب عازف الجيتار في حين يلعب الناس مع الاطواق في الخلفيه,تظهر الصوره فرقه موسيقيه تعزف في الهواء الطلق، حيث يعزف عازف الجيتار بينما تغني امراه وتصفق، ويقف طفلان بالقرب منهم، مع وجود معدات صوتيه في الخلفيه.,عرضا موسيقيا حيا في الهواء الطلق، حيث يستمتع الناس بالموسيقي واللعب بالطوق.,صوره لاثنين من الرجال وهما عازفان علي خشبه المسرح.
1463638541_c02cfa04dc.jpg,فتاه تتسلق حاءط حبل,طفله تتسلق شبكه حبال علي هيكل معدني، مع وجود لافته في الخلفيه.,فتاه صغيره تتسلق شبكه حبال.,طفله تتسلق سلما من حبال.
1463732130_a754441289.jpg,فتاه في قميص ابيض تقفز علي الترامبولين,فتاه صغيره تقف علي ترامبولين، وهي ترفع ساقها وذراعها في وضعيه متوازنه.,طفله تقفز علي ترامبولين محاط بشبكه امان.,صوره لطفل يقفز علي الترامبولين امام سور.
1463732807_0cdf4f22c7.jpg,صبي علي ملعب ارجوحه يضرب وضعيه توسطيه,صبيا صغيرا يجلس علي ارجوحه ويحاول التامل، لكنه يبدو غير مرتاحا ويصنع وجها مضحكا.,طفل يجلس علي ارجوحه ويقلد وضعيه التامل بوجه طريف.,ولد يركب الاراجيح في ساحه لعب خارجيه وظهره في حاله من الهدوء والسكينه.
1464120327_d90279ca3a.jpg,صبي صغير يضغط علي وجهه نافذه,طفلا صغيرا بشعر اشقر يقف امام واجهه زجاجيه مليءه بالحلويات، وهو يمد يديه نحوها بفضول.,طفل ينظر الي الحلويات المعروضه خلف واجهه زجاجيه، ويداه ملتصقتان بها، مع ظهور انعكاس صورته.,طفل رضيع ينظر الي الحلويات من خلال زجاج محل عرض الحلويات.
1465666502_de289b3b9c.jpg,كلب اسود يسبح في الماء الاخضر مع شيء في فمه,كلب اسود يسبح في الماء، ويحمل عصا في فمه، مع تناثر الماء حوله.,كلب اسود يلعب بحماس ويحدث رشاشا في الماء.,كلب يسبح في الماء.
146577645_91b570c0d0.jpg,يمر راكب القارب بالموجات التي تمسك بمجدافته,شخصا يمارس رياضه التجديف في مياه متدفقه وعاصفه، يرتدي خوذه وستره نجاه، ويستخدم مجدافا للتوجيه والتحكم في القارب.,مجدف كاياك يشق طريقه في المياه البيضاء المتلاطمه.,رجل يركب قاربا في مياه متلاطمه.
146577646_9e64b8c2dc.jpg,رجل يتجول في منحدرات المياه البيضاء,شخص يمارس رياضه التجديف في مياه متدفقه سريعه، ويرتدي خوذه وستره واقيه، ويستخدم مجدافا للتحكم في مساره.,متسابق كاياك يجدف وسط المياه البيضاء المتلاطمه.,رجل يركب قارب الكاياك في مياه متلاطمه.
1466307485_5e6743332e.jpg,رجل في ستره برتقاليه يميل فوق شاحنه صغيره,سياره دفع رباعي عالقه علي منحدر صخري، بينما يحاول شخص يرتدي ستره برتقاليه انقاذها باستخدام رافعه.,سياره دفع رباعي مجهزه في وضع صعب علي تضاريس صخريه وعره، حيث يحاول شخص انتشالها باستخدام رافعه وونش.,صوره لسياره دفع رباعي عالقه في طريق وعره.
1466307489_cb8a74de09.jpg,رجال يرتدون الخوذات وستره برتقاليه يسحبون سياره جيب من خندق,سياره لاند روفر خضراء ماءله علي جانب تل صخري، بينما يحاول فريق من الاشخاص بملابس واقيه سحبها باستخدام حبل.,سياره دفع رباعي تتسلق مسارا صخريا وعرا بمساعده فريق.,سياره جيب عالقه في الطين مع اشخاص يمسكون بحبل مربوط بالسياره.
1466479163_439db855af.jpg,كلب بني يركض عبر العشب ممسكا بشيء في فمه,كلب من نوع دراجون الالماني وهو يركض باتجاه الكاميرا وهو يحمل لعبه برتقاليه في فمه، ويبدو سعيدا ومتحمسا في حقل اخضر.,كلب بني ورمادي نشيط باذنين متطايرتين يركض عبر حقل عشبي، يحمل شيءا في فمه.,كلب يجري في الحقول ويحمل في فمه قطعه من الطعام او اللحم.
1467533293_a2656cc000.jpg,تلعب الفتاتان في صاله العاب الادغال الصفراء والحمراء,تستمتع فتاتان باللعب علي هيكل لعب في حديقه، احداهما تصعد السلالم والاخري تتسلق قضبانا.,فتاتان تلعبان في الملعب.,صوره لطفلتين تلعبان في ساحه العاب.
1468103286_96a6e07029.jpg,لاعب البيسبول في زي يانكيز يمسك بمضرب في يد واحده,لاعب البيسبول اليكس رودريغيز وهو يرتدي زي فريق نيويورك يانكيز، ويحتفل بعد ضربه ناجحه.,لاعب بيسبول من فريق نيويورك يانكيز يرتدي زيه الرسمي ويحمل مضربه.,صوره لاعب بيسبول يرفع مضربه في ايماءه التحدي ضد الحكم.
1468389504_c724bdcad0.jpg,تلعب فتاتان باللون الوردي علي قضبان الملعب الصفراء,طفلتين تلعبان علي هيكل لعب في حديقه، احداهما تقف علي الهيكل والاخري تنظر اليها بفضول.,تظهر فتاتان صغيرتان علي هيكل العاب ملعب اطفال.,صوره لطفلتين تلعبان في ساحه العاب.
1468429623_f001988691.jpg,كلب اسود يقفز، يقضم ذراع رجل مبطنه,رجلا يرتدي بدله تدريب للكلاب، بينما يقفز كلب اسود كبير عليه، ويبدو انه يشارك في تدريب علي الدفاع او الهجوم.,كلب يعض الكم الواقي لمدربه خلال تدريب الحمايه في حقل اخضر.,رجل يتدرب علي الدفاع عن النفس باستخدام كلب.
1468962616_5803b4397f.jpg,طفل يلعب بسلاح الماء في بركه,طفلا يرتدي نظارات سباحه ويطلق الماء من مسدس ماءي في حمام سباحه ازرق.,طفل يلعب بمسدس ماء ويطلق رذاذ الماء في المسبح، مرتديا نظارات سباحه.,طفل يطفو في المسبح ويطلق الماء من مسدس ماءي.
1469000260_5d473c8283.jpg,كلب تان كبير يستلقي علي الارض ينظر الي الجانب,كلب بني اللون ذو مظهر هادء يستلقي علي الارض في بيءه طبيعيه خضراء.,كلب كبير بلون اسمر فاتح مستلق بهدوء في الطبيعه.,كلب لونه بني فاتح يرقد علي الارض في بيءه طبيعيه.
1469358746_2a879abaf3.jpg,رجل وكلبه في الجبال,رجل يرتدي قبعه ونظارات شمسيه مع كلبه الاسود، وهما يجلسان علي قمه جبل مع خلفيه من المناظر الطبيعيه الجبليه الخلابه.,رجل وكلبه علي قمه جبل.,رجل و كلب علي قمه الجبل.
1470061031_4cb59c12a8.jpg,اثنين من الكلاب البني يقاتلون,تتفاعل كلبان من سلاله لابرادور، احدهما ابيض والاخر اصفر، في لعبه مرحه علي ارضيه مرصوفه بالحصي.,كلبان لابرادور يلعبان بمرح وحميميه علي الارض.,تعرض الصوره كلبين من اللابرادور و هما يلعبان.
1470132731_fa416b7504.jpg,كلب اسود يعمل في الماء,يركض كلب اسود من نوع لابرادور في الماء، مما يسبب رشات من الماء حوله.,كلب اسود يقفز في الماء محدثا رشاشا.,كلب اسود يجري في الماء.
1470536919_1f3fd6c65a.jpg,كلب اسود صغير يركض بجانب كلب ثلاثي اللون اكبر يحمل لعبه حبل في فمه,تجري كلبان علي طريق ترابي، احدهما يحمل لعبه معلقه بفمه، بينما يتبعه الاخر بحماس.,يركض كلبان، احدهما كبير يحمل لعبه حبل والاخر صغير، بحيويه علي طريق ترابي.,كلب كبير واخر صغير يركضون علي طريق غير معبد.
1472053993_bed67a3ba7.jpg,رجل في البرتقالي يتزلج اسفل التلال المغطاه بالثلوج,شخصا يتزلج علي الثلج في جبال مغطاه بالثلوج تحت سماء زرقاء مليءه بالغيوم.,متزلج ينزل منحدرا ثلجيا واسعا، مع جبال بيضاء وسماء زرقاء صافيه في الخلفيه.,صوره لمتزلج في ستره حمراء يتزلج علي منحدر ثلجي مع جبال في الخلفيه تحت سماء زرقاء.
1472230829_803818a383.jpg,مجموعه من الناس في قارب ، تجمع مياه بيضاء,مجموعه من الاشخاص يمارسون رياضه التجديف في نهر متدفق بعنف، مع رشاشات المياه المتطايره حولهم.,مجموعه من الاشخاص يمارسون رياضه التجديف في المياه البيضاء المتلاطمه.,السءال غير موجود.
1472249944_d887c3aeda.jpg,فتاه تتمرن علي صخره بينما تقف اخري بجانبها,امراتين في حديقه خلال الخريف، احداهما جالسه علي صخره والاخري تقف وتنظر الي هاتفها، بينما يمر اشخاص اخرون في الخلفيه.,فتاتين في حديقه خريفيه، احداهما تقف علي صخره والاخري تجلس.,صوره لامراتين يقفان علي حجر في منتزه وعدد من الماره في الخلفيه.
1472653060_7427d2865a.jpg,رجل يقطع بعض الطعام علي لوح اصفر,اليك وصف للصوره يعمل طاه في مطعم او سوق طعام مزدحم ، ويقوم بتقطيع الطعام بينما توجد اطباق من الروبيان المقلي امامه.,طاه يعد الاطباق في مطعم يقدم الطعام عبر حزام ناقل.,رجل يقطع الطعام في مطبخ مزدحم.
1472882567_33dc14c8b6.jpg,مجموعه من المتزلجين يصعدون الجبل,مجموعه من الاشخاص يتسلقون تلا مغطي بالثلوج وهم يرتدون معدات التزلج، مع وجود شخص في المقدمه ينظر مباشره الي الكاميرا.,مجموعه من المتزلجين يصعدون منحدرا ثلجيا تحت سماء زرقاء صافيه.,يرتقي اربعه اشخاص منحدر ثلجي باستخدام معدات التزلج.
1473080948_bae2925dc8.jpg,رجل يركب قاربه عبر منحدرات,شخص يمارس رياضه التجديف في مياه متدفقه، يرتدي خوذه وستره نجاه، ويستخدم مجدافا للتنقل في المياه البيضاء.,شخص يجدف بقارب كاياك اصفر في مياه بيضاء مضطربه.,صوره لرجل يركب قاربا اصفر في مياه متدفقه، وهو يحمل مجدافا.
1473250020_dc829a090f.jpg,رجل يقف بالحجاره والماء ويمسك عصا,رجل يرتدي شورتا وحذاء يقف علي صخره بجانب مجري ماءي، ويشرب الماء باستخدام خرطوم.,شاب يغمس عصا في مجري ماءي صخري.,صوره لشاب يقف علي صخره في المياه.
1473618073_7db56a5237.jpg,صبي علي ارجوحه بلاستيكيه خضراء,طفلا يبتسم وهو يجلس علي ارجوحه علي شكل حيوان في حديقه.,طفل سعيد يجلس علي ارجوحه خضراء في ملعب.,ولد يضحك وهو يجلس علي اراجيح علي شكل حيوان.
1474474514_b3eb492722.jpg,طفل يبتسم في حديقه,طفلا صغيرا يبتسم وهو يقف داخل هيكل مصنوع من الاطارات القديمه في ملعب.,طفل صغير يبتسم وهو يقف بين اطارات كبيره في ملعب رملي.,طفل رضيع يضحك وهو يقف بين الاطارات المطاطيه.
1475046848_831245fc64.jpg,امراه شابه ذات شورت ازرق تمشي علي الشاطء وتحمل حذاءها,امراه تمشي حافيه القدمين علي الشاطء الرملي، وهي تحمل حذاءها في يدها، وتنظر الي البحر.,امراه تمشي حافيه القدمين علي شاطء رملي، وتحمل حذاءها في يدها.,امراه تتحرك علي شاطء البحر في صيفا.
1476002408_4256b7b2fa.jpg,شخص وحيد يرتدي لحافا يسير علي رصيف الشارع,رجل يمشي علي جسر، يرتدي تنوره وستره وقميصا، ويحمل حقيبه ظهر.,الصوره شخصا يسير من الخلف مرتديا كيلتا منقوشا وحقيبه ظهر تحمل شعار اكس بوكس.,رجل يمشي علي الرصيف بجانب سياره متوقفه.
1476241331_2f43b67aed.jpg,صبي وولد صغير يقفان بجانب نافوره ماء,طفلين صغيرين يقفان بجانب نافوره مياه في حديقه، ويبدو انهما يحاولان شرب الماء او اللعب به.,ولدان عند نافوره ماء في حديقه.,الصوره تصور طفلين عند زمزميه مياه في الخارج.
1478268555_7e301fc510.jpg,متسلق الصخور وحيد تسلق جدار صخري ضخم,رجل يمارس رياضه تسلق الصخور، وهو يرتدي شورتا وحذاء خاصا بالتسلق، بينما يمسك بالصخره ويستخدم حبلا للتامين.,متسلق صخور يصعد جدارا صخريا.,رجل يتسلق الجبل.
1478294229_7e1c822fea.jpg,لقطه مقربه لراكب دراجه,ساقي شخص يرتديان جوارب بيضاء واحذيه قماشيه، يقفان بجانب دراجه هواءيه.,ساق وقدم شخص يرتدي شورتا علي دواسه دراجه هواءيه.,رجل يركب دراجه ناريه بجانب دراجه اخري.
1478606153_a7163bf899.jpg,كلب ابيض وبني يمر عبر الغابات,كلب ذو فراء ذهبي-بني يركض باتجاه الكاميرا في غابه مليءه باوراق الخريف المتساقطه.,كلب سعيد يركض في غابه خريفيه مليءه باوراق الشجر المتساقطه.,كلب يجري في الغابه.
1479028910_3dab3448c8.jpg,يقفز المتزلج في الملابس الرماديه فوق الحذاء امام شقه,شاب يقوم بحركه بهلوانيه علي لوح التزلج فوق حاجز خشبي، ويبدو انه علي وشك السقوط.,متزلج يقفز بلوح التزلج فوق حاجز خشبي، بينما يقف لوح تزلج اخر منتصبا علي الرصيف امام منزلين.,ولد يركب لوح تزلج علي حافه رصيف امام المنزل.
1479124077_17dcc0d5d7.jpg,صبي حافي القدمين في السروال وقميص تي شيرت يقفز في العشب الموحل,طفلا صغيرا يقفز في بركه من الطين، ويبدو عليه الاستمتاع الشديد باللعب.,طفل ملطخ بالطين يقفز في الهواء الطلق فوق العشب.,ولد يلعب في ساحه منزل تحت المطر.
1479513774_70c94cf9d3.jpg,تقف فتاه ترتدي ستره خضراء علي ضوء توقف,تنتظر امراه شابه ترتدي ستره خضراء وبنطالا اسود عند اشاره مرور حمراء، بينما تنظر الي هاتفها المحمول وتحمل حقيبه.,امراه تنتظر عند اشاره المشاه الحمراء.,امراه تقف عند اشاره مرور حمراء.
1479679558_d0a01bc62b.jpg,يضيق الخور عبر الغابه,جدولا ماءيا يتدفق عبر غابه في فصل الخريف، حيث تتناثر اوراق الشجر البنيه علي ضفتيه وبين الصخور.,جدول ماء يتدفق بين اشجار عاريه واوراق متساقطه وصخور في غابه.,جريان ماءي يمتد بين اشجار و اوراق جافه.
1479857177_9d4a6f38fd.jpg,رجل الغوص تحت الماء,غواص يرتدي بدله غوص كامله ونظارات، وهو يعمل علي صندوق بلاستيكي شفاف كبير علي قاع البحر.,غواص يرتدي معدات الغوص ويحمل صندوقا بلاستيكيا شفافا تحت الماء.,غواص تحت الماء يحمل حقيبه.
1480712062_32a61ad4b7.jpg,غطاس تحت الماء تحت الماء يمسك بسرطان البحر صغير,غواص وهو يحمل جراد البحر في يده تحت الماء.,غواص يحمل جراد البحر (او سرطان النهر) بيده تحت الماء.,غوص تحت الماء مع جراب البحر.
1481062342_d9e34366c4.jpg,فتاه صغيره تدور في ردهه ارضيه صلبه,طفله صغيره تركض في ممر منزل ذي ارضيه خشبيه لامعه.,طفله صغيره سعيده تجري في ممر ذي ارضيه خشبيه لامعه.,صوره لطفله صغيره تركض في الممر.
1482960952_95f2d419cb.jpg,ثلاث نساء مسنات يسيران من الخلف,تظهر الصوره ثلاث نساء مسنات يمشين بعيدا عن الكاميرا، كل منهن تحمل حقيبه او تستخدم عصا للمشي.,ثلاث نساء مسنات يسرن من الخلف، يحملن حقاءب وبعضهن يستخدمن عصا المشي.,ثلاث نساء مسنات يمشين بعيدا عن الكاميرا، واحده تستخدم عكازين.
148512773_bae6901fd6.jpg,يتمتع الزوجان بلحظه هادءه بالقرب من النهر,تظهر الصوره شخصين جالسين علي صخره تطل علي نهر واسع محاطا بغابات خضراء كثيفه.,نهرا يتدفق بين ضفاف صخريه خضراء، مع وجود اشخاص يستمتعون بالطبيعه.,صوره لشاطء نهري، حيث يجلس شخصان علي صخره، واخرون يسبحون في مياه النهر.
1488937076_5baa73fc2a.jpg,بعض الكلاب الملونه المختلفه تقفز في العشب خلف المنزل,ثلاثه كلاب من سلالات مختلفه - دالميشن، وروت وايلر، وايريش سيتر - وهي تركض نحو الكاميرا في حديقه خضراء.,ثلاثه كلاب تلعب وتجري في حديقه خضراء.,ثلاثه كلاب تجري في الحديقه.
1489286545_8df476fa26.jpg,رجل وكلب يجلسان علي مقعد قرب جسم من الماء,رجل يجلس علي مقعد خشبي مع كلبه، وهما ينظران الي غروب الشمس فوق الماء والجبال.,رجل وكلبه يجلسان علي مقعد يطلان علي منظر غروب الشمس فوق الماء.,رجل يجلس علي مقعد مع كلب اثناء غروب الشمس.
1490213660_9ea45550cf.jpg,كلب ذو لون فاتح يسير خلال مجري ماءي,كلب من نوع ويزارد، بلون رملي فاتح، يمشي في نهر ضحل ذي مياه متدفقه.,كلب فضي اللون يخوض جدولا ماءيا.,كلب يمشي في مياه النهر.
1490670858_e122df2560.jpg,طفل علي منزلقه حمراء,طفلا صغيرا جالسا علي زلاقه حمراء في ملعب، ويبدو سعيدا ومبتسما.,طفل يجلس مبتسما علي زحليقه برتقاليه في ملعب.,طفل يجلس في زلاجه لعب اطفال.
1491192153_7c395991e5.jpg,رجل يضع فتي صغير يرتدي اللون البرتقالي في ارجوحه طفل,يساعد اب ابنه الصغير علي الجلوس علي الارجوحه في حديقه، بينما يمسك بسلسله الارجوحه لضمان سلامته.,طفل علي كتفي رجل عند ارجوحه في حديقه.,رجل يلعب مع طفل في الملعب.
1499495021_d295ce577c.jpg,رجل وامراه يصطادان السمك علي الشاطء,شخصان يقفان علي شاطء صخري، احدهما يرتدي ستره خضراء ويحمل صناره صيد، بينما ينظر الاخر الي البحر.,يصطاد رجل السمك علي شاطء البحر بينما تقف امراه بجانبه.,صوره لشاب و شابه علي الشاطء.
1499554025_a8ffe0e479.jpg,مجموعه من الناس تقف مع الماعز البيضاء,مجموعه من الاشخاص يرتدون ملابس بيضاء وهم يفحصون ماعزا في حظيره او قاعه عرض.,مجموعه من النساء يعرضن ماعزهن البيضاء في ما يبدو انه معرض للمواشي.,مجموعه من الناس يرتدون ملابس بيضاء وهم يتفاعلون مع الماعز في مكان مغلق.
1499581619_a5f65a882c.jpg,زوجان يرتديان سترات يقبلان بعضهما البعض علي الشاطء,تظهر الصوره زوجين يتبادلان قبله عاطفيه علي الشاطء، مع خلفيه من البحر والتلال.,زوجين يقبلان بعضهما علي شاطء رملي.,صوره لزوجين يقبلان بعضهما علي شاطء البحر.
1500853305_0150615ce9.jpg,فتاه وفتي يتعانقان علي جسر,تظهر الصوره طفلتين، احدهما تحتضن الاخري، وهما تقفان علي جسر خشبي صغير في غابه كثيفه.,فتاه تحتضن صبيا وهما يقفان علي جسر خشبي مليء باوراق الشجر المتساقطه في غابه.,طفل يقف علي جسر خشبي في الغابه، وطفله تعانقه من الخلف.
1501297480_8db52c15b0.jpg,صبي يحاول وضع شاشه علي نافذه,طفلا يحمل قطعه زجاج كبيره بينما شخص اخر يمسك باطار النافذه من الداخل.,طفل يحمل شبك نافذه بينما يمد شخص يده من النافذه.,صبي يمسك شباكا زجاجيا كبيرا بيديه، واخر يمد يده من النافذه.
1501811302_5e723fc529.jpg,كلب الاغنام الاسود يطارد خروفا رماديا حول القلم,تظهر الصوره كلبا اسودا وابيض يطارد خروفا في ساحه ترابيه مسيجه، مع وجود منازل واشجار في الخلفيه.,كلب يطارد خروفا في ساحه ترابيه، مثيرا الغبار.,كلب اسود وابيض يركض خلف خروف بني في حقل.
1501985304_8c50093004.jpg,طفل يسبح مع امراه,طفلا صغيرا يبكي بينما تمسكه امراه بالقرب من حافه المسبح.,طفل يدخل المسبح بمساعده بالغ وهو يصرخ بصوت عال.,صوره لطفل في حمام سباحه.
150387174_24825cf871.jpg,رجل يرتدي تمويه يركب دراجه ناريه,متسابق دراجات ناريه يتسلق منحدرا صخريا وعرا في سباق تجارب.,شخص يركب دراجه ناريه عبر مجري ماءي صخري ضمن مسار محدد.,رجل يركب دراجه ناريه في بيءه جبليه.
1505686764_9e3bcd854a.jpg,رجل يمشي علي الصخور مع المياه المتدفقه من حوله,رجل يرتدي شورتا احمر وحذاء رياضيا يقف علي صخره بجانب جدول ماء في غابه، ويبدو انه يستعد للقفز او الغطس.,رجل عاري الصدر يقف علي صخور بجانب الماء في غابه خضراء كثيفه.,رجل يقف علي حافه صخريه بجانب الماء.
150582765_bad8dec237.jpg,فتاه ترتدي ستره وردي تنظر من خلال كاميرتها,تاخذ امراه ذات شعر مجعد بلون بني فاتح صوره بكاميرا بينما تقف في مكان عام، ربما في الشارع.,امراه بشعر مجعد تلتقط صوره بكاميرا.,صوره لامراه ذات شعر احمر طويل مربوط في ذيل حصان وهي مرتديه ستره واقفه امام سياره وتقوم بالتقاط الصور.
1507563902_6ec8d5d822.jpg,فتاه تقوم بخدعه علي الترامبولين الازرق وهي في الهواء,طفلا يقوم بحركه بهلوانيه (قلبيه) علي ترامبولين.,شخص يءدي شقلبه علي ترامبولين.,ولد يمارس رياضه القفز علي الترامبولين.
1508269285_6c5723f67d.jpg,يقف كلب ابيض وابيض في النهر بجانب البنك,كلب من فصيله البوينتر الالماني يقف في الماء، ويبدو مستمتعا بالسباحه او اللعب في الماء.,كلب مرقش براس بني يقف في الماء.,كلب الماني قصير الشعر يمشي في الماء.
1510078253_96e9ec50e7.jpg,كلب يحاول اصطياد كره,تظهر الصوره كلبا من نوع الدرندوت الفرنسي وهو يزمجر ويفغر فمه بشكل كبير بالقرب من كره لعب مزخرفه.,كلب بني تعابير وجه مضحكه ومتحمسه بفمه المفتوح وعينيه المتقلبه وهو يتفاعل بشده مع كره امامه.,كلب بلون بني غامق ينظر الي كره بلون ابيض وبقع صفراء وسوداء، وهو علي وشك ان يعضها.
1510669311_75330b4781.jpg,مجموعه من الفتيات يتظاهرن مع الذكور في مكان قريب,تظهر الصوره مجموعه من خمس فتيات يبتسمن ويقفن متلاصقات، ويبدو انهن يستمتعن بوقتهن في مكان عام مثل حفله او ملهي ليلي.,خمس شابات سعيدات يبتسمن للكاميرا.,خمس سيدات يضحكن في صوره.
1511807116_41c3645e8c.jpg,كلب اسود يلعب مع حيوان اخر,تتضمن الصوره جروين من كلاب الروتشوايلر يلعبان بحماس علي العشب، وهما متشبثان ببعضهما البعض في حركه مرحه.,جروان يتصارعان بحماس علي العشب.,كلبان يلعبان في الحديقه.
1514957266_a19827c538.jpg,كلب اسود يركض علي العشب الاخضر مع فمه مفتوح,كلب اسود اللون يركض بسعاده عبر حقل اخضر واسع.,كلب رمادي يجري بنشاط في مرج اخضر واسع.,كلب يجري في حقل اخضر.
1515025681_999199cb79.jpg,رجل يرتدي قميصا ابيض ونظارات شمسيه ينظر في الافق,رجل مسن يرتدي نظارات شمسيه وقميصا ابيض، وهو يمسك بشيء ما في يديه، بينما يظهر طفل امامه.,رجلا مسنا يرتدي نظارات شمسيه وقميصا ابيض، وهو يمسك شيءا بيديه، ويظهر طفل صغير امامه في مشهد خارجي مضاء جيدا.,رجل مسن يمسك قطعه من الحلوي او الطعام بيديه، ويرتدي نظاره شمسيه وساعه في معصمه.
1515883224_14e36a53c7.jpg,امراه في قميص ازرق في حشد من الناس,موجز للصوره: تظهر الصوره امراه ذات وزن زاءد ترتدي قميصا ازرق، وهي تقف في مجموعه من الناس في مكان عام، ويبدو انها تتحدث مع شخص ما خلفها.,تظهر الصوره امراه ترتدي قميصا ازرق وتكشف عن جزء من خصرها، تقف بين حشد من الناس.,صوره لامراه بدينه وهي تنظر الي شيء ما في سوق مزدحم.
1516714577_7d1c35a8d8.jpg,فتاه في الوردي تلف الشريط,طفله صغيره سعيده تقفز علي رصيف، وهي ترتدي ملابس ملونه وتلوح بشيء وردي اللون في الهواء.,فتاه صغيره تضحك بسعاده وهي تلعب بحيويه بشريط وردي.,فتاه صغيره تقوم بالرقص في الخارج امام الجدار.
1517340899_ee1c74a8f6.jpg,فتاه تقفز في العشب,طفله تقفز في الهواء بفرح، مع رفع ذراعيها، وخلفيه من السماء الزرقاء والنباتات الطويله.,فتاه مبتهجه تقفز عاليا في الهواء، وخلفها سماء زرقاء صافيه.,الطفله في الصوره تقفز بفرح.
1517721825_10176d0683.jpg,ثلاث كلاب تصطدم بالماء,ثلاثه كلاب تستمتع بالركض واللعب في مياه البحر، مع خلفيه من الامواج والصخور.,ثلاثه كلاب تركض وتلعب بمرح في مياه البحر، مما يتسبب في تناثر قطرات الماء حولها.,ثلاثه كلاب تجري في البحر.
1517807181_ca6588f2a0.jpg,يلعب طفلان مع طاءره ورقيه في الريف المفتوح علي مصراعيها,طفلين يركضان في حقل عشبي مع طاءره ورقيه تحلق في السماء، وخلفهما جبال واشجار.,طفلتان تركضان وتلعبان في حقل واسع بينما تحلق طاءره ورقيه في السماء الزرقاء.,صوره لطفلين يركضان في سهل مع مروحيه لعبه تطير في السماء.
152029243_b3582c36fa.jpg,رجل يناور دراجه ناريه من خلال تيار صخري,راكب دراجه ناريه يقوم بمناوره صعبه علي دراجه ناريه متخصصه في التضاريس الوعره، وسط بيءه طبيعيه صخريه وماءيه.,ساءق دراجه ناريه يعبر مجري ماءيا صخريا.,رجل يركب دراجه ناريه حمراء علي ضفه نهر.
1521623639_4bda3407cc.jpg,رجل بلا ماوي يجلس علي اريكه تحت جسر علوي,تظهر الصوره شخصا جالسا علي اريكه قديمه تحت جسر، محاطا بالاعشاب الضاره والقمامه.,رجل يجلس علي اريكه تحت جسر.,صوره لامراه وطفل تحت جسر،هما جالسين علي كرسي في بيءه غير نظيفه.
1522787272_5a31497ef2.jpg,كلب موحل يركض علي العشب,كلب ذهبي اللون يركض في العشب الاخضر وهو مغطي بالطين.,كلب جولدن ريتريفر مغطي بالطين يركض في حقل عشبي.,كلب من سلاله ريتریفر يركض في حقل اخضر.
1523800748_a59e980eee.jpg,صبي وفتاه علي طول الشاطء,طفلان يركضان علي شاطء رملي باتجاه الماء، مع وجود غابه خضراء كثيفه في الخلفيه تحت سماء غاءمه.,يركض طفلان علي شاطء رملي بجانب الماء وتلال خضراء مورقه.,صوره لطفلين يركضان علي الشاطء.
1523984678_edd68464da.jpg,كلب يلعب بكره التنس الصفراء ويرتدي حزام احمر,كلب بوستون تيرير اسود وابيض يركض علي العشب الاخضر وهو يحمل كره تنس خضراء في فمه.,كلب بوسطن تيرير يعدو علي العشب حاملا كره تنس في فمه.,كلب بوسطن ترير يجري في الحديقه ويحمل كره بين فكيه.
1525153022_06c48dbe52.jpg,كلب اسود يمر عبر الماء,يركض كلب دوبرمان اسود اللون في الماء، ويبدو انه يستمتع بوقت ممتع.,كلب اسود يقفز في الماء محدثا رذاذا.,كلب من نوع الدوبيرمان يركض في الماء.
1526181215_c1a94325ae.jpg,كلب يقفز في الماء,كلب ذو فراء بني يغوص في الماء، مع تناثر قطرات الماء حوله في مشهد حيوي ومبهج.,كلب يقفز في الماء وتتطاير قطرات الماء حوله.,كلب يغوص في الماء.
1526325728_74eb4153d8.jpg,كلب رمادي يلعب في الرمال في المحيط,كلب ويما رانر رمادي اللون يركض علي الشاطء وهو يحمل في فمه بعض الاعشاب البحريه.,كلب يجري علي شاطء رملي.,كلب علي الشاطء يركض.
1527297882_dededc7891.jpg,رجل يرتدي زي جاك سبارو من قراصنه الكاريبي,رجلا يرتدي زي قرصان، مع ربطه راس حمراء، وبعض الخرز المعلق، وشارب مرسوم.,شاب يرتدي زي الكابتن جاك سبارو، بمكياج يظهر لحيه وشارب.,صوره لرجل يرتدي زي قرصان.
1527333441_af65636a74.jpg,شخص يرتدي بنطلون جينز ازرق وبلوزه زرقاء اللون يقف وينتظر,"رجل يرتدي قميصا بدون اكمام وبنطال جينز، ويقف علي جهاز سكوتر ذاتي التوازن، مع لافته تحمل اسمه """" ولقبه """" .",شاب يرتدي قميصا ازرق وجينز يقف علي جهاز نقل شخصي ويحمل لافته بيضاء.,شاب يركب دراجه كهرباءيه في استوديو تلفزيوني.
1527513023_3d8152b379.jpg,صبي صغير يلعب مع لعبه ماءيه بينما يراقب الاخرون,طفلا صغيرا يستمتع باللعب في الماء علي العشب الاخضر، محاطا برذاذ الماء، بينما تظهر ام وطفل اخر في الخلفيه.,طفل يلهو بسعاده في لعبه سياره صفراء بينما يتطاير الماء حوله.,صوره لطفل يضحك وهو يستحم في انبوب اطفال علي شكل سياره.
1528205014_1323aa9dfd.jpg,رجل يرتدي ستره صفراء مع العديد من الاساور الملونه يبتسم,"اليك وصف للصوره يظهر رجل يبتسم في صوره وهو يرتدي قميصا مكتوبا عليه "" "" وستره صفراء وقلاده قوس قزح ، ويبدو انه في مسيره فخر.","يبتسم رجل بسعاده وهو يرتدي قبعه مكتوبا عليها """" وزينه ملونه بالوان قوس قزح، في اجواء احتفاليه.",رجل يرتدي قميصا اصفر وقبعه سوداء يشارك في موكب فخر المثليين.
1529044279_4922ead27c.jpg,شارع مزدحم في اوروبا,مجموعه من الاشخاص، بمن فيهم الاطفال، يتفاعلون مع شخص يرتدي نظارات في ساحه مدينه، ربما اثناء حدث او عرض.,عاءله تسير وتتفاعل في ساحه مرصوفه بالحجاره امام مبان تاريخيه تحت اشعه الشمس.,صوره لعاءله في الخارج يبدو انهم في رحله ترفيهيه.
1536597926_c2e1bc2379.jpg,اثنين من المتنزهين يستريحون علي الجبل المغطي بالثلوج,رجلين يرتديان ملابس دافءه يجلسان علي صخره في منطقه جبليه مغطاه بالثلوج، مع حقاءب ظهر بجانبهما، وينظران الي الاعلي نحو السماء الزرقاء الصافيه.,شخصان يرتديان ملابس شتويه يستريحان علي صخور في منظر جبلي ثلجي تحت سماء زرقاء صافيه.,صوره لشابين يرتديان ملابس الشتاء ومتعلقاتهما بجوارهما.
1536774449_e16b1b6382.jpg,تجمع حشد من الناس مع مشهد السماء في الخلفيه,حشدا كبيرا من الناس في حفل موسيقي في الهواء الطلق عند غروب الشمس، مع وجود مسرح كبير في الخلفيه.,حشدا هاءلا من الجماهير في حفل موسيقي خارجي عند غروب الشمس، مع سماء ملونه ومسرح مرءي في الخلفيه.,حشد كبير من الناس في ساحه خارجيه في الغروب.
1539166395_0cdc0accee.jpg,طفل مجعد الشعر في قميص ابيض يمسك بمقبض لعبه ركوب,الصوره لطفل صغير ذو شعر مجعد يركب لعبه، ويبدو عليه الانفعال او الاثاره.,طفل بشعر مجعد يركب لعبه، مرتديا قميصا ابيض برسومات جمجمه وعظمتين.,صوره لطفل يبدو عليه الغضب او الدهشه او المفاجاه.
1540631615_8b42c1b160.jpg,صبي في ستره حمراء يقوم بمناوره جمباز في ملعب رياضي عشبي,طفلا يقوم بحركه بهلوانيه (قفزه بالعجله) علي ارضيه ملعب عشبي صناعي.,طفل يرتدي ستره حمراء يءدي وقفه اليدين علي ملعب رياضي اخضر.,صبي يتدرب علي حركات بهلوانيه علي ملعب كره قدم.
1541272333_1624b22546.jpg,كلب وعاصفه ترابيه,تظهر الصوره كلبا يركض في الرمال، مما يثير سحابه من الغبار حوله، مع وجود نباتات خضراء في الخلفيه تحت سماء رماديه.,كلب يركض بحيويه في الرمال، مبعثرا الغبار من حوله.,كلب ضخم يجري في العراء ويرفع كميه من الرمال.
1542033433_5453d4c466.jpg,انثي في قميص اخضر تقف اثناء مرور المرور,امراه تقف علي رصيف الشارع، تنظر الي حركه المرور الماره امام مطعم بيتزا في مدينه نيويورك.,امراه تقف علي الرصيف في المساء، تشاهد السيارات المسرعه امام مطعم بيتزا.,امراه تقف علي الرصيف امام مطعم بيتزا، وظهرها للكاميرا.
1547883892_e29b3db42e.jpg,امراه تستمتع بقراءتها في مقهي,تجلس امراه ترتدي قبعه علي طاوله في الهواء الطلق، وتقرا كتابا او تكتب، مع وجود كوبين من القهوه بجانبها.,امراه ترتدي قبعه تجلس علي طاوله في مقهي خارجي مع كوب قهوه وكتاب.,امراه جالسه علي كرسي خارج مطعم وتكتب في كتاب بينما تشرب القهوه.
154871781_ae77696b77.jpg,الاولاد يركلون كره القدم في العشب تحت شجره,طفلين يلعبان كره القدم في حديقه خضراء واسعه، مع وجود مبني في الخلفيه واشجار مورقه في المقدمه.,صبيان يلعبان كره القدم في مرج اخضر تحت اغصان الاشجار.,الصوره تصور مشهدا سلميا في حديقه، حيث يمر شخصان في الخلفيه بينما شخص مستلق علي العشب في المقدمه.
1550772959_9ca9fa625f.jpg,فتاه تجلس مع ادوات حفر تفحص صخره,فتاه صغيره منهمكه في التنقيب عن الاثار باستخدام فرشاه وادوات اخري في موقع اثري.,طفله تنظف بعنايه شيءا ما بفرشاه في موقع تنقيب.,الصوره لطفل يجلس علي الارض يمسح حجرا او تربه بالفرشاه.
1552065993_b4dcd2eadf.jpg,كلب يركض في حقل,تظهر الصوره كلبا من سلاله ويبيط () وهو يركض بسرعه في حقل اخضر مليء بالاعشاب والزهور.,كلب رشيق ابيض ومرقط يجري بنشاط في حقل اخضر.,الكلاب هي كلب ابيض وبني يركض في حقل اخضر.
155221027_b23a4331b7.jpg,هبوط طاءره القفز بالمظلات بينما يراقب اخر من الارض,شخصين يمارسان رياضه القفز بالمظلات في حقل، احدهما هبط بالفعل والاخر لا يزال في الهواء.,المشهد مظليين في حقل، احدهما يجمع مظلته والاخر يهبط بمظله ملونه.,رجلان يمارسان رياضه القفز بالمظله في ساحه مفتوحه.
1554713437_61b64527dd.jpg,كلب كلب كبير يمشي علي خشبه في الغابه,تظهر الصوره كلبا رمادي اللون من سلاله ويما رانر وهو يتسلق جذع شجره كبير في غابه كثيفه.,كلب وايمارنر يمشي علي جذع شجره ساقط في غابه.,كلب ضخم يقف علي جذع شجره في الغابه.
1557838421_a33f2a4911.jpg,كلب ابيض و رمادي يقضم اذن كلب ابيض و بني,تتصارع كلبان من سلاله ويبيط في معركه مرحه، حيث يظهران باسنان مكشوفه وتعبيرات وجه مضحكه.,كلبان يتشاجران بمرح وحيويه.,كلبان يلعبان ويعض احدهما الاخر.
1561658940_a947f2446a.jpg,فتاه صغيره تضحك في ارجوحه,طفله صغيره تجلس علي ارجوحه وتضحك بسعاده، وهي ترتدي ملابس ملونه وتستمتع باللعب في الهواء الطلق.,طفله صغيره مبتسمه تجلس علي ارجوحه في الهواء الطلق.,طفله علي الاراجيح.
1562392511_522a26063b.jpg,كلب يمضغ حبلا ازرقا بينما يراقب رجلان من الخلف,كلب رمادي اللون ذو مظهر قوي وهو يعض بحماس حبلا ازرقا، بينما يمسكه رجلان.,كلب رمادي يشد حبلا ازرق سميكا بقوه هاءله، ويسانده رجلان.,يبدو ان الكلب يحمل حبلا في فمه اثناء تثبيته من قبل شخصين.
1562478333_43d13e5427.jpg,رجل يخيم علي شاطء,رجل يرتدي قبعه حمراء وسروال سباحه علي شاطء رملي بجوار خيمه وقارب كاياك ومجداف، ويبدو انه يستعد للسباحه او قد عاد منها للتو.,مشهد تخييم علي شاطء رملي يضم خيمه وزورقا ورجلا.,الصوره تصور رجلا يقيم مخيما علي الشاطء، بجوار قارب كاياك.
1562478713_505ab6d924.jpg,رجل يطبخ الطعام في المخيم له,رجل عار الصدر يطبخ علي موقد صغير بجانب خيمه برتقاليه علي شاطء رملي، مع وجود معدات تخييم اخري متناثره حوله.,يجلس رجل علي الرمال ويعد طعامه بجانب خيمته في الهواء الطلق.,رجل يجلس علي الشاطء امام خيمه برتقاليه، ويقوم باعداد طعامه.
1563731247_7f21d8bec0.jpg,طفل يلعب علي الارض في كومه من الاوراق,تستمتع مجموعه من الاطفال باللعب في كومه من القش تحت اشعه الشمس الساطعه، حيث يتطاير القش في الهواء.,اطفال يلهون بالتبن المتناثر في الهواء تحت سماء زرقاء وشمس ساطعه.,صوره لاطفال يجلسون علي كومه من القش ويلقون القش في الهواء.
1564614124_0ee6799935.jpg,فتاه تلعب بسوار سحري,طفله صغيره ترفع يديها في الهواء، مرتديه خواتم كبيره متدليه، مع خلفيه من السماء الزرقاء والشمس الساطعه.,طفله بظلها وشعرها المتوهج بضوء الشمس، وهي تمسك قلاده براقه تحجب وجهها جزءيا.,صوره لطفله ترفع يدها اليمني لتمسك عقدا من الاحجار البراقه امام وجهها.
1566117559_f5d98fbeb0.jpg,كلب ابيض صغير يتوسل,كلب صغير ابيض اللون يقف علي قدميه الخلفيتين، ويبدو وكانه يءدي حركه او يطلب شيءا.,كلب ابيض منفوش يقف علي رجليه الخلفيتين وينظر الي الاعلي.,كلبه صغير، لونه ابيض، واقف علي رجليه الخلفيتين.
1569562856_eedb5a0a1f.jpg,رجل في ستره سوداء لديه سماعه راس بيضاء في اذنه,رجلا يرتدي ستره داكنه اللون، يقف امام خريطه لخطوط المترو في هوليوود/هاي لاند، ويستمع الي الموسيقي بسماعات الاذن.,"رجل من الخلف وهو يرتدي سماعات اذن وينظر الي لوحه اعلانات ""/ "".",رجل يرتدي ستره زرقاء وسماعات في اذنيه ينظر الي لوحه اعلانات محطه قطار.
156967462_72db9b722c.jpg,يلعب كلبان في الماء,تظهر الصوره ثلاثه كلاب، اثنان يسبحان في النهر والاخر يركض علي الشاطء الصخري، تحت جسر خرساني، مع وجود اشجار خضراء في الخلفيه.,كلاب تلعب في نهر تحت جسر كبير.,الكلاب تستحم في مياه النهر.
1569687608_0e3b3ad044.jpg,فتاتان ترتديان سترات النجاه ويعانقان بعضهما البعض,فتاتين صغيرتين تبتسمان وتعانقان بعضهما البعض وهما ترتديان سترات نجاه علي ما يبدو في قارب علي الماء.,طفلتان مبتسمتان تعانقان بعضهما البعض في قارب علي البحيره.,صوره لطفلتين يضمان بعضهما البعض في بحيره.
1570723692_3a2b064d43.jpg,ثلاثه كلاب تستنشق بعضها البعض,تظهر الصوره ثلاثه كلاب في العشب، حيث يحاول كلب صغير ان يعض او يلعب مع كلب اكبر، بينما يقف كلب ثالث بالقرب منهما.,تتفاعل ثلاثه كلاب مع بعضها البعض علي العشب الاخضر.,كلب كبير بجانب كلب صغير علي العشب.
157139628_5dc483e2e4.jpg,رجل في قميص ازرق يرش فن النحت الرملي,"فنان ينحت تمثالا لراس رجل ذي لحيه طويله في الرمال علي الشاطء، مع كتابه كلمه """" فوقه، بينما يستخدم بخاخ ماء لتثبيت التفاصيل.","نحات رمال يستخدم مرشه لترطيب منحوته رمليه تفصيليه لوجه ملتح وكلمتي "" "" علي الشاطء.",رجل يقوم برش رمال الشاطء باستخدام جهاز، و في المقدمه منحوته رمليه لامراه.
1572286502_64e5c4b920.jpg,طفل اشقر تسلق عبر شبكه,طفلا صغيرا يتسلق شبكه حبال زرقاء علي ملعب، ويبدو عليه الاثاره او التركيز اثناء اللعب.,طفل يضحك وهو يتسلق شبكه الحبال الزرقاء في الملعب.,طفل يتسلق سلما في الخارج تحت اشعه الشمس.
1572532018_64c030c974.jpg,اطفال يلعبون علي الشاطء,تظهر الصوره ثلاثه اولاد يركضون ويضحكون علي الشاطء، مع وجود امواج البحر في الخلفيه.,يستمتع ثلاثه اولاد باللعب بمرح علي شاطء البحر.,ثلاثه اطفال يركضون علي الشاطء.
1574401950_6bedc0d29b.jpg,صبي يقفز من اعلي منزلقه بلاستيكيه زرقاء,طفلا يقفز من نهايه زلاقه في حديقه العاب، ويبدو سعيدا ومتحمسا.,طفل يقفز بحيويه في الهواء فوق زلاقه داخل ملعب.,ولد يلعب في ساحه العاب.
1576185717_f841ddc3da.jpg,صبي وفتاه يلعبان لعبه الكريكيت,طفلين يلعبان الكريكيت في حقل عشبي اخضر مع خلفيه من الاشجار.,يلعب طفلان الكريكيت في حقل عشبي.,صبي يضرب كره لعبه الكريكيت بلوحه امام فتاه تلعب في ساحه خضراء.
1579198375_84b18e003a.jpg,مغنيه تغني مع فرقتها,اليك وصف للصوره تغني امراه ميكروفونا علي خشبه المسرح بينما يعزف عازف الجيتار في الخلفيه ، مع اضاءه ارجوانيه وزرقاء.,عرض موسيقي حي علي مسرح مظلم تضيءه اضواء ملونه.,صوره لامراه تغني في ميكروفون امام شخص يغني و يعزف الجيتار.
1579206585_5ca6a24db0.jpg,فتاه تلعب غيتار كهرباءي امام مكبر للصوت,اليك وصف للصوره تظهر الصوره عازفه جيتار في اضاءه مسرحيه خافته، وهي تعزف علي الجيتار امام مكبرات صوت مارشال.,تظهر الصوره عازفه جيتار تءدي علي مسرح مظلم تحت اضواء مسرح ملونه زاهيه.,صوره لامراه تعزف الغيتار الكهرباءي علي خشبه المسرح.
1579287915_4257c54451.jpg,رجل وحيد يقف علي بروز صخري وينظر علي البريه,رجلا يقف علي قمه صخريه مرتفعه، ويطل علي منظر طبيعي خلاب من الجبال المغطاه بالغابات الخضراء.,رجل يقف علي صخره يطل علي منظر جبلي اخضر واسع.,رجل علي قمه الجبل ينظر الي مناظر طبيعيه خلابه في وادي جبلي.
1580671272_3e99d94305.jpg,رجل يغذي حصانا يرتدي بطانيه مربوطه باللون الازرق,طفلا يقف بجانب حصان صغير يرتدي بطانيه زرقاء، ويقدم له تبنا من دلو احمر، بينما يوجد اشخاص اخرون وحيوانات في الخلفيه.,فتي يطعم حصانا رماديا يرتدي غطاء ازرق في فعاليه خارجيه للخيول.,ولد يطعم الحصان في ساحه مفتوحه.
1581822598_0ae23074f1.jpg,كلب بني واسود يلعب في الثلج,تظهر الصوره كلبا من فصيله الراعي الالماني وهو يقفز في الهواء محاولا الامساك بكره ثلج في الثلج المتساقط.,كلب يقفز في الثلج محاولا الامساك بقطعه ثلج.,كلب يقفز في الهواء ليلتقط كره ثلجيه.
1584315962_5b0b45d02d.jpg,رجل يحمل العلم بجانب المخيم الثلجي,مشهدا ثلجيا مع شخص يحمل علم تشيلي، وخيام، ومعدات تسلق، ويبدو انهم في منطقه جبليه او قطبيه.,فريقا من المتسلقين في معسكر ثلجي بالخيام، يحمل احدهم علم تشيلي.,رجل يحمل علم تشيلي في منطقه جبليه ثلجيه ليلا.
1594038143_57f299aa8a.jpg,صبي صغير يرتدي قميصا ازرقا يسحب عنصرا من قبعه سحره,طفلا يشارك في عرض سحري، حيث يقوم بادخال قطعه قماش حمراء في كيس سحري يحمله ساحر.,يشارك طفل مبتهج في عرض سحري، يسحب شيءا من قبعه بمساعده ساحر.,طفل يمسك دميه علي شكل راس اسد.
159712188_d530dd478c.jpg,امراه تسير بعد شلال اصطناعي,امراه تمشي بجانب بركه ماء مع خلفيه من ناطحات السحاب والاشجار في مدينه.,امراه تسير مع طفلها في حديقه حضريه بها مسطح ماءي وافق مدينه في الخلفيه.,امراه تسير امام بحيره مع شرفه في الخلفيه في مدينه.
1597319381_1e80d9e39c.jpg,مجموعه من الاطفال باللونين الاحمر والابيض يلعبون كره القدم,مجموعه من لاعبي كره القدم الشباب يلعبون مباراه علي ملعب عشبي، حيث يقوم احد اللاعبين بتسديد الكره بينما يراقب الاخرون.,لاعبو كره قدم يشاركون في مباراه علي ملعب عشبي، واحدهم يركل الكره.,لاعب كره قدم يرفع ستره اليمني ليلعب الكره برجله اليمني في مباراه كره قدم.
1597557856_30640e0b43.jpg,كلب بني يقفز علي امراه ترتدي تنوره بنيه اللون,تتفاعل امراه مع كلبها الذهبي الذي يقف علي قدميه الخلفيتين، بينما يراقب كلب اخر من الامام.,تتفاعل امراه مع كلب جولدن ريتريفر يقف علي قدميه الخلفيتين علي شرفه، بينما يظهر كلب اخر غير واضح في مقدمه الصوره.,امراه تتفاعل مع كلب علي رجليها الخلفيتين، بينما كلب اخر يركض في المقدمه.
1598085252_f3219b6140.jpg,كلب في حقل,تظهر الصوره كلبا اسود وبني اللون يركض في حقل عشبي، بينما يظهر جزء من حيوان اخر في اسفل الصوره.,كلاب دوبرمان تجري في الحشاءش الجافه.,كلب يجري في سهل.
1600208439_e94527b80f.jpg,كلب بني يلعب في الوحل,يركض كلب اسود وبني اللون في الماء، مما يسبب تناثر المياه في كل مكان.,كلب داكن يجري في الماء مثيرا رذاذا كبيرا.,كلب يجري في الطين.
160541986_d5be2ab4c1.jpg,فتاه متزينه مع المجوهرات المذهله,امراه ترتدي ملابس تاريخيه فاخره، مع قلاده من اللءلء وتفاصيل دقيقه في الزي، وتنظر مباشره الي الكاميرا بنظره هادءه.,امراه ترتدي زيا تقليديا مزينا بقلاده من اللءلء وبروش فاخر، وتنظر الي الكاميرا.,صوره لامراه ترتدي ملابسا انيقه وتضع مكياجا خفيفا، وتزينها اكسسوارات من اللءلء والذهب.
160566014_59528ff897.jpg,زوجان يجلسان علي غطاء سياره مع ظهورهما للكاميرا,رجل وامراه يقفان علي سياره وينظران الي شيء ما في الشارع، مع وجود سيارات ومنازل في الخلفيه.,شخصان يجلسان علي سياره من الخلف.,رجل وامراه يجلسان علي غطاء سياره امام رصيف به سيارات متوقفه.
160585932_fa6339f248.jpg,سياره مغموره جزءيا في بحيره,تظهر الصوره سياره تويوتا فوررنر سوداء اللون وهي تعبر مجري ماءي في غابه صنوبريه.,سياره دفع رباعي تخوض مجري ماءيا بين اشجار الغابه.,سياره سوداء تسير في مياه احد الانهار.
1606988704_fe330878a3.jpg,ثلاثه اطفال يلعبون في القش,ثلاثه اطفال يستمتعون باللعب علي اكوام من القش في حقل، ويبدو انهم يرمون القش في الهواء.,اطفال يستمتعون باللعب بالقش المتطاير في الهواء الطلق.,ثلاث بنات يلعبن فوق كومه من القش في الحقل.
160792599_6a7ec52516.jpg,خمسه اشخاص ينظرون نحو المحيط,مجموعه من خمسه اشخاص يقفون علي الشاطء وينظرون الي البحر.,خمسه اشخاص يقفون علي الشاطء وينظرون الي امواج البحر.,خمسه اشخاص ينظرون الي البحر من علي الشاطء.
160805827_5e6646b753.jpg,رجل في قارب امام غروب الشمس,رجل علي متن قارب في البحر عند غروب الشمس، مع وجود علم امريكي يرفرف في الخلفيه.,رجل علي متن قارب يستمتع بغروب الشمس الذهبي فوق الماء.,صوره لرجل علي ظهر قارب في بحر هادء وقت الغروب.
1616016569_673de1d678.jpg,زوجين يجلسان معا يبتسمان في المصور,امراه ورجل يبتسمان للكاميرا، ويبدو انهما في مكان عام مثل مطعم او قاعه.,رجل وامراه يبتسمان بسعاده في هذه الصوره.,صوره لامراه و رجل في مكان عام.
161669933_3e7d8c7e2c.jpg,رجل يركب دراجه بخاريه مع رقم عليها,متسابق دراجات ناريه يرتدي خوذه وبدله سباق، وهو ينحني بسرعه اثناء قيادته علي طريق ملتوي محاط بالعشب والاحجار.,متسابق دراجات ناريه ينحني بحده في منعطف علي طريق ريفي مشمس.,صوره لدراج يركب دراجه ناريه علي طريق ملتوي.
161905204_247c6ca6de.jpg,امراه في قميص ازرق والسراويل السوداء تمشي علي الطريق,فتاه تركض علي طريق ريفي طويل محاط بالاشجار والنباتات الخضراء تحت سماء غاءمه.,فتاه تسير علي طريق ريفي محاطه بالطبيعه الخضراء.,صوره لطفله تركض علي طريق.
1620397000_3883e3ecd3.jpg,كلب ابيض واسود يقفز فوق تيار,كلب منقط باللونين الابيض والاسود وهو يقفز فوق مجري ماءي ضيق محاط بالنباتات الخضراء.,كلب مرقط يقفز فوق مجري ماءي محاط بالعشب الاخضر.,كلب ابيض اسمر يمر فوق ممر ماءي ضحل.
162152393_52ecd33fc5.jpg,فتاه علي الشاطء مع اعلام قوس قزح,اليك وصف للصوره تظهر الصوره مشهدا علي شاطء البحر مع اعلام قوس قزح ترفرف في مهب الريح ، واشخاص يستمتعون بالشاطء ، وطاءرات ورقيه تحلق في السماء الزرقاء الصافيه.,شاطء وممشي بحري مشمس يعج بالطاءرات الورقيه والاعلام الملونه.,صوره لامراه جالسه علي حاجز في شاطء يرفرف فيه عدد من الطاءرات الورقيه.
1622619190_d0b51aff28.jpg,كلب بني يسير علي العشب بجانب سور,كلبا من فصيله السلوقي وهو يجري بسرعه علي العشب الاخضر، ويبدو سعيدا ومتحمسا.,كلب ذو لون بني فاتح يعدو فوق العشب الاخضر.,كلب كبير يركض في ساحه خلف سور.
1626754053_81126b67b6.jpg,يذهب كلب ابيض واسود خلف القرص البرتقالي,يركض كلب اسود وابيض بحماس في حديقه خضراء، وهو ينظر الي قرص طاءر في الهواء.,كلب اسود وابيض يركض ليمسك طبقا طاءرا برتقاليا في الهواء.,كلب ملون باللونين الاسود والابيض يركض في العشب ويقفز لاعلي لمحاوله الامساك بداءره ملونه باللونين الاحمر والاصفر في الهواء.
162743064_bb242faa31.jpg,كلب بني يصطاد كره في صوره ظليه,اليك وصف للصوره كلب بني اللون يقفز في الهواء لالتقاط كره خضراء في ضوء الشمس الذهبي.,كلبا يقفز في الهواء لالتقاط كره، تظهر صورته ظليه امام ضوء الشمس الذهبي.,كلب قافز في الهواء يمسك كره خضراء في فمه.
1643915227_9f48068772.jpg,بعض الناس والمركبات في شارع مزدحم,مشهدا حيويا في تايمز سكوير في مدينه نيويورك، مليءا بالاعلانات المضيءه والماره والسيارات الصفراء.,تعرض الصوره شارع مدينه صاخبا تزينه اللوحات الاعلانيه المضيءه وحركه المرور المزدحمه.,صوره لشارع مزدحم في مدينه نيويورك.
1650280501_29810b46e5.jpg,مجموعه من الناس يجلسون في صفوف من المقاعد الخشبيه,اليك وصف للصوره تظهر الصوره جمهورا في مسرح يقراون برامج او نصوصا ، ربما قبل او اثناء عرض.,جمهورا يحضر حدثا في قاعه ذات اضاءه خافته.,جمهورا في قاعه انتظار، وهم يمسكون باوراق اثناء جلوسهم في المقاعد.
1655781989_b15ab4cbff.jpg,مجموعه من متسلقي الجبال,مجموعه من المتسلقين يمشون عبر منظر طبيعي ثلجي جبلي واسع، مع قمم جبليه مغطاه بالثلوج في الخلفيه.,تظهر مجموعه من المتسلقين وهم يسيرون عبر سهل ثلجي واسع محاط بالجبال الشاهقه.,جبل ثلجي مع وجود اشخاص يمشون في الثلج.
1659358133_95cd1027bd.jpg,كلب اسمر يتشمم جذع شجره,"كلب من نوع ""وايمارانر"" رمادي اللون يقف علي جذع شجره في غابه، ويبدو منشغلا بشيء ما علي الارض.",كلب يتشمم جذع شجره في الغابه.,كلب من فصيله فايمارو علي جذع شجره.
1659358141_0433c9bf99.jpg,كلب بني يلهث بشده علي العشب خلال يوم مشمس,تظهر الصوره كلب وييمارنر رمادي اللون وهو يركض في العشب، مع لسان يتدلي من فمه.,كلب رمادي يلهث ولسانه متدل بينما يسير في حقل عشبي.,كلب من فصيله فايمارر يهرول في الحديقه.
1659396176_ced00a549f.jpg,اثنين من الكلاب ، واحده مع الفراء البني الطويل ، كل من الكلاب لها افواههم مفتوحه واسنان تظهر,تظهر الصوره كلبين من سلاله الشيبرد الاسترالي يلعبان بحماس في حديقه، احدهما يركض والاخر يبدو وكانه يزمجر او يضحك.,كلبين يلعبان بحماس، حيث يقفز احدهما بفم مفتوح ولسان متدل.,كلبان يركضان في ساحه.
1662261486_db967930de.jpg,كلب ابيض واسود القفز من خلال طاره سوداء وبيضاء,كلب من سلاله البلدوغ الامريكي وهو يقفز عبر حلقه كبيره في مسابقه او تدريب علي رشاقه الكلاب.,كلب يقفز عبر طوق مخطط بالاسود والابيض.,كلب يمر من خلال داءره مثبته في حلبه تدريب.
166321294_4a5e68535f.jpg,رجل يركب دراجه ناريه حمراء,متسابق دراجات ناريه يرتدي بدله برتقاليه وخوذه سوداء وبرتقاليه، وهو يقود دراجه ناريه حمراء علي طريق اسفلتي.,دراج ناري يميل بدرجته الرياضيه الحمراء في منعطف علي الطريق.,ركب متسابق دراجه ناريه حمراء ويرتدي خوذه وبدله برتقاليه اللون.
1663454406_5e2cf8c5bb.jpg,رجل يحمل علامه بينما يقف تحت المطر,"اليك وصف للصوره تظهر الصوره مجموعه من الاشخاص يحتجون ، يحمل احدهم لافته مكتوب عليها ""لا تكن حاقدا"" تحت مظله قوس قزح في يوم غاءم.",مجموعه من الاشخاص يتظاهرون، يحمل احدهم لافته مكتوب عليها رساله ضد الكراهيه، بينما تحمل اخري مظله بالوان قوس قزح.,"امراه تحمل مظله ملونه ورجل يحمل لافته تقول ""لا تكره""."
1663751778_90501966f0.jpg,يتم توصيل متسلق بواسطه الحبال الي وجه صخري بلون بني,شخص يتسلق منحدرا صخريا حادا باستخدام حبل، ويبدو انه معلق في الهواء.,متسلق صخور يصعد صخره شديده الانحدار باستخدام الحبال.,رجل يتسلق الجبل بشيء من الصعوبه.
166433861_70b66cd381.jpg,متسابق الدراجات الناريه يميل دراجته,متسابق دراجات ناريه يركب بسرعه علي طريق ملتوي، وهو ينحني بشكل حاد اثناء السباق.,متسابق دراجه ناريه يميل بزاويه حاده في منعطف علي الطريق.,ركاب دراجه ناريه يركب دراجته في منعطف علي الطريق.
166507476_9be5b9852a.jpg,اثنين من السحالي القتال,اثنين من السحالي الضخمه، علي الارجح سحالي الورن، وهما تتصارعان في الماء بالقرب من ضفه صخريه.,ورل يحتضن ورلا اخر في الماء.,تظهر الصوره تمساحا في الماء، يرفع راسه وجزءا من جسمه خارج الماء، ويبدو مرتاحا او مسترخيا في بيءته الطبيعيه.
166654939_80ea4ddbcc.jpg,تسير مجموعه من عربات السباق في مضمار سباق,اليك وصف للصوره تظهر الصوره مجموعه من سيارات السباق وهي تتسابق علي مسار ترابي داءري.,تتحرك سيارات سباق ترابيه في صف واحد علي مضمار ترابي.,سباق سيارات علي حلبه طينيه.
1670592963_39731a3dac.jpg,يمر الكلب اسفل المنزلق,تظهر الصوره كلبا من سلاله شيتلاند شيبدوج وهو يقفز برشاقه فوق لوح ماءل ملون في مسابقه للكلاب.,كلب رشيق يقفز من لوح منحدر ازرق واصفر في الهواء الطلق.,كلب يمر فوق حاجز في حديقه.
167295035_336f5f5f27.jpg,متسلق وحيد يرتدي خوذه بيضاء يتسلق جدارا,شخص يتسلق صخره عاليه، وهو يرتدي خوذه ويستخدم معدات التسلق، ويبدو انه يستريح او يستمتع بالمنظر.,متسلق صخور يتسلق جرفا صخريا تحت سماء زرقاء صافيه.,صوره لرجل يتسلق الجبل.
1674612291_7154c5ab61.jpg,يقفز كلب ويصطاد الفريسبي في العشب,كلب لابرادور ابيض اللون يقفز في الهواء وهو يحمل عصا في فمه، ويبدو سعيدا ومتحمسا في حديقه خضراء.,كلب يقفز في الهواء حاملا عصا في فمه.,كلب ابيض يقفز في الهواء.
1675679141_36c9bc2969.jpg,رجل مغلف مع ظهره الي الكاميرا يطل علي الماء,رجل يصطاد السمك من علي رصيف صخري يطل علي البحر.,شخص يصيد السمك من حافه خرسانيه مطله علي البحر.,رجل يصطاد السمك علي حافه المرسي.
1676601498_7d59327523.jpg,رجل وامراه ينظران الي المنظر علي درج من البحر,رجلان يقفان علي درج حجري بالقرب من البحر، ويطلان علي الامواج الصخريه.,رجل وامراه يقفان علي درج مطل علي ساحل صخري، يتكءان علي سياج اخضر ويشاهدان البحر.,الصوره لشابين يقفان علي سلم يطل علي البحر.
1679557684_50a206e4a9.jpg,كلب ينظر الي كلب اخر يصطاد كره في الهواء,تظهر الصوره كلبا اسود يقفز لالتقاط كره بينما يراقب كلب ابيض من بعيد في حديقه خضراء.,كلب اسود يقفز عاليا لكره في حديقه خضراء بينما يقف كلب ابيض علي العشب.,كلب اسود يقفز ويحاول الامساك بكره مع كلب ابيض في الحديقه.
1679565118_d36f0d6d52.jpg,كلب اسود يقفز لالتقاط كره في فمه بالقرب من جدار صخري,تظهر الصوره كلبا اسود يقفز في الهواء لالتقاط كره بينما يراقبه كلب ابيض صغير علي العشب الاخضر، مع وجود جدار حجري وخضره في الخلفيه.,كلبان يلعبان في حديقه خضراء، احدهما اسود يقفز عاليا لالتقاط كره.,الكلاب تلعب في الحديقه.
1679617928_a73c1769be.jpg,يرتبط كلب ابيض واسود بشاحنه صفراء وبيضاء,يستكشف كلب صغير، يبدو انه من سلاله البيجل، سياره صفراء وبيضاء عن طريق ادخال انفه تحت مراه السياره.,كلب مربوط بمراه سياره ويستلقي علي الارض.,كلب مربوط بخيط مربوط في مراه سياره صفراء.
1680126311_b92a2e8e72.jpg,صبي يضرب كره قدم بصدره,صبيا صغيرا يحاول ان يضرب كره قدم براسه اثناء مباراه، بينما يظهر لاعب اخر في الخلفيه.,طفل يضرب كره القدم براسه اثناء اللعب.,صبي يركل كره القدم في ساحه مفتوحه.
1682079482_9a72fa57fa.jpg,فتاه صغيره علي ارجوحه,طفله صغيره سعيده تصرخ بفرح وهي تتارجح علي ارجوحه في ملعب.,طفله سعيده تضحك وهي تتارجح علي الارجوحه.,طفله رضيعه يبدو انها تستمتع بلعبه في الخارج.
1683444418_815f660379.jpg,رجلان ياخذان صوره فوتوغرافيه امام نافوره في مدينه,تظهر الصوره شخصين يقفان امام نافوره جميله في ساحه عامه مزدحمه بالناس في مدينه اوروبيه.,رجلان يقفان في حديقه عامه مزدحمه بالناس عند نافوره مضاءه في المساء.,صوره لشابين في منتزه وهم يلتقطان صوره تذكاريه امام نافوره في احدي المدن.
1685463722_55843b6d3c.jpg,تسير امراه وكلابها في الشارع,امراه شابه ترتدي شورتا وقميصا رماديا ونظارات شمسيه تمشي علي الرصيف مع كلبين صغيرين مربوطين بزمام.,امراه تسير مع كلبيها علي الرصيف في يوم مشمس.,امراه تتنزه في احد الشوارع مع كلبها.
1685990174_09c4fb7df8.jpg,مجموعه من الاطفال يركضون في العشب,مجموعه من الاطفال يركضون ويلعبون في حديقه او مرج عشبي.,مجموعه من الاطفال يركضون في مرج عشبي.,صوره لطفله راكضه في حقل مع مجموعه من الاطفال.
1688699579_2f72328c7e.jpg,يحاول الكلب الابيض الصغير العض علي العصا الذي يحمله الكلب الاسود,كلبان، احدهما صغير الحجم والاخر كبير، يركضان ويتشاجران علي عصا في حديقه.,كلبان يلعبان ويتقاسمان عصا بمرح.,كلبان يلعبان في الخارج.
1689658980_0074d81d28.jpg,كلبان يستمتعان بالركض عبر الامواج,يركض كلبان - احدهما اسود والاخر مرقط - في الماء علي الشاطء، مما يثير رذاذا من الماء.,كلبان يلعبان في امواج البحر علي الشاطء.,كلبان يركضان في الماء علي الشاطء.
1691573772_1adef8e40e.jpg,امراه اسيويه تركب دراجه امام سيارتين,تظهر الصوره امراه تركب دراجه عبر شارع، مع وجود سيارات متحركه في الخلفيه، ويبدو انها في حديقه او منطقه حضريه خضراء.,امراه ترتدي قبعه فاتحه وستره ورديه وحقيبه ظهر وهي تركب دراجه هواءيه علي طريق، بينما تظهر سيارات ضبابيه وخلفيه خضراء في العمق.,امراه تركب دراجه امام سياره متوقفه.
169490297_b6ff13632a.jpg,صبي في قميص ازرق واصفر وبرتقالي يلعب في الخارج,طفلا صغيرا يرتدي ستره زرقاء مخططه باللونين الاصفر والبرتقالي، ويبدو انه يقفز او يركض بفرح امام سياج شبكي وشجره.,طفل يلعب في الهواء الطلق بذراعين ممدودتين.,ولد يقفز في الخارج.
170100272_d820db2199.jpg,طفل علي منزلق,طفله صغيره تستمتع باللعب علي زلاقه حلزونيه في حديقه عامه.,طفله تلعب علي زحليقه حلزونيه في حديقه.,طفله تنزلق علي زلاجه في ساحه لعب.
1713248047_d03721456d.jpg,الكلاب الثلاثه في حقل,ثلاثه كلاب في حقل عشبي، حيث يشم كلب ابيض واسود كلبا بنيا، بينما يجلس كلب اسود ويراقب.,كلاب تلعب في مرج اخضر.,الكلاب الثلاثه في المرج.
1713248099_d860df4e10.jpg,كلب ابيض واسود ، كلب اصفر وكلب اسود في حقل عشبي,ثلاثه كلاب في حقل عشبي، حيث ينظر كلب ابيض واسود الي كلب اسود، بينما يجلس كلب بني في الخلفيه.,ثلاثه كلاب في حقل عشبي اخضر.,ثلاثه كلاب في سهل اخضر.
1714316707_8bbaa2a2ba.jpg,صبي في ستره حمراء يصفع شجره مغطاه بالثلج بعصا,شخصا يقف في الثلج امام شجره مغطاه بالثلج، ويبدو انه يمسك بشيء او يلوح به في الهواء.,طفل بسترته الحمراء وهو يسقط الثلج من شجره في مشهد شتوي ثلجي.,رجل يمشي في عاصفه ثلجيه وهو يمسح عينيه.
171488318_fb26af58e2.jpg,كلب يمشي علي الشقق الطينيه,تتجول كلبه صغيره في ارض متشققه وجافه، ربما بسبب الجفاف.,كلب يتجول في ارض قاحله متشققه بفعل الجفاف.,كلاب في بيءه جافه.
1716445442_9cf3528342.jpg,رجل يلتقط صخره كبيره,تظهر امراه في بيءه صخريه وعره، ربما في الصحراء، وهي تفحص صخره كبيره بينما تقف سياره في الخلفيه.,يقوم شخص بتحريك صخره علي طريق صخري وعر، بينما تظهر سياره في الخلفيه.,رجل يرفع صخره من الارض في بيءه جبليه بينما سياره بيضاء تقف خلفه.
1718184338_5968d88edb.jpg,الزوجان ينظران الي اسفل النهر,شخصان يرتديان معدات السلامه ويقفان علي حافه منحدر صخري يطل علي نهر متدفق في واد عميق.,شخصان يرتديان ملابس رياضات ماءيه يراقبان النهر من ضفته في واد صخري، واحدهما يشير.,يراقب شخصان يرتديان ستره النجاه وخوذه من علي حافه منحدره نهرا يتدفق بمياه سريعه.
172092461_a9a9762e13.jpg,شاب يركب لوح ركوب امواج,يستمتع شاب بالتزلج علي الماء، وهو يرتدي ستره نجاه، ويرفع يده في الهواء بينما يركب علي اللوح ويخلق رذاذا من الماء.,شاب يبتسم وهو يتزلج علي الماء، ورذاذ الماء يتناثر حوله.,رجل يركب لوح تزلج علي الماء.
172092464_d9eb4f4f2f.jpg,رجل يتزلج علي الماء خلف قارب,رجل يمارس التزلج علي الماء، وهو يرتدي ستره نجاه ويتم سحبه بواسطه قارب، مع وجود مناظر طبيعيه خضراء في الخلفيه.,شاب يمارس رياضه التزلج علي الماء في بحيره.,رجل يركب لوح تزلج علي الماء.
172097782_f0844ec317.jpg,رجل في جذوع السباحه وحمله تزلج نجاه حمراء,شاب يمارس التزلج علي الماء، يرتدي ستره نجاه، ويتم سحبه بواسطه حبل متصل بقارب.,شاب يرتدي ستره نجاه يتزلج علي الماء ممسكا بحبل الجر.,رجل يركب علي لوح تزلج في بحيره.
172097783_292c5413d8.jpg,صبي يبحر علي بحيره بيد واحده,رجلا يمارس التزلج علي الماء، يرتدي ستره نجاه، ويتم سحبه بواسطه قارب، مع رشاشات الماء حوله.,تظهر الصوره شابا يمارس الويك بورد وسط رذاذ الماء.,رجل يركب لوح تزلج علي الماء.
17273391_55cfc7d3d4.jpg,صياد يصطاد علي ضفه نهر ضبابي,تظهر الصوره شخصا يقف علي ضفه بحيره هادءه في ضوء شروق الشمس، مع وجود شجره كبيره في المقدمه تخلق اطارا طبيعيا للمشهد.,رجل يصطاد السمك في بحيره ضبابيه عند الفجر.,صوره لشجره ضخمه علي ضفه بحيره يصطاد منها رجل.
173020287_230bfc4ffc.jpg,رجل يستعد لرمي العصا علي كلبه المنتظر,رجل يرمي عصا لكلبه الذي يقفز في الهواء للامساك بها في حديقه او منطقه طبيعيه.,كلب يقفز عاليا للعب بعصا يرفعها صاحبه.,رجل يلعب مع كلب في الخارج.
1731546544_9fbf14617b.jpg,كلب اسود يقفز من خلال بعض الماء,كلب اسود اللون يركض في الماء، مما يسبب تناثر المياه حوله.,كلب اسود يندفع في الماء، مثيرا رذاذ الماء حوله.,الكلاب السوداء تقفز في الماء.
1732217138_aa0199ef87.jpg,ياكل الزوجان وجبتهما في الخارج,تظهر الصوره شخصين بشعر مجدول يجلسان علي طاوله، احدهما يضع ذراعه علي كتف الاخر، مع وجود زجاجات مياه وصحن علي الطاوله.,شخصين بشعر مجدل يجلسان علي طاوله من الخلف، احدهما يضع ذراعه حول الاخر.,صوره لشابين يجلسان علي طاوله خشبيه.
1732436777_950bcdc9b8.jpg,زوجان علي الدرج يصوران رجلا وامراه يحتضنان امام مبني,زوجين يحتفلان بزفافهما، حيث تحتضن العروس العريس بينما يلتقط مصور صورا لهما امام مبني.,عروسان يقفان لالتقاط الصور علي درجات سلم امام مبني، بينما يعمل المصورون في المقدمه.,زوجان يلتقطان صوره امام مبني، بينما شخصان اخران يمشيان في المقدمه.
174466741_329a52b2fe.jpg,طفل صغير في قميص وردي يمتد عبر حقل زهري,طفله صغيره تركض بسعاده في حقل مليء بالزهور تحت سماء زرقاء صافيه.,فتاه سعيده تجري في مرج مليء بالزهور الملونه تحت سماء زرقاء.,صوره لطفله راكضه في حقل اخضر به ازهار متعدده الالوان تحت سماء زرقاء.
1745110280_0cbff5e273.jpg,كلب بني مع طوق اسود تقف بجانب بوش,كلب ذو لون بني محمر يجلس في الغابه في فصل الخريف، مع اوراق صفراء في الخلفيه.,كلب كبير يجلس وسط اشجار الخريف الذهبيه.,كلب جالس في الغابه.
1752454466_723790dbd6.jpg,كلب ابيض وابيض يخرج من منحدر اصفر وازرق في منطقه عشبيه,يركض كلب سبانيل بني وابيض علي منحدر الوان زاهيه في حديقه خضراء.,كلب سعيد بني وابيض مرقط يركض علي منحدر رشاقه اصفر في الهواء الطلق.,كلب يركض علي حاجز.
1763020597_d4cc8f0f8a.jpg,يستند الناس علي الجدار,تجلس مجموعه من الاشخاص علي درجات حجريه بجوار جدار، ويبدو انهم يستمتعون باشعه الشمس او ياخذون قسطا من الراحه.,مجموعه من الاشخاص يجلسون علي درجات حجريه، مستندين علي جدار ضخم تحت اشعه الشمس.,رجلان و امراه و طفل يجلسون علي حافه حجريه.
1764955991_5e53a28c87.jpg,كلب ابيض وابيض يهرول علي الطريق في الخريف,كلب ذو لون بني فاتح يركض علي طريق ترابي مغطي باوراق الخريف المتساقطه، مع وجود اشجار ملونه في الخلفيه.,كلب يحمل كره يجري علي طريق ترابي مغطي باوراق الخريف المتساقطه.,كلب صغير يركض علي طريق مغطي بالاوراق المتساقطه.
1765164972_92dac06fa9.jpg,فتاه مع عصابه الانف ، حلق ، و,شابا اسيويا ذو قمه شعر مرتفعه، يرتدي قميصا منقوشا وستره مزينه بالدبابيس، وينظر الي الجانب.,شابه ذات تسريحه موهوك جريءه ترتدي قميصا منقوشا بالاحمر.,صوره لشاب يظهر من الخلف، يمتلك شعرا طويلا ومنتفخا، ويعطي انطباعا باسلوبه الفريد.
1770036088_08abe4f6e9.jpg,رجل وفتاه في السرير,تظهر الصوره رجلا وطفله يضحكان معا وهما مستلقيان علي سرير مغطي بالبياضات، ويبدو انهما يستمتعان بلحظه مرحه.,بالغا وطفلا يضحكان بسعاده معا في السرير.,صوره لامراه كبيره في السن تحتضن فتاه صغيره في السرير.
1771490732_0ab5f029ac.jpg,ثلاثه اولاد يلعبون كره القدم في حقل,تظهر الصوره ثلاثه اطفال يلعبون كره القدم في ملعب عشبي، حيث يحاول احد اللاعبين تسجيل هدف بينما يحاول حارس المرمي ايقافه.,لاعب كره قدم صغير ينزلق نحو الكره بينما يستعد حارس المرمي لصدها.,تصور الصوره ثلاثه اطفال يلعبون كره القدم علي ملعب، حيث يحاول احدهم منع حارس المرمي من صد الكره.
1772859261_236c09b861.jpg,كلب ابيض واسود يلعب في الماء,كلب بوستون اسود وابيض يسبح في الماء، ويبدو سعيدا ومتحمسا.,كلب بوسطن تيرير مبتهج يسبح ويرش الماء حوله بفرح.,كلب من نوع بوسطن تيرير يسبح في الماء.
177302997_5b2d770a0a.jpg,طفل يركب حصانا من البلاستيك في متنزه,تظهر الصوره مجموعه من الخيول الميكانيكيه في لعبه دواره في مدينه ملاهي، مع وجود اطفال يستمتعون بالركوب.,ولد يركب حصان لعبه علي ارجوحه دواره في مدينه ملاهي.,تعبر الصوره مجموعه من الخيول البلاستيكيه المرصوصه بجانب بعضها في ساحه العاب.
1773928579_5664a810dc.jpg,حشد يشاهد كلبا يتسلق الدرج,تظهر الصوره كلبا من سلاله المالينو وهو يقفز برشاقه فوق هيكل ازرق علي شكل سلم، بينما يشاهده حشد من الناس في الهواء الطلق.,كلب يءدي علي عقبه رشاقه بينما يشاهده حشد من الناس.,كلب فوق منصه زرقاء يتجاوز حاجزا بينما يشاهد حشد من الناس.
1775029934_e1e96038a8.jpg,حيوان مع قرون يقفز في حقل,وحيد قرن ازرق يركض عبر حقل طويل من العشب الذهبي.,وعل نو يعدو في سهل عشبي ذهبي.,صوره لحيوان الظبي وهو يعدو في سهل草ي.
1776981714_5b224d0f7a.jpg,امراتان تمشيان في الشارع,تظهر الصوره فتاتين تمشيان علي رصيف في مدينه، ربما باريس، مع مبني ذي باب اخضر في الخلفيه.,امراتان تسيران علي الرصيف في مشهد حضري.,صوره لامراتين يمشين علي رصيف.
1777816180_08d7e8063b.jpg,صبي يستعد للقفز من صخره,طفلا صغيرا يحاول القفز من صخره الي اخري في غابه خلال فصل الخريف.,طفل صغير يتوازن وهو يتسلق الصخور في بيءه طبيعيه.,طفل يصعد فوق صخره كبيره في الغابه.
1778020185_1d44c04dae.jpg,كلب ابيض وكلب بني يلعبان في العشب,تظهر الصوره كلبين من فصيله البوكسر يلعبان او يتشاجران في حديقه خضراء، حيث يظهر احدهما وهو يحاول الامساك برقبه الاخر.,كلبان يلعبان بحماس علي العشب.,كلبان يلعبان في الحديقه.
1781227288_6811e734be.jpg,رجل يرتدي اصفر يقف في نفق متناثر,اليك وصف للصوره تظهر الصوره رجلا يقف في مكان مهجور تحت جسر ، محاطا بالقمامه والكرتون ، مع وجود رسومات علي الجدران.,رجل يقف في بيءه حضريه فوضويه تحت جسر مليء بالجرافيتي والمخلفات.,رجل بلباس اسمر و ستره صفراء يتجول في منطقه تحتوي علي قصاصات خشبيه ولوحات جداريه.
1784309115_0ad6791146.jpg,فتاه في ثوب السباحه تتحدث مع رجل,موجز للصوره: تظهر الصوره امراه ترتدي ملابس سباحه وتقف بجانب رجل جالس علي رصيف، مع وجود اكشاك بيع في الخلفيه في بيءه ضبابيه او مغبره.,امراه ترتدي بيكيني ورجل يرتدي بدله غوص يبتسمان لبعضهما علي ممشي، وخلفهما محلات تجاريه ضبابيه.,امراه ترتدي ملابس السباحه بجانب رجل جالس علي حافه.
1785138090_76a56aaabc.jpg,امراه ترتدي ثوب السباحه,انا اسف، لكنني لا استطيع وصف هذه الصوره. انها ذات طبيعه جنسيه صريحه، وانا مبرمج لعدم انشاء استجابات من هذا النوع.,تظهر امراه ترتدي بكيني وهي تسير مبتعده بين اشجار النخيل، وخلفها لافتات ملونه.,امراه ترتدي ملابس السباحه وهي تسير علي طول طريق في الخارج.
1786425974_c7c5ad6aa1.jpg,كلب اصغر يشم كلب اكبر في التلال,شخصا يمد يده لحيوان كبير الحجم، ربما كلب، بينما يقف كلب اصغر بجانبه في بيءه رمليه نباتيه.,امراه وكلبان يتفاعلون علي تله رمليه؛ تمد المراه يدها لاحد الكلاب بينما يشم الاخر مءخره الاول.,امراه تلمس كلبا كبيرا ولونه رمادي واسود، وهناك كلب اسود صغير بجانب الكلب الكبير.
179009558_69be522c63.jpg,كلب ابيض واسود يكمن علي الارض بجوار فتاه صغيره علي دراجه حمراء في الغابه,تقف فتاه صغيره ترتدي خوذه حمراء مع دراجتها الحمراء، بينما يجلس كلبها بجانبها في حقل اخضر محاط بالاشجار.,فتاه صغيره مبتسمه وكلبها ودراجتها الحمراء في طبيعه خضراء.,طفله علي دراجه هواءيه حمراء بجانب كلب.
1794818900_e0ffdd268e.jpg,فتاه تلعب علي لعبه حمراء,طفله صغيره تجلس علي لعبه زنبركيه حمراء في ملعب، وتبدو مستمتعه.,طفله صغيره تلعب بسعاده علي لعبه هزازه حمراء في الملعب.,طفله صغيره تركب لعبه في ساحه لعب.
1795151944_d69b82f942.jpg,فريق من الكلاب ، وامراه تتابع علي الدراجه,امراه ترتدي خوذه وستره برتقاليه تقود مجموعه من كلاب الهاسكي علي دراجه ذات عجلات كبيره في حقل عشبي مع خلفيه من الاشجار.,كلاب الهاسكي تجر امراه علي عربه دفع في منطقه عشبيه.,صوره لرجل يركب دراجه ثلاثيه مع مجموعه من الكلاب التي تسحبه.
1797507760_384744fb34.jpg,يتسلل اربعه رجال بلا اكمام الي الوادي,اليك وصف للصوره تظهر الصوره اربعه رجال يتسلقون منحدرا صخريا في جراند كانيون ، مع نهر يتدفق في الاسفل وخلفيه من التكوينات الصخريه الشاسعه.,مجموعه من الرجال يسيرون في واد سحيق، مع ظهور النهر في الاسفل.,صوره لثلاثه شبان عراه الجذع يصعدون احد الجبال.
1797554350_20998753c0.jpg,يجري ايواء احد عداء ببطء مع مظله,تظهر الصوره امراتين تركضان في المطر، احداهما تحمل مظله والاخري تحمل زجاجه ماء، ويبدو انهما تشاركان في سباق.,امراه تحمل مظله وتقدم الماء لعداءه تسير في يوم ممطر.,صوره لامراتين تسيران علي طريق مبلل، تحمل احداهما مظله فوق راسها لحمايتها من المطر.
1798209205_77dbf525b0.jpg,امراه شقراء الشعر تسكب المشروبات في حانه,تسكب نادله النبيذ في كاس في مطعم فاخر، مع وجود ادوات ماءده واكواب علي الطاوله في المقدمه.,تظهر الصوره امراه ذات شعر اشقر وهي تصب النبيذ من زجاجه علي طاوله.,صوره لامراه شابه ذات شعر اشقر في مطعم.
1798215547_ef7ad95be8.jpg,ينزلق صبي يرتدي الازرق الداكن علي زحلوقه رماديه,طفلا صغيرا يبتسم بفرح وهو يتسلق او يلعب داخل انبوب معدني علي ملعب.,طفل مبتهج يتزحلق داخل انبوب.,طفل يزحف داخل نفق او زلاجه.
179829865_095b040377.jpg,رجل يمسك بمقبض في الماء,رجل يمارس التزلج علي الماء، يرتدي ستره نجاه حمراء، ويتم سحبه بواسطه قارب، مع رشاشات الماء حوله.,رجل يمارس التزلج علي الماء مرتديا ستره نجاه، مع تناثر الماء حوله.,رجل يركب في بحر ويرتدي ستره نجاه حمراء.
1799188614_b5189728ba.jpg,صبي في ملابس السباحه يمشي في الرمال نحو الماء,طفلا صغيرا يركض علي الشاطء نحو البحر، بينما يطارده طاءر نورس.,طفل صغير يركض علي الشاطء نحو البحر، وبجانبه نورس.,صبي يجري علي الشاطء.
1799271536_6e69c8f1dc.jpg,حيوان يمر عبر الرمال علي الشاطء,كلب ذو فراء مخطط يركض بسعاده علي شاطء رملي مع امواج البحر في الخلفيه.,كلب مخطط يركض علي الشاطء علي خلفيه البحر والسماء الغاءمه.,كلب يركض علي الشاطء.
1800601130_1c0f248d12.jpg,كلب بني يقفز وراء كره التنس,تظهر الصوره كلبا احمر اللون وهو يقفز في الهواء ليقبض علي كره خضراء في حقل عشبي.,كلب احمر يقفز في الهواء محاولا التقاط كره تنس.,كلب يمسك بكره في منتصف القفز.
180094434_b0f244832d.jpg,بعض الاولاد يلعبون حول نافوره,مجموعه من الاطفال يلعبون في نافوره امام مبني من الطوب.,اطفال يلعبون حول نافوره مياه امام مبني كبير.,صوره لعاءله امام نافوره في مدينه.
1801063894_60bce29e19.jpg,تقف فتاه ترتدي بذله صفراء علي صخره فوق جسم من الماء,تستعد امراه للقفز في الماء من فوق صخره عاليه، بينما يطفو شخص اخر في الماء.,امراه تقف علي حافه صخره تطل علي شخص يطفو في الماء.,امراه علي وشك القفز في الماء.
1801188148_a176954965.jpg,اربع كلاب تجري في العشب,اربعه كلاب تركض وتلعب في حديقه او مرج عشبي، مع وجود اوراق متساقطه علي الارض.,عده كلاب تلعب في مرج عشبي به بعض الاوراق المتساقطه.,صوره تظهر اربعه كلاب من مختلف الاحجام والالوان وهي تركض في الحديقه.
1801663973_5ad393caeb.jpg,فتاه ترقد علي الشجره مع صبي راكع امامها,موجز للصوره: يصور المشهد مصورا يلتقط صوره لامراه ذات شعر احمر ترتدي ملابس ذات طابع قوطي وهي مستلقيه علي جذع شجره في حديقه.,رجل وهو يلتقط صوره لامراه مستلقيه علي جذع شجره في حديقه.,صوره لامراه تستلقي علي جذع شجره و رجل جالس علي الارض.
1801874841_4c12055e2f.jpg,الكلب البني يحدق في كلب ابيض ناصع وابيض,اليك وصف للصوره يظهر الكلب الصغير وهو يمسك بحذاء منزلي بفمه ويجره علي سجاده.,كلب يوركشاير تيرير يشد خفا من يد بشريه علي سجاده.,يحمل كلب من فصيله يوركشاير تيرير في فمه دميه.
1802092493_7b44fdb6b9.jpg,اربعه اطفال صغار يقفون رسميا صوره غير رسميه,تظهر الصوره اربعه اطفال يرتدون ملابس انيقه، ويبدو انهم في مناسبه خاصه، مع ابتسامات خفيفه علي وجوههم.,اربعه اطفال، فتاتان وولدان، يبتسمون بملابس انيقه.,صوره لطفلين وطفلتين يرتدون ملابس تقليديه.
1803631090_05e07cc159.jpg,امراه ترتدي زي رجال الاطفاء,امراه شابه ترتدي زيا رسميا لرجال الاطفاء، تنظر الي الجانب مع تعبير جاد، وشعرها مربوط علي شكل ذيل حصان.,شابه ترتدي قميصا ازرق عليه شعار اداره الاطفاء في سياتل، وتظهر من الجانب وهي تتكلم.,صوره لفتاه مراهقه ترتدي ستره زرقاء عليها شاره كتب عليها اداره الاطفاء.
180506881_de0f59770f.jpg,تركز الكاميرا علي ساقي شخصين,تظهر الصوره شخصين يمشيان في الشارع، احدهما يحمل لوح تزلج وكاميرا، بينما يتبعه الاخر.,متزلجان يسيران في شارع بمدينه.,صوره لشابين يرتديان قميص ابيض وسروال اسود، احدهما يحمل لوح تزلج.
1805990081_da9cefe3a5.jpg,صبي في قميص مخطط يمشي كلبا صغيرا علي مقود,صبي صغير يقفز اثناء المشي مع كلبه الابيض علي الرصيف في شارع حضري.,صبي مبتسم يمشي كلبه الابيض الصغير بمقود علي الرصيف.,صبي يجري في احد الشوارع مع كلب مربوط الي حزام.
1806580620_a8fe0fb9f8.jpg,سيده شقراء مع النظارات الشمسيه تبتسم,امراه شابه ذات شعر اشقر مربوط علي شكل ذيل حصان، ترتدي نظارات شمسيه وستره جينز، وتبتسم وهي تنظر الي الجانب.,شابه شقراء مبتسمه ترتدي ستره جينز ونظاره شمسيه، في لقطه جانبيه.,صوره لامراه شابه ترتدي ستره من الجينز وابتسامه عريضه.
1807169176_7f5226bf5a.jpg,يتم تجميع الناس حول نار في الليل,تظهر الصوره مجموعه من الاشخاص جالسين حول نار مشتعله في الظلام، ويبدو انهم يستمتعون بليله تخييم او تجمع في الهواء الطلق.,يجلس مجموعه من الاشخاص حول نار مخيم متوهجه في الليل.,جلس عدد من الاشخاص حول نار المخيم ليلا.
1808007704_ee8a93abb4.jpg,رجل يتدلي من علي حافه صخره بينما يمسكه اثنان اخران,متسلق صخور يقفز بين صخرتين كبيرتين، بينما يقف مساعدان تحته لضمان سلامته.,رجل يتسلق صخره كبيره، معلقا في الهواء بيد واحده، بينما يستعد صديقان لدعمه في الاسفل.,يرتفع شخص بجانب صخره ضخمه بينما يحاول اخرون دفعه لاسفل.
1808370027_2088394eb4.jpg,كلب يسبح نحو شلال,كلب ذهبي اللون يسبح في مياه نهر او شلال، ويبدو مستمتعا باللعب في الماء.,كلب يسبح في الماء باتجاه شلال.,كلب يسبح في مياه شلال.
1808504612_3508f3c9bb.jpg,اطفال يتسلقون شجره ضخمه,طفلان يتسلقان شجره كبيره ذات اوراق خضراء كثيفه، ويبدو انهما يستمتعان بوقتيهما في اللعب في الطبيعه.,شخصان وسط الاغصان والاوراق الخضراء الكثيفه لشجره.,صوره من اسفل لاعلي، يظهر فيها طفلان يلعبان علي شجره كبيره.
1809758121_96026913bb.jpg,فتاه تقفز من صخره الي اخري في الخور,طفله تقفز بحماس فوق بركه ماء صغيره محاطه بالصخور والنباتات في بيءه طبيعيه.,طفلا يقفز فوق الماء بين الصخور في بيءه طبيعيه.,صوره لطفل يب跳 فوق مياه راكده.
1809796012_a2dac6c26b.jpg,كلب ابيض واسود يقف علي رجليه الخلفيتين,كلب بورد كولي اسود وابيض يقف علي قدميه الخلفيتين في غرفه معيشه.,كلب اسود وابيض يقف علي رجليه الخلفيتين وينظر الي الاعلي باهتمام.,كلب اسود وابيض يقف علي رجليه الخلفيتين.
1810651611_35aae644fb.jpg,لقطه مقربه لفتاه صغيره علي ارجوحه,تستمتع طفله صغيره باللعب علي ارجوحه مصنوعه من اطار سياره قديم في حديقه منزليه.,تظهر طفله صغيره وهي تتارجح علي ارجوحه حمراء في حديقه.,طفله صغيره تركب الاراجيح في ساحه لعب.
181103691_fb2f956abd.jpg,اطفال يلعبون في الماء,مجموعه من الاطفال يلعبون في الماء المتدفق من شاحنه اطفاء امام مبني، مع وجود حواجز صفراء تحيط بالمنطقه.,شاحنه اطفاء ترش الماء بينما يلعب الاطفال بالقرب من سياره متضرره، ربما في عرض عام.,يصور المشهد مجموعه من الاطفال يلعبون في المياه التي ترشها مضخه مياه مثبته علي شاحنه اطفاء، في حين يقف عدد من الماره وراء الشريط الاصفر يراقبون المشهد.
181157221_e12410ef0b.jpg,يمشي رجل وامراه كلابهما باحبال,شخصين يسيران في حديقه خضراء مع كلابهما.,رجل وامراه يمشيان كلابهما في حقل اخضر.,صوره لشاب و فتاه يمشون في الحديقه مع كلبهم.
1812525037_528465037c.jpg,"طفلان يرتديان زي ""قبله"" مع والديهما",مجموعه من الاشخاص يرتدون ازياء الشهيره، بما في ذلك الاطفال، في احتفال تنكري علي ما يبدو.,اشخاصا، بينهم اطفال، يرتدون ازياء فرقه كيس التنكريه في احتفال ليلي.,مجموعه من الاشخاص، منهم اطفال، يرتدون زي فرقه كيس ومن بينهم طفلان يركبان عربه اطفال.
1813266419_08bf66fe98.jpg,فتاه تلعب في نافوره,طفلا يقفز في نافوره مياه، ويبدو سعيدا ومتحمسا اثناء اللعب.,طفل يقفز ببهجه في نافوره مياه.,صوره لطفل يلعب في نافوره مياه.
182493240_40410254b0.jpg,رجلان يرفعان ذراعيهما فوق جبل ثلجي,تظهر الصوره شخصين علي الواح التزلج علي الثلج، وهما يرفعان ايديهما احتفالا، مع خلفيه جبليه مغطاه بالثلوج وسماء زرقاء صافيه.,شخصان مبتهجان يستمتعان بمنظر الجبال الثلجيه الخلاب.,صوره لشابين سعيدين يرفعان يديهما في الهواء في مشهد شتوي راءع.
1827560917_c8d3c5627f.jpg,كلب مع حزام ولعبه فمه,كلب كافاليير كينغ تشارلز سبانييل اسود وبني يرتدي ستره برتقاليه ونيونيه، يحمل عصا كبيره في فمه ويبدو مندهشا.,كلب بعيون واسعه يحمل غرضا بنيا ويرتدي ستره عاكسه برتقاليه في منطقه عشبيه.,كلب يمسك قطعه من القماش في فمه.
1835511273_790eaae6e6.jpg,رجل يرتدي الزي الاحمر,رجل يرتدي زيا احمر لامعا بالكامل، بما في ذلك ستره وبنطلون وقناع، ويبدو انه في حفله تنكريه او حدث خاص.,رجلا يرتدي زيا كاملا من الجلد الاحمر اللامع وقناعا احمر اللون بقرون صغيره.,رجل يرتدي زي شخصيه هزليه و هو واقف في الشارع.
1836335410_de8313a64e.jpg,رجل يرتدي الزي الاسود يمسك بسيف متوهج,رجلا يرتدي زيا مستوحي من شخصيه من سلسله افلام حرب النجوم، ممسكا بسيف ضوءي ابيض مزرق اللون.,رجل يرتدي زي الجيدي ويحمل سيفا ضوءيا متوهجا.,رجل يمسك سيفا مضيءا بزي يوحي بانه فارس من فرسان الخيال العلمي.
1837976956_3c45d0f9b8.jpg,فتاه في ثوب البولكا دوت تغني في الميكروفون,تغني امراه ذات شعر بني قصير ترتدي فستانا منقطا ابيض وازرق، وتمسك بميكروفون اثناء اداءها علي خشبه المسرح، بينما يعزف شخص اخر علي البيانو في الخلفيه.,امراه تغني بحماس علي الميكروفون وخلفها عازف غيتار.,المغنيه تقف علي خشبه المسرح و تغني في الميكروفون.
185057637_e8ada37343.jpg,مجموعه من خمسه اشخاص تقف في الهواء الطلق,"خمسه اشخاص يرتدون قمصانا سوداء عليها شعار "" "" يقفون علي العشب في حديقه مشمسه، ويبدو انهم يشاركون في حمله سياسيه او حدث.",تتجمع مجموعه من خمسه اشخاص يرتدون قمصانا سوداء متطابقه في حديقه، ويبدو ان احدهم يقدم تعليمات بلوح كتابي.,خمسه اشخاص واقفين في الخارج في حديقه.
1858963639_4588cd4be9.jpg,فتاه ذات خوذه حمراء تحمل الكثير من الحبال,تظهر امراه مبتسمه ترتدي خوذه تسلق وتحمل حبل تسلق ازرق وابيض، ويبدو انها في بيءه خارجيه صخريه.,شابه مبتسمه ترتدي خوذه وتجهز حبل التسلق.,امراه ترتدي خوذه و حبل تسلق ملفوف حول عنقها.
185972340_781d60ccfd.jpg,رجل يقود سياره جيب خضراء علي بعض الصخور المتعرجه,تظهر الصوره سياره جيب خضراء اللون متخصصه في الطرق الوعره وهي تتسلق صخورا في غابه كثيفه.,رجل يقود سياره دفع رباعي خضراء تتسلق الصخور علي طريق وعر في غابه كثيفه.,السياره في طريق وعره في الغابه.
1859726819_9a793b3b44.jpg,امراه بالضيق مع مكياجها ينساب علي وجهها من دموعها,تظهر الصوره شخصا يرتدي ملابس نساءيه مبالغ فيها، مع شعر مستعار اشقر وستره ورديه زاهيه، يقف امام واجهه متجر مضاءه بنظام اضاءه احمر.,"شخص بمظهر دراغ يقف مبتسما امام متجر تضيءه لافته نيون حمراء مكتوب عليها "" "".",صوره لشاب يرتدي ملابس نساءيه امام محل.
1859941832_7faf6e5fa9.jpg,كلب يصطاد الفريسبي وهو يقفز علي العشب,تظهر الصوره كلبا ابيض اللون بدون شعر وهو يركض علي العشب وهو يحمل قرصا طاءرا في فمه، ويبدو انه يشارك في منافسه رياضيه.,كلب يقفز بنشاط في حقل عشبي وهو يحمل قرصا طاءرا في فمه.,كلب يمسك قرص طاءر اثناء الجري في بطوله رياضيه.
1860543210_47e94cf652.jpg,رجل يرتدي يسير عبر الشارع ليلا,رجل ذو شعر طويل مجعد يرتدي ستره بغطاء للراس وبنطالا، ويحمل حقيبه ظهر، ويبدو انه يلوح بيده او يتحدث بحماس.,"رجل ذو شعر طويل ولحيه يرتدي ستره بغطاء راس وحقيبه ظهر واقفا في شارع ليلي، ويصنع اشاره ""تمام"" بيده.",رجل يرتدي شنطه ظهر واقف في طريق به خطوط بيضاء واضحه في الظلام.
186346360_541047336f.jpg,تقف فتاه في الجزء العلوي من البيكيني امام منظر جميل,تجلس امراه شابه ترتدي ملابس سباحه وقبعه ونظارات شمسيه علي قمه صخريه، وتنظر الي الكاميرا بابتسامه، مع منظر خلاب لبحيره وغابه في الخلفيه.,امراه مبتسمه ترتدي قبعه وملابس سباحه علي قمه صخريه تطل علي بحيره واسعه وغابات خضراء تحت سماء صافيه.,صوره لامراه شابه ترتدي ملابس خفيفه في منطقه جبليه.
186348874_75b2cf1ec5.jpg,مجموعه من الساءقين في الغابه,مجموعه من راكبي الدراجات الجبليه يتسابقون علي طريق ترابي محاط بالاشجار الخضراء.,يتسابق راكبو الدراجات الجبليه علي طريق ترابي يمر عبر غابه خضراء، مثيرين الغبار خلفهم.,ركاب دراجات يركبون علي طريق ترابي في غابه.
1865794069_6e3a1e57bb.jpg,فتي اشقر يرتدي الزي الازرق الداكن يركل كره قدم في ملعب مفتوح,طفلا يلعب كره القدم علي العشب الاخضر، بينما يشاهده الاخرون من المدرجات.,صبي صغير يرتدي زيا رياضيا ازرق يركل كره قدم في ملعب عشبي، بينما يتواجد اخرون في الخلفيه.,يلعب صبي كره القدم في ساحه خضراء.
186890601_8a6b0f1769.jpg,رجل يتارجح فوق حبل فوق الماء,رجل يتارجح علي حبل فوق بحيره في يوم مشمس، وهو علي وشك القفز في الماء.,يتارجح رجل بحبل فوق الماء.,صوره لشاب يمسك بحبل مربوط علي شجره و هو قادم من الاعلي نحو الماء.
186890605_ddff5b694e.jpg,رجل يتارجح من شجره الي بحيره,رجل يقفز من حبل معلق فوق بحيره هادءه محاطه بالاشجار تحت سماء زرقاء صافيه.,شاب يتارجح بحبل فوق بحيره زرقاء صافيه، يستعد للقفز في الماء.,الولد يعلق في الهواء اثناء التعلق بحبل في بحيره.
1874617189_e85d3f4326.jpg,ثلالثه يجلسون بالماء,تظهر الصوره ثلاثه اطفال جاثمين علي ركبتيهم علي شاطء رملي، منهمكين في اللعب بالرمل، مع وجود بحيره وخلفيه من الاشجار والمنشات الترفيهيه في الخلفيه.,ثلاثه اطفال ينحنون علي الشاطء الرملي لبحيره.,ثلاثه اطفال يلعبون علي الشاطء، منحنيين علي الرمال.
1876536922_8fdf8d7028.jpg,كلبان يحملان لعبه خارج المحيط,تظهر الصوره كلبين بيجل يلعبان بسعاده في الامواج علي الشاطء، مع رشاشات الماء في كل مكان، في ضوء ذهبي دافء.,كلبان يلعبان ببهجه في مياه البحر المتلالءه بضوء الغروب.,صوره ل كلبان يلعبان في البحر ويحملان في افواههما لعبه حمراء.
1884065356_c6c34b4568.jpg,كلب اسود في الماء,كلب لابرادور اسود اللون يسبح في الماء ويحمل كره صفراء في فمه، ويبدو سعيدا ومستمتعا.,كلب اسود يلعب بكره في الماء المتناثر.,كلب اسود يسبح في البحر ويحمل كره صفراء في فمه.
1884727806_d84f209868.jpg,رجل وامراه يرتديان اذان ميكي ماوس يقفان في حشد من الناس,زوجان يرتديان اذني ماوس، ويبدوان غير راضيين او متعبين، يقفان امام حشد من الناس في ديزني لاند.,رجل وامراه يرتديان قبعات ميكي ماوس يقفان في حشد.,رجل وامراه يرتديان سماعات الراس علي شكل اذان ميكي ماوس واقفين خلف سياج خشبي.
1895768965_43cd9d164f.jpg,كلب ابيض واسود يركض فوق بعض الاوراق,كلب رشيق ذو بقع سوداء وبيضاء وهو يركض بحماس عبر مسار مغطي باوراق الخريف المتساقطه في غابه ذات الوان دافءه.,كلب مرقط يجري علي طريق مغطي باوراق الخريف المتساقطه.,كلب يجري في الغابه.
1897025969_0c41688fa6.jpg,كلب اسود وكلب اسمر يتقاتلان,تتصارع كلبان، احدهما اسود والاخر ذهبي اللون، علي الارض الرمليه.,كلبان احدهما اسود والاخر فاتح يلعبان علي الرمال.,تعرض الصوره كلبين احدهما اسود والاخر ابيض يلعبان علي الشاطء.
189721896_1ffe76d89e.jpg,رجل يرتدي قميصا احمر يتسلق الحاءط الصخري,متسلق صخور يواجه تحديا علي جرف صخري، مع وجود حبل تامين وبعض المعدات المتصله به، بينما يظهر متسلق اخر في الخلفيه.,متسلق صخور يتسلق شقا صخريا عميقا من منظور علوي.,يصعد رجل شاب صخره ضخمه في بيءه جبليه، مرتديا حزام تسلق وحقيبه ظهر.
189740668_0b045f1ff2.jpg,رجل يصعد صخره كبيره,متسلق صخور يتشبث بجرف صخري شديد الانحدار في بيءه طبيعيه وعره.,متسلق صخور يتارجح علي جرف صخري ضخم فوق واد جبلي اخضر.,صوره لرجل يتسلق الجبل.
190638179_be9da86589.jpg,رجل يرتدي قبعه واقف خارج سيارته جيب جراندلر الخضراء,رجل يقف بجانب سياره جيب خضراء اللون علي قمه تل، مع خلفيه من الجبال والسماء الغاءمه.,رجل يقف بجانب سياره جيب معدله علي قمه تل، ممسكا بجهاز اتصال لاسلكي.,رجل يقف بجانب سياره جيب سوداء اللون في منطقه جبليه.
190965502_0b9ed331d9.jpg,العديد من الكراسي فارغه مع عدد قليل من الاشخاص الذين يستمتعون بالشمس,مشهدا لشاطء صخري مع اشخاص يستمتعون بالشمس علي كراسي استلقاء بجانب البحر.,منطقه استرخاء علي شاطء البحر، مليءه بكراسي الاستلقاء واشخاص يستمتعون بالشمس، محاطه بكتل خرسانيه ضخمه.,صوره لشاطء في فصل الصيف يوجد به كراسي بلون ابيض و اشخاص يمارسون السباحه.
191003284_1025b0fb7d.jpg,رجل يساعد فتاه صغيره ركوب الدراجه,يساعد اب ابنته علي ركوب دراجته في شارع مدينه، مع وجود متاجر في الخلفيه.,يساعد رجل فتاه صغيره تقف علي دراجه هواءيه.,رجل و امراه يتفحصان دراجه هواءيه امام محل.
191003285_edd8d0cf58.jpg,رجل وفتاه يجلسان علي الارض وياكلان,رجلا وطفله جالسين علي الارض ياكلان الايس كريم، مع وجود حقيبه بجانبهما وبعض الماره في الخلفيه.,رجل وطفله يجلسان علي الارض ويتناولان الحلوي.,رجل وطفله يجلسان علي الارض ياكلان مثلجاتهما.
191003287_2915c11d8e.jpg,اب يطعم طفله في الشارع,رجلا يجلس علي الارض ويطعم طفله صغيره قطعه من الايس كريم.,رجل يطعم طفله صغيره الايس كريم بينما يجلسان علي الارض.,الرجل والطفله جالسين علي الارض في الخارج، يطعمها الرجل قطعه خبز.
191592626_477ef5e026.jpg,المتسلق يتسلق جرف الجبل,متسلقا يرتدي خوذه وحزاما، ويتسلق منحدرا صخريا احمر اللون، مع وجود جبال مغطاه بالثلوج في الخلفيه.,متسلق جبال يتسلق قمه صخريه مع خلفيه جبال جليديه.,الصوره لشاب يتسلق الجبال.
1917203130_fcaff8b10e.jpg,طفل في معرض,تقف طفله صغيره ذات شعر اشقر علي ممر خشبي، وهي تمد ذراعيها نحو هياكل قبه كبيره زجاجيه في الخلفيه.,تظهر طفله صغيره من الخلف، بذراعيها الممدودتين، وهي تنظر الي القباب الزجاجيه اللامعه في الخلفيه من ممر خشبي.,طفله تتجول بمركز العلوم في احدي الحداءق العامه.
1917265421_aeccf1ca38.jpg,اطفال يلعبون مع خنزير,اليك وصف للصوره تظهر الصوره حشدا من الناس يشاهدون مجموعه من الاطفال وهم يحاولون الامساك بخنزير صغير في حقل عشبي.,اطفالا يطاردون خنزيرا صغيرا في حقل عشبي، بينما يشاهد الكبار من خلف سياج في حدث خارجي.,حشد من الناس واقفين في ساحه لعب في الهواء الطلق.
1918573100_d31cbb6b77.jpg,كلب ابيض واسود يتوازن علي لوح خشبي,تظهر الصوره كلبا من سلاله الشييتلاند شيبدوج وهو يقفز برشاقه فوق حاجز في مسار تدريب علي خفه الحركه، مع خلفيه من الاشجار والشبكات.,كلب يقفز بخفه علي لوح خشبي.,كلب من نوع شيلي يركض فوق حاجز.
19212715_20476497a3.jpg,رجل يجذف من خلال الماء,شخصا يمارس التجديف بقارب الكاياك في البحر، مع وجود عوامه حمراء في الخلفيه وسماء رماديه ضبابيه.,شخص يجدف بقارب كاياك في مياه بحر هادءه.,صوره لشخص يركب قاربا في عرض البحر.
1921398767_771743bf4e.jpg,كلب علي الشاطء يسحب شيءا,تظهر الصوره كلبا بنيا يقف علي شاطء رملي بجانب قارب كاياك اصفر، مع خلفيه من الامواج والمنحدرات الصخريه تحت سماء زرقاء صافيه.,كلب يلعب علي شاطء رملي جميل بجوار البحر والجرف الصخري.,كلب علي شاطء البحر يحمل حقيبه.
1923476156_e20976b32d.jpg,كلب ابيض يقوده شخص علي دراجه هواءيه,تظهر الصوره كلبا ابيض اللون من فصيله سامويد يمشي بجانب دراجه هواءيه علي طريق اسفلتي.,كلب ابيض يسير علي مقود بجانب شخص يقود دراجه هواءيه.,كلب ابيض يمشي بجانب دراجه.
1924234308_c9ddcf206d.jpg,فتاه في البيكيني تتسلق الصخور,تعبر امراه نهرا ضحلا مليءا بالصخور، وهي ترتدي ملابس سباحه ونظارات شمسيه وحذاء رياضي، بينما تحيط بها المناظر الطبيعيه الجبليه الخضراء.,تظهر الصوره امراه تتنقل بحذر بين الصخور في مجري ماءي جبلي.,امراه في بيكيني تقفز من صخره الي اخري في مجري ماءي صغير.
1925434818_2949a8f6d8.jpg,العديد من الاطفال يلعبون في حفره الكره,ثلاثه اطفال يلعبون في حوض مليء بالكرات الملونه داخل منطقه لعب داخليه.,امراه وطفلان يلعبون بسعاده ويضحكون في حوض الكرات الملون.,صبي يلهو مع صبيه في حوض كرات ملونه.
1926129518_4350f4f552.jpg,كلب مرقط وكلب اسود وجرو يتقاربان علي كره التنس,اليك وصف للصوره تظهر الصوره كلبين يركضان في حديقه خضراء في يوم مشمس، مع وجود اشجار واوراق متساقطه في الخلفيه.,كلبان يلعبان ويقفزان بحيويه في حديقه خضراء.,الكلاب تلعب في الحديقه.
1928319708_ccf1f4ee72.jpg,رجل يركب الدراجه علي الطريق,اليك وصف للصوره يظهر في الصوره رجل يرتدي خوذه ويركب دراجه علي طريق مخصص للدراجات بجوار سياج وحاجز خرساني.,رجل يرتدي خوذه يركب دراجه علي مسار مخصص للدراجات.,رجل يركب دراجه علي طريق منحني.
1932161768_996eadac87.jpg,كلب ابيض صغير يتسلق جذع,كلب من نوع ويست هايلاند وايت تيرير يقف علي جذع شجره، ويبدو انه يستكشف او يشم راءحه شيء ما.,كلب ابيض صغير ينحني ليتفحص جذع شجره خشبي في العشب.,كلب من فصيله وستي يمشي فوق جذع شجره.
1932314876_9cc46fd054.jpg,فتاه ترتدي بلوزه زرقاء و تضع قدميها في المجري,يجلس رجل علي صخره بجانب جدول مياه صاف، ويغمس قدميه في الماء.,رجل يجلس مسترخيا واقدامه في مجري ماءي صخري.,رجل يجلس علي صخره عند حافه نهر صغير، ويضع قدميه في الماء الصافي.
1936215201_d03a75cbba.jpg,طفل رضيع يلعب في الخارج بلعبه زرقاء,طفلا صغيرا يبتسم وهو يحمل كره زرقاء، ويقف علي رصيف امام منزل.,طفل صغير يبتسم ويحمل كره زرقاء في الهواء الطلق.,طفل يمسك كره زرقاء في يديه.
1937104503_313d22a2d0.jpg,يلعب كلب ابيض واسود في الماء,يركض كلب بيرنيز جبلي صغير مبلل ومتحمس علي درج خشبي، ويبدو انه يستمتع بوقت ممتع.,كلب اسود وابيض مبلل يهز جسمه والماء يتناثر حوله.,كلب يخرج من الماء.
1937262236_cbf5bfa101.jpg,الكلاب تتقاتل علي الكره الحمراء والورديه,يلعب كلبان، احدهما بني اللون والاخر ابيض واسود، بالشد علي لعبه طاءره ملونه علي ما يبدو علي الشاطء.,كلبان يتجاذبان لعبه علي الرمال.,كلبان يلعبان بكره علي الشاطء.
1947351225_288d788983.jpg,مجموعه من الاطفال في حفله عيد ميلاد,مجموعه من الاطفال والكبار يحتفلون بحدث ما، ربما عيد ميلاد او مناسبه خاصه، حيث يتبادلون الهدايا والابتسامات في مكان مفتوح.,يتجمع الاطفال في الهواء الطلق، ويظهر احدهم هديه بفرح.,صوره لعديد من الاطفال وهم فرحون ويحمل احدهم هديه.
195084264_72fb347b0f.jpg,يقف رجل في قميص محدد بجوار وعاء خشبي كبير,رجل مسن يرتدي قميصا منقوشا وبنطال جينز، يقف امام رف يعرض مجموعه متنوعه من الاطباق الخشبيه المصنوعه يدويا.,رجل مبتسم يعرض اوعيه واطباق خشبيه مصنوعه يدويا.,رجل مسن يمسك طبق خشبي كبير بجانب مجموعه من الاطباق الخشبيه.
1952896009_cee8147c90.jpg,امراه تحمل حقاءب كبيره تسير في الشارع,امراه تحمل طفلا علي ظهرها وتحمل حقيبتين، تمشي علي طول طريق في منطقه حضريه.,امراه تسير حامله طفلا علي ظهرها وعده حقاءب.,امراه ترتدي ملابس عاديه وتحمل طفلا علي ظهرها، وتسير في طريق مع حقيبه يد وحقيبه ارجوانيه اخري.
1956678973_223cb1b847.jpg,اربعه اولاد يلبسون الاحمر يلعبون بالاوراق المتساقطه,تظهر الصوره ثلاثه اطفال يستمتعون باللعب في كومه من اوراق الخريف علي العشب الاخضر امام منزل.,اطفال يلعبون بسعاده في كومه من اوراق الشجر بالحديقه.,الاطفال يلعبون في كومه من الاوراق في الفناء.
1956944011_c5661d3f22.jpg,يلعب طفلان علي قضبان القرود,تظهر الصوره طفلين صغيرين يلعبان علي هيكل لعب معدني في ملعب، حيث يعلق احدهما علي القضبان بينما يقف الاخر تحته.,فتاه صغيره تتعلق بقضبان التسلق بينما يقف طفل اخر اصغر تحتها في الملعب.,صوره لطفلين في ساحه لعب، احدهما يتسلق علي سلم حديدي بينما الاخر يقف علي الارض.
1957371533_62bc720bac.jpg,كلب ابيض واسود يهز الماء من نفسه,تظهر الصوره كلبا اسود وابيض يهز جسده بعد الاستحمام، مما يتسبب في تطاير الماء في الهواء.,كلب ابيض واسود ينفض الماء من جسده بقوه، وتتناثر قطراته في الهواء.,كلب يهز جسمه بعد الاستحمام.
195962284_e57178054a.jpg,ولد في بركه كبيره,طفلا يركض ويستمتع باللعب في نافوره مياه في ساحه عامه، مع وجود مبان في الخلفيه وسماء غاءمه.,طفل يركض في بركه مياه، يصنع رشاشات متلالءه تحت اشعه الشمس.,صوره لشاب يلعب في مياه في حديقه ما.
195962790_3380aea352.jpg,امراه في قميص بنفسجي وجرو بني يجلسان بالقرب من نافوره,تجلس امراه ترتدي قميصا ارجوانيا مع كلبها الشوكولاته الصغير علي حافه نافوره، بينما يقف كلب روتويلر كبير بجانبها.,امراه تجلس علي حافه بجانب الماء، يرافقها جرو وكلب كبير.,صوره لامراه جالسه علي حافه بركه ماءيه مع كلب صغير اسمر ولابدو ر يرتبط بالمقود.
1962729184_6996e128e7.jpg,مجموعه من الاطفال بملابس زرقاء تقف بجانب البوابه,مجموعه من الاطفال يرتدون الزي المدرسي يتجمعون حول عربه طعام في شارع بالقرب من الميناء.,اطفال بالزي المدرسي يتجمعون في شارع قرب ميناء.,صوره لطفلين يقودان دراجه وهو يمشي بجانب حشد من الناس وهم يتجمعون حول بيانو علي الشارع.
1965278563_8279e408de.jpg,كلب ينجرف علي بحيره في قارب صغير,تستمتع كلبه لابرادور بالجلوس في قارب الكاياك في بحيره هادءه محاطه بالاشجار والنباتات.,كلب يستمتع بجوله هادءه في زورق علي الماء.,كلب في زورق علي شكل كانو ينظر الي المسطح الماءي.
1969573381_5ecfae4c80.jpg,حيوان بني وابيض محاط بالاشجار,كلب صغير ذو فراء بني فاتح يقف في العشب الاخضر، وينظر الي الامام بفضول.,كلب بني فاتح يقف وسط خضره مورقه وينظر مباشره الي الكاميرا.,كلب صغير ذو لون بني فاتح يبدو في بيءه طبيعيه.
197107117_4b438b1872.jpg,متسلق الجبال ينظر من القمه,متسلق صخور صغير علي قمه جرف صخري ضخم تحت سماء زرقاء صافيه.,رياضي يوازن علي حبل رفيع بين قمتين صخريتين شاهقتين تحت سماء زرقاء صافيه.,الصوره لشاب يصعد احد الجبال الشاهقه.
197142902_f05ff198c2.jpg,رجل وامراه في النظارات يفقعون الفقاعات,شخصين يبتسمان وهما ينفخان فقاعات الصابون في الهواء.,شخصان يستمتعان بنفخ الفقاعات الملونه.,صوره لشابين يضحكان اثناء نفخ الفقاقيع.
197504190_fd1fc3d4b7.jpg,صبيان في حقل يركلان كره قدم,طفلين يلعبان كره القدم في حديقه مشمسه، مع اشجار كبيره في الخلفيه.,ولدان يلعبان كره القدم في حقل عشبي، تحت ضوء الشمس الذهبي الذي يلقي بظلال طويله.,صوره لطفلين يلعبان كره القدم في ساحه خضراء في فصل الخريف.
1975171469_84e425f61b.jpg,يلعب الولد لعبه,طفلا صغيرا يلعب لعبه المطرقه في صاله العاب، حيث يحاول ضرب رءوس الضفادع التي تظهر في الثقوب.,"طفل صغير يلعب لعبه اركيد تشبه ""اضرب الخلد""، مستخدما مطرقه لضرب المخلوقات البحريه التي تظهر من الفتحات.",صبي يلعب في اله العاب الكترونيه.
1975531316_8b00eeaaf7.jpg,كلب صغير اسود وتان علي مقود,تظهر الصوره كلب داشهوند صغير علي مقود يقوده شخص يرتدي فستانا طويلا وجوارب سوداء وحذاء ابيض.,جرو صغير يمشي بمقود علي ارضيه خرسانيه.,كلب صغير مربوط بشريط لونه بنفسجي يجره طفل يرتدي فستانا احمر وقمصان ابيض وحذاء ابيض.
1977827746_4e13d7e19f.jpg,صبي وفتاه يجلسان في عربه ياكلان الكعك,يستمتع طفلان صغيران بتناول كورن دوج في عربه العاب ، ويبدو احدهما اكثر سعاده من الاخر.,طفلان يتناولان نقانق الذره وهما يجلسان في عربه اطفال في الهواء الطلق.,صوره لطفلين يجلسان في عربه اطفال وهما ياكلان اثنين من مخروطات البطاطس المقليه.
197924859_f6e39a7dfa.jpg,رجل يستحم في المنزل في الهواء الطلق,تظهر الصوره شخصا يستحم في الخارج باستخدام دش مءقت مصنوع من قماش معلق وابريق سقي للماء.,شخص يستحم في الهواء الطلق باستخدام مرشه ماء.,الصور تظهر شخصا يمسك ابريق سقي اخضر فوق حاجز اسود في الهواء الطلق.
1980315248_82dbc34676.jpg,رجل يعمل بالفناء,يستخدم رجل منفاخ اوراق الشجر لتنظيف الاوراق المتساقطه في حديقه منزليه، بينما توجد صناديق قمامه خضراء في المقدمه.,رجل وهو يستخدم منفاخ اوراق الشجر لتنظيف الحديقه.,رجل يكنس الحديقه باستخدام اله كنس.
1980882959_9a161f3469.jpg,اربعه اشخاص لديهم عربات تسوق مليءه بالاكياس,اربعه اشخاص يقودون دراجات هواءيه ويجرون عربات تسوق مليءه بالامتعه في شارع.,مجموعه من الاشخاص ينقلون كميات كبيره من الاكياس باستخدام الدراجات والعربات في موقف للسيارات.,الصوره تصور ثلاثه اشخاص يركبون دراجاتهم في منطقه انتظار سيارات، ويحملون عربات محمله بالعديد من الحقاءب.
1982852140_56425fa7a2.jpg,شخص بالغ وطفل يركبان علي الشاطء,تظهر الصوره امراه وطفل يركضان علي الشاطء الرملي مع وجود العديد من الاشخاص في الماء، تحت سماء زرقاء مليءه بالغيوم.,تظهر الصوره امراه وطفلا يركضان علي شاطء البحر، بينما يمارس اخرون السباحه في الماء.,صوره لامراه تلاحق طفله علي الشاطء.
1984936420_3f3102132b.jpg,صبي يمسك سمكه بينما تشير فتاه الي السمكه,يساعد صبي فتاه صغيره علي صيد سمكه في شلال صغير في الغابه.,طفلان يصطادان سمكه في مجري ماءي صخري محاط بالاشجار.,صبي يصيد الاسماك وفتاه صغيره علي ضفه النهر.
1989145280_3b54452188.jpg,فتاه شقراء مع نظارات شمسيه علي راسها تبدو حساسه,تظهر الصوره امراه تبدو منزعجه او حزينه، وهي تعض علي شفتها وتضع اصابعها بالقرب من اذنيها كما لو كانت تحاول حجب الضوضاء او التعبير عن القلق.,امراه شقراء ذات نظاره شمسيه علي راسها تنظر للاسفل بتعبير متوتر، ويداها مرفوعتان قرب وجهها.,صوره لامراه تظهر عليها علامات الضيق او الغضب في ملعب رياضي.
1991806812_065f747689.jpg,ملاكم يلكم ملاكم في الوجه,مقاتل وهو ينفذ ركله عاليه علي خصمه في حلبه قتال، بينما يراقب الحكم والمشاهدون الحدث.,مقاتل يوجه ركله طاءره لخصمه في حلبه الفنون القتاليه.,اللاعب في اليمين يركل اللاعب في الشمال في حلبه ملاكمه امام الجماهير.
199463720_329a802206.jpg,رجل وامراه يركبون الدراجات بجانب بعضهم البعض,رجل وامراه يركبان دراجات علي طريق ريفي، كلاهما يرتديان خوذات وملابس رياضيه، ويبدو انهما في رحله طويله نظرا للامتعه المثبته علي الدراجات.,زوجان يركبان دراجات هواءيه علي طريق محاط بالاشجار.,ركاب دراجتين يمرون علي طريق.
199809190_e3f6bbe2bc.jpg,ثلاثه اولاد يسبحون في بحيره,تظهر الصوره ثلاثه اشخاص يقفزون في الماء من رصيف خشبي في يوم مشمس.,ثلاثه شبان يقفزون في بحيره صافيه.,الصوره تصور شخصين يغوصان في الماء.
1998255400_0cd086908f.jpg,كلب يشرب من حنفيه ماء,تظهر الصوره كلبا ذهبي اللون يشرب الماء من صنبور بينما ينتظر كلب اخر دوره، ويساعده شخص ما في فتح الصنبور.,كلب يشرب الماء من صنبور تفتحه يد انسان.,امراه تسقي كلبا من الصنبور بينما كلب اخر ينتظر.
1998457059_c9ac9a1e1a.jpg,يتم القاء حافه الجسم علي الشاطء بموجه بينما يقف راكبو الامواج الاخرون في الماء,مجموعه من الاشخاص يستمتعون بركوب الامواج علي الواح رغويه في شاطء مشمس، مع وجود متفرجين علي الصخور في الخلفيه.,اناس يستمتعون بالسباحه والتزلج علي الامواج في البحر.,اشخاص يمارسون رياضه ركوب الامواج علي الشاطء.
1999444757_1b92efb590.jpg,فتاه بيضاء تتارجح بسيف,اليك وصف للصوره تظهر الصوره امراه ترتدي زي الكاراتيه وتقوم بتارجح سيف، بينما يشاهدها الجمهور في قاعه رياضيه.,ممارس فنون قتاليه بسيف في حركه سريعه، بينما يشاهد المتفرجون من الخلف.,صوره لامراه تتدرب علي رياضه الكاراتيه امام جمهور من المتفرجين.
2000459828_3c9e109106.jpg,مجموعه من الناس تقف امام صخور,تظهر الصوره ثلاثه اشخاص - رجلان وطفل - يقفون علي مسار للمشي لمسافات طويله في بيءه صحراويه صخريه، مع خلفيه من التكوينات الصخريه الشاهقه والسماء الزرقاء الصافيه.,ثلاثه اشخاص يتنزهون في منطقه جبليه صخريه، احدهم يحمل طفلا علي كتفيه.,صوره لثلاثه اشخاص في بيءه جبليه.
2003663004_5b70920a98.jpg,توقف لاعب كره قدم خلال المباراه,لاعب كره القدم وهو يرتدي زي فريق ، ويتم مسحه بمنشفه علي خط الملعب.,لاعب كره قدم امريكيه يرتدي زي غرين باي باكرز رقم يتسلم منشفه علي الملعب.,لاعب كره قدم امريكيه يمسح العرق عن وجهه.
2004674713_2883e63c67.jpg,شخص يشاهد كلبين يلعبان,تتفاعل كلبان بحماس في حديقه للكلاب، بينما يقف شخص بالقرب منهما.,كلبان يلعبان بحماس، احدهما يقفز علي الاخر، بجانب شخص في حديقه للكلاب.,امراه تقف بين كلبين يلعبان.
200771289_31902164a7.jpg,رجال يرتدون النظارات الشمسيه مع ظهورهم الي الكاميرا,اليك وصف للصوره تظهر الصوره ضابطي شرطه يرتديان سترات واقيه من الرصاص ويتفقدان حشدا في حدث عام.,رجلان من الخلف يسيران في الهواء الطلق، احدهما يرتدي ستره تكتيكيه عليها علم امريكي والاخر يحمل حقيبه ظهر.,رجلان يرتديان ستره واقي من الرصاص في مهرجان.
2009636597_e3f4fe19fb.jpg,رجل خارج يلعب الغيتار ويدخن سيجاره,الصوره تظهر رجلا جالسا علي الرصيف يعزف علي الجيتار الكهرباءي بينما يدخن سيجاره، ويبدو انه يعيش في ظروف صعبه.,رجل يجلس علي الارض يعزف علي جيتار كهرباءي ويدخن سيجاره.,رجل يلعب الجيتار في الطريق.
201682811_105241dee3.jpg,يقترب رجلان من تمثال ذهبي من غاندي,شابين يلعبان الكريكيت في الشارع امام تمثال لمهاتما غاندي.,تمثال برونزي من الخلف شابين يلعبان الكريكيت علي ارضيه اسفلتيه.,صوره تمثال لمحمود غاندي بجانب شخصين يلعبان الكريكيت في الطريق.
2017276266_566656c59d.jpg,كلب في الجو يصطاد بحلقه ، بينما يراقب كلب اخر,كلب من نوع شيتلاند شيبدوج يقفز لالتقاط حلقه معلقه في الهواء، بينما يراقبه كلب اخر من نوع بابيلون.,كلب صغير يقفز في الهواء ممسكا بلعبه متدليه من غصن شجره، بينما يشاهده كلب اخر من الاسفل.,كلب يقفز في الهواء لمسك لعبه مربوطه بحبل.
2021602343_03023e1fd1.jpg,صبي يحمل كره السله بغضب,صبيين صغيرين في صاله رياضيه، احدهما يحمل كره سله وينظر مباشره الي الكاميرا بتعبير جدي.,طفلان في ملعب لكره السله، احدهما يحمل الكره وينظر بجديه.,صوره لطفلين يلعبان كره السله في صاله رياضيه.
2021671653_567395c7cf.jpg,صبي يرتدي الدنيم يعمل علي الرصيف,صبيا صغيرا يركض بحماس علي ساحه مرصوفه بالبلاط، ويبدو سعيدا ومتحمسا.,ولد صغير يركض مبتسما في فناء خارجي.,ولد يركض في فناء منزل.
2029280005_a19609c81a.jpg,رجل في قميص اسود يتدحرج امام مقعد في المدينه,رجل يرتدي ستره داكنه وبنطال كاكي وهو يتزلج علي الزلاجات في حديقه او منطقه عامه، مع وجود مقعد خشبي ونباتات في الخلفيه.,رجل يتزلج بالعجلات في حديقه.,رجل يركب اسطوانات دواره.
2030781555_b7ff7be28f.jpg,الناس يجلسون علي طول الماء ويتصيدون الاسماك,مجموعه من الناس يصطادون السمك علي رصيف بجانب الماء، مع وجود اشجار واضواء في الخلفيه.,يصطاد العديد من الاشخاص السمك علي طول رصيف يطل علي الماء.,الصوره تصور اشخاصا يمارسون هوايه الصيد علي طول كورنيش ماءي، حيث يجلسون علي حواف الحجر الجانبيه للاستمتاع بهذه النشاط في الهواء الطلق.
203114209_e4cd71a6b7.jpg,فتاه تسقط من انبوب الماء الاصفر والازرق,تستمتع امراه بركوب انبوب ماءي علي الماء، مما يتسبب في رشات مياه كبيره حولها.,امراه تستمتع بركوب انبوب مطاطي ماءي مثير، حيث تتناثر المياه بقوه حولها.,امراه شابه تركب انبوبا مطاطيا علي شكل زورق علي الماء، وترتدي ستره نجاه برتقاليه اللون.
2034553054_b00c166895.jpg,صبي ذو قبعه زرقاء يشير الي زبديه مليءه بالفلين,طفلا يرتدي ملابس من العصور الوسطي جالسا علي طاوله خشبيه امام خيمه، مع سله مليءه بالتفاح وادوات خشبيه.,طفل يرتدي زيا تاريخيا يجلس عند طاوله خشبيه عليها سله تفاح، مع وجود خيام في الخلفيه.,ولد صغير يرتدي ملابس قديمه يجلس خلف طاوله عليها سله من التفاح.
2036407732_d5a0389bba.jpg,مجموعه من اشخاص يسيرون نحو الجبال,مجموعه من الاشخاص يسيرون في منطقه جبليه قاحله مع جبال مغطاه بالثلوج في الخلفيه تحت سماء زرقاء صافيه.,مجموعه من الاشخاص يتجولون في ارض قاحله باتجاه جبال مغطاه بالثلوج.,جبل ثلجي يظهر في المسافه مع مجموعه من الاشخاص واقفين امامه.
2038662925_f4fa8c2534.jpg,زوجان يرتديان خوذات سوداء يجلسان علي مقعد معا,يجلس رجل وامراه يرتديان خوذات الدراجات علي مقعد خشبي، ويبدو انهما يتحدثان مع بعضهما البعض.,شخصان يرتديان خوذات دراجات وهما يجلسان علي مقعد ويتحدثان.,رجل وامراه يرتديان خوذتي دراجه ويجلسان علي مقعد.
2039457436_fc30f5e1ce.jpg,امراه ترتقي صعودا فوق سياج,اليك وصف للصوره تظهر الصوره امراه ترتدي قبعه رعاه البقر وقميصا منقوشا وجينزا ممزقا واحذيه رعاه البقر ، بينما يقف رجل وامراه اخران يعزفان علي الات موسيقيه في الخلفيه.,امراه بزي رعاه البقر تعبر سياجا شاءكا امام منزل ريفي قديم، بينما يراقبها شخصان من الشرفه.,صوره لامراه ترتدي ملابس رعاه البقر وهي تتسلل عبر السياج بينما يراقبها زوجان علي شرفه المراقبه.
2040941056_7f5fd50794.jpg,يقاتل كلاب بنيان ويعضان بعضهما البعض,تظهر الصوره كلبين من فصيله جولدن ريتريفر وهما يتشابكان ويلعبان بحماس علي العشب الاخضر، مع خلفيه من الاشجار.,كلبان اشقران يلعبان في الهواء الطلق، احدهما يقف علي قاءمتيه الخلفيتين ويعانق الاخر.,كلبان يلعبان في الحديقه.
2041867793_552819a40b.jpg,طفل يجلس علي طاوله مطعم يحمل قناعاعلي وجهه,طفلا صغيرا يرتدي قناعا علي شكل غواص ويجلس علي طاوله في مطعم، امام طبق طعام فارغ تقريبا، مع اقلام تلوين وبعض الاطباق الاخري.,طفل يلعب بقناع غواص ورقي في مطعم يطل علي الميناء.,طفل يجلس علي كرسي في مطعم ويضع قناع سباحه علي وجهه.
2042009399_afad34e7c1.jpg,مجموعه من الاولاد يلعبون كره القدم العلم بينما بعض الماره يراقبون,تظهر الصوره مجموعه من الاطفال يلعبون لعبه كره القدم المصغره، حيث يحاول احدهم الركض بالكره بينما يحاول لاعب اخر ايقافه.,اولاد يلعبون رياضه كره القدم الامريكيه بالاعلام في ملعب ترابي.,صوره تظهر مجموعه من الاطفال يلعبون كره القدم في ملعب رملي، وهم يرتدون زيين رياضيين مختلفين.
2043427251_83b746da8e.jpg,رجل يقفز في بركه طينيه في منتصف الشارع,رجلا يقفز بفرح في بركه ماء علي طريق ساحلي في يوم عاصف.,شخص مبتهج يقفز بفرح في بركه ماء كبيره علي طريق مبلل، مسببا تناثر المياه في يوم ممطر.,رجل سعيد يقفز في مياه غامره علي الطريق الساحلي.
2043520315_4a2c782c90.jpg,الناس مع كلب يتسلقون الجبل الاخضر,تظهر الصوره ثلاثه اشخاص وكلب يتنزهون علي تل اخضر مورق مع اطلاله خلابه علي مدينه محاطه بالجبال والغابات.,متجولون وكلب يصعدون تله خضراء مورقه تطل علي مدينه ساحليه محاطه بالجبال.,ثلاثه اشخاص يتسلقون تلا اخضرا، وهم يحدقون في بحيره ومدينه في الاسفل.
2044063458_fcc76a7636.jpg,اثنين من الكلاب يطاردان الكره الزرقاء في حقل,تظهر الصوره كلبان من سلاله داشهوند يركضان في العشب الاخضر، احدهما اسود والاخر بني، مع وجود كره زرقاء صغيره علي الارض.,كلبان يركضان بمرح في العشب.,تعرض الصوره كلبين من نوعيه داش هاوند يجريان في حقل草.
2045023435_181854c013.jpg,كلب اسمر يلعب مع كره التنس,تظهر الصوره كلب وييمارنرينر رمادي اللون وهو يحمل كره خضراء في فمه ويبدو سعيدا في حديقه مشمسه.,كلب رمادي وفمه مفتوح يلتقط كره تنس في الهواء الطلق.,كلب يركض في الحديقه ويحمل كره تنس في فمه.
2045109977_b00ec93491.jpg,رجل يحمل قطعه قماش زرقاء ويبتسم,يقوم عامل نظافه بمسح نافذه زجاجيه كبيره بقطعه قماش زرقاء، ويبتسم للكاميرا بينما يحمل قطعه قماش اخري في يده.,عامل تنظيف زجاج مبتسم يرفع قطعه قماش زرقاء وهو يقف امام ابواب زجاجيه.,رجل يمسح زجاج الباب.
2045562030_654ddea5e5.jpg,مجموعه من المراهقين ، واحده ذات شعر وردي,تظهر الصوره مجموعه من الشباب ذوي المظهر البديل، يرتدون ملابس عصريه وشعرا ملونا، يقفون معا في مكان عام.,مجموعه من الشباب بازياء مميزه وشعر ملون يقفون معا في الهواء الطلق.,الصوره تصور اربعه اشخاص واقفين امام حاءط.
2045928594_92510c1c2a.jpg,تقف امراه بالقرب من نافوره,امراه تقف علي الرصيف بجانب حقاءب تسوق، ويبدو انها تتحدث في الهاتف.,شخصا يجلس علي حافه خرسانيه وبجانبه حقاءب.,الصوره من الاعلي لشخص بجانب حقيبه.
2046222127_a6f300e202.jpg,رجل يرتدي ستره ذات لون نيون يمسك قسما من الخشب,رجل يرتدي ستره واقيه صفراء اللون وهو يحمل لوحه خشبيه بنيه اللون.,عامل يرتدي ستره صفراء يحمل لوحا خشبيا.,رجل يحمل لوحا خشبيا كبيرا.
2046778775_0dd7cac6ab.jpg,تقف مجموعه من الاطفال علي خشبه المسرح امام جمهور جاهز للاداء,تظهر الصوره مجموعه من الاطفال يقفون علي خشبه مسرح، ويبدو انهم يستعدون لتقديم عرض، بينما يشاهدهم جمهور من الاهل والاطفال الاخرين.,اطفالا يصطفون علي مسرح، بينما تقف طفله صغيره بمفردها علي الدرج، ويراقبهم الكبار.,صوره لطفلتين علي درج من مدرسه وهم يغنون امام جمهور من الاطفال والكبار.
2049051050_20359a434a.jpg,يتم تغطيه فتاه في ستره سوداء وقبعه في بطانيه ورديه,امراه ترتدي قبعه سوداء ومعطفا اسودا ووشاحا مزخرفا وقفازات جلديه، وهي جالسه امام صخره كبيره علي ما يبدو انها شاطء.,تجلس امراه ترتدي قبعه سوداء ووشاحا ملونا علي شاطء رملي، بجانب صخره كبيره، مع بطانيه ورديه تغطي ساقيها.,صوره لفتاه مرتديه ملابس شتويه جالسه علي الشاطء.
2049646140_d0de01e3c4.jpg,طفل يقوم بالجمباز,تظهر الصوره لاعبه جمباز صغيره وهي تءدي حركه بهلوانيه علي بساط الجمباز في صاله رياضيه.,طفل يءدي حركه جمباز علي بساط ازرق في صاله العاب رياضيه.,صوره لطفله تقوم بممارسه الجمباز في صاله رياضيه.
2050067751_22d2763fd2.jpg,طفل في حذاء اخضر يحدق في البالوعه,طفلا صغيرا يميل بجسده فوق فتحه صرف صحي، ويداه مرفوعتان في الهواء.,طفل ينظر بفضول الي غطاء بالوعه علي الارض.,طفل يرفرف بيديه ويراقب عاصفه او ريحا قويا.
2051194177_fbeee211e3.jpg,كلب كبير اسمر يركض في المياه الضحله بعصا في فمه,كلب ذهبي اللون يركض في الماء وهو يحمل عصا في فمه، مما يخلق موجات حوله.,كلب ذهبي سعيد يركض في الماء حاملا عصا في فمه.,كلب من نوع ريتریفر يركض في البحر ويمسك عصا بفمه.
2052202553_373dad145b.jpg,الكلب يحمل عصا كبيره جدا من خلال الماء,تظهر الصوره كلبا بنيا يلهو في الماء المتموج علي شاطء بحيره في يوم غاءم.,كلب بني اللون يخوض الماء المتموج حاملا عصا في فمه.,كلب بلون بني غامق يمسك غصن شجره في فمه وهو داخل البحر.
2052702658_da1204f6d1.jpg,طفل في زي احمر يلعب مع الثلج,طفلا يرتدي معطفا احمر وقبعه صفراء وهو يحمل كره ثلجيه كبيره، ويبدو مستعدا للعب في الثلج.,طفل يرتدي معطفا احمر يمسك الثلج في يوم شتوي.,طفل يمسك كره من الثلج في يديه.
2052953131_30834196fb.jpg,شخص يرتدي ستره سوداء وحمراء يسير فوق جبل ثلجي,شخصا يرتدي ملابس حمراء يسير علي منحدر ثلجي واسع تحت سماء زرقاء جزءيه.,متسلق يرتدي ستره حمراء يصعد منحدرا ثلجيا واسعا تحت سماء زرقاء.,صوره لشخص يمشي في منطقه جبليه ثلجيه مرتديا ملابس الشتاء.
2053006423_6adf69ca67.jpg,رجل ينظر الي منظر جبل معشوش يقف علي صخره,رجل عار الصدر يقف علي حافه جرف صخري يطل علي منظر طبيعي خلاب من الجزر والمياه الخضراء.,رجل يقف علي قمه صخريه عاليه يطل علي بحر واسع تتخلله الجزر وسفينه عاءمه.,رجل يقف علي حافه جبليه عاليه ينظر الي المناظر الطبيعيه الخلابه امامه.
2053441349_a98b5fc742.jpg,كلب في حقل من الزهور الملونه,كلب ذهبي اللون يركض بسعاده في حقل مليء بالزهور الملونه.,كلب يجري بين ازهار ملونه.,كلب يجري في حقل زهور.
2053733930_e245615ad4.jpg,معدات تسلق الجبال علي الجبل,مشهدا ثلجيا جبليا مع زوج من احذيه المشي الثلجي وعصا المشي ملقاه علي الثلج، تحت سماء غاءمه.,معدات رياضات جبليه موضوعه علي منحدر ثلجي تحت سماء ملبده بالغيوم.,تظهر الصوره ادوات التسلق علي الجليد، بما في ذلك عصا المشي والعديد من الاحذيه.
2053777548_108e54c826.jpg,كلب احمر يقفز يمسك كره التنس في فمه,كلبا من فصيله السلوقي وهو يقفز في الهواء محاولا الامساك بكره.,كلب رشيق يقفز في الهواء وهو يحمل كره تنس في فمه.,كلب يقفز في الهواء ويحمل كره في فمه.
2054308369_f9c6ec7815.jpg,فتاه صغيره تعطي قبله لكلب,طفله صغيره تحتضن او تقبل كلبا ذهبي اللون.,كلب يقبل طفله صغيره بحنان.,الصوره لطفله تحتضن كلبا.
2054869561_ff723e9eab.jpg,كلب ابيض واسود يطارد الفريسبي الوردي,يركض كلب بوردر كولي اسود وابيض بسرعه نحو قرص طاءر وردي علي ارضيه خضراء.,كلب اسود وابيض يطارد طبقا طاءرا ورديا علي ملعب اخضر.,كلب اسود وابيض يركض خلف قرص طاءر واقف علي الارض.
2055646179_169807fed4.jpg,يلعب الطفل مع صنبور مياه في الهواء الطلق بينما يشاهد بقيه افراد عاءلته,تظهر الصوره عاءله - اب وام وابنان - وهم يفرغون الماء في بركه او بحيره صغيره، ويبدو انهم يستمتعون بوقتهم في الهواء الطلق.,عاءله سعيده تستمتع بضخ الماء من خرطوم في بركه بحقل.,رجل وزوجته وابناءهم يملاون حوضا بالماء في ساحه خضراء.
2056041678_d6b5b39b26.jpg,رجل ينزل جبل ثلجي,شخصا يسير علي ارض مغطاه بالثلوج في منطقه جبليه وعره، مع وجود بحيره وجبال مغطاه بالثلوج في الخلفيه.,شخصان يتنزهان في مشهد جبلي ثلجي شاسع.,صوره لشخص يمشي في منطقه جبليه ثلجيه.
2056042552_f59e338533.jpg,كلب رمادي يقفز باتجاه كلب ابيض واسود في الثلج,كلبين من نوع بودل يلعبان في الثلج، احدهما يقفز في الهواء بينما الاخر يقف ويراقبه.,كلبان يلعبان في الثلج، احدهما يقفز في الهواء.,كلب اسمر يقفز في الهواء ويلاحق كلب اخر ابيض واسود في ساحه مغطاه بالثلج.
2056377805_e9a9b3bcf0.jpg,مجموعه من الاصدقاء يركبون في طوف,تظهر الصوره مجموعه من الاشخاص يرتدون سترات نجاه ويجلسون في قارب مطاطي في نهر متدفق.,مجموعه من الاشخاص يجدفون في قارب مطاطي علي النهر مرتدين سترات النجاه.,مجموعه من الاشخاص وهم يركبون قاربا في مياه متحركه، ويبدو انهم يمارسون رياضه التجديف.
205682549_713aa6cd88.jpg,مسافر يقف علي قمه عاليه في الجبال,يحتفل متسلق بانتصاره علي قمه جبليه صخريه، مع اطلاله بانوراميه علي المناظر الطبيعيه الجبليه الخلابه تحت سماء زرقاء صافيه.,رجل يقف منتصرا علي قمه جبل صخريه رافعا ذراعيه نحو السماء الزرقاء.,رجل يرفع ذراعيه في الهواء وهو يقف علي قمه جبليه، في سماء صافيه.
2056930414_d2b0f1395a.jpg,صبي صغير يلعب غيتار لعبه بينما يغني في ميكروفون لعبه,طفلا صغيرا يعزف علي قيثاره حمراء ويمسك بميكروفون، ويبدو منشغلا ومستمتعا بالموسيقي.,طفل صغير يغني في ميكروفون بينما يعزف علي يوكيليلي احمر.,طفل يغني في ميكروفون ويلعب الجيتار.
2057160636_6e9cf3b5f0.jpg,رجل يتجول في الماء,شخصا يركب قاربا مطاطيا في نهر هادء، مع خلفيه من التكوينات الصخريه الصحراويه المهيبه والسماء الزرقاء الصافيه.,يجدف شخص في زورق احمر بنهر يمر بين جبال صخريه حمراء شاهقه تحت سماء زرقاء صافيه.,صوره لشخص يجدف بقارب في مياه هادءه امام جبال عاليه.
2057305043_952b8dc82c.jpg,شخص بالمظلات فوق المحيط,شخصا يمارس رياضه الطيران الشراعي فوق البحر بالقرب من منحدر صخري.,شخصا يمارس الطيران الشراعي فوق البحر بجانب جرف صخري.,يصور الشخص راكبا للباراشوت و هو طاءر فوق المحيط.
2057306459_2f52ce648e.jpg,الناس يحملون المظله بعد الهبوط علي الارض,مظله هبوط مفروده علي ارض عشبيه، مع شخصين يقومان بتجهيزها او فحصها.,شخصين يتعاملان مع مظله طيران شراعي علي ارض مزهره باللون الاصفر.,صوره من الاعلي لشخص يمشي في حقل ويحمل حقيبه ظهر مربوطه بخيمه كبيره ملقاه علي الارض.
2058091220_2087270068.jpg,رجل يرتفع في الصحراء,تظهر الصوره شخصا يمارس رياضه الطيران الشراعي فوق شاطء رملي، مع وجود نباتات الصحراء في المقدمه وطاءر يحلق بالقرب من المظله.,مظله هواءيه بنفسجيه تحلق برفقه طاءر فوق شاطء رملي.,الصوره لشخص يمارس رياضه الطيران الشراعي فوق الشاطء.
2058124718_89822bc96e.jpg,اثنين من الكلاب يتهاوشان,تظهر الصوره ثلاثه كلاب من فصيله وييمارنر وهي تركض بحماس في الهواء الطلق، احدهم يحمل لعبه في فمه.,كلبان يركضان بحماس، احدهما يحمل لعبه في فمه والاخر يفتح فمه بتعبير مندهش او متحمس.,كلبان يلعبان في ساحه خلف منزل.
2058472558_7dd5014abd.jpg,فتاه تركض باذرع ممدوده,طفله صغيره تركض في منطقه رمليه، ويبدو انها تستمتع بوقتها.,طفله تركض بفرح ونشاط في الهواء الطلق.,صوره لطفله تلعب في ساحه رمليه.
2059616165_b7c99c1009.jpg,كلب اسود,كلب اسود من فصيله الكورنيش، يجلس في العشب مع اوراق الخريف المتساقطه، ويبدو سعيدا ومبتسما.,كلب اسود ودود يجلس علي العشب الاخضر المتناثره عليه اوراق الخريف.,كلب اسود اللون مستلق علي العشب.
2059842472_f4fb61ea08.jpg,طفل يزحف بجانب شارع مقابل سماء زرقاء,طفلا صغيرا علي يديه وركبتيه علي سطح اسفلتي، ينظر الي الكاميرا بتعبير فضولي، وخلفه سماء زرقاء صافيه ومنظر طبيعي.,طفل صغير يحبو علي طريق اسفل سماء زرقاء صافيه، ينظر بفضول الي الامام.,صوره لطفل رضيع يمشي علي اربع علي الطريق.
2060031241_a3ae7a06bb.jpg,الطفل يحمل جهاز تحكم بلعبه فيديو فوق راسه,طفلا صغيرا يبتسم وهو يرفع وحده تحكم العاب الفيديو فوق راسه.,طفل صغير يبتسم بسعاده وهو يرفع يد تحكم العاب الفيديو.,طفل رضيع يرفع وحده تحكم العاب الفيديو فوق راسه وهو جالس علي الارض.
206087108_d4557d38ee.jpg,سقط رجل في الشارع ليلا,اليك وصف للصوره يستلقي رجل يرتدي قبعه عليها علم انجلترا علي الارض في مكان عام ، ويبدو انه ناءم او فاقد للوعي.,رجل يرتدي قبعه مميزه مستلق علي الارض في مكان مظلم.,رجل يرقد علي الارض في الظلام، يرتدي زيا رياضيا وقبعه عليها صليب احمر.
2061144717_5b3a1864f0.jpg,رجل علي امبيتيتير يتحدث الي صبي,رجلا وطفلا يقفان امام مدرج كبير في الهواء الطلق، ويبدو انهما يتحدثان او يشاهدان شيءا معا.,رجل وطفل يقفان ويتحدثان في مدرج خارجي واسع ذي درجات متدرجه، محاط بالاشجار والخضره.,صوره لشاب وطفل يتحدثان في ساحه اماميه تحتوي علي سلالم متعدده المستويات.
2061354254_faa5bd294b.jpg,صبي صغير يدفعه شخص كبير السن في الملعب,يستمتع صبي باللعب علي حبل انزلاقي بينما يرافقه رجل يركض بجانبه.,طفل سعيد يتارجح في الهواء علي لعبه انزلاق بمساعده رجل بالغ.,الصوره لطفل يلهو في سلك حديدي، ويرافقه شخص اخر يلهو معه.
2061397486_53a61e17c5.jpg,كلب اسود اللون يحمل علامات بنيه اللون يرتدي ستره حمراء يتجول في الطريق,كلب روتويلر يركض علي طول طريق ترابي في منطقه ريفيه، ويرتدي ستره برتقاليه زاهيه.,كلب يرتدي ستره برتقاليه زاهيه يقفز في الهواء علي طريق ترابي.,كلب يركض في طريق غير ممهد.
2061927950_dafba5b8a3.jpg,امراه ورجل يحملان طفل يجلسان علي الدرج,تجلس امراه ورجل مع طفل صغير علي درج حجري، مع وجود عربه اطفال في الخلفيه.,زوجان يجلسان علي درجات حجريه مع طفلهما وعربه الاطفال.,رجل وامراه يجلسان علي الدرج، ويحمل الرجل طفلا بين ذراعيه.
2061944672_0383e65c8a.jpg,يقف الكبار والاطفال ويلعبون امام درجات بالقرب من منطقه مشجره,مجموعه من الاشخاص، بما في ذلك الاطفال والبالغين، يتجولون في حديقه او منطقه عامه ذات مناظر طبيعيه خضراء.,تظهر الصوره عاءله تتجول في حديقه بها درجات سلم، مع اطفال يلعبون ودراجه هواءيه.,عاءله تتجول في منتزه مع اطفال يركضون و شخص مع دراجه.
2062607137_dac194ad02.jpg,كلب بني وكلب اسود معا في العشب الطويل,تظهر الصوره كلبان في حقل عشبي اخضر، احدهما بني اللون والاخر اسود اللون، ويبدو انهما يتفاعلان مع بعضهما البعض.,ثلاثه كلاب في حقل من العشب الاخضر الطويل.,كلب كبير بجانب كلبين صغيرين في سهل اخضر.
2063277300_f7ff476914.jpg,ثلاثه اطفال ويلعبون ويضحكون علي الارض,تتفاعل ثلاثه اطفال بفرح ومرح، وهم يتشابكون ويلعبون علي سجاده مزخرفه.,اطفال يلهون ويضحكون في فوضي مرحه علي السجاده.,صوره لطفلين يلاعبان فتاه علي الارض.
2064417101_3b9d817f4a.jpg,سباق الكلب السلوقي يحدث في المسار,ثلاثه كلاب سلاله الغراي هاوند وهي تتسابق نحو خط النهايه في سباق كلاب ليلي، مع وجود لوحه نتاءج كبيره في الخلفيه.,كلاب سلوقي تتسابق ليلا علي مضمار ترابي عند خط النهايه.,الكلاب الثلاثه تجري في مضمار السباق.
2064780645_8f28a1529f.jpg,مجموعه من الناس تقف امام شمس,اربعه اشخاص في ظلالهم وهم يحتفلون او يتشاجرون في الهواء الطلق مع غروب الشمس في الخلفيه.,الظليه لاربعه اصدقاء يستمتعون بلحظات مليءه بالمرح والبهجه تحت وهج غروب الشمس الدافء.,صوره تظهر اربعه اشخاص وهم يرقصون في الخارج وقت الغروب.
2064790732_219e52e19c.jpg,صبي دون قميص يركض في الشارع بينما يقف عده اشخاص خلفه,طفلا صغيرا يمشي في الشارع وسط مجموعه من البالغين، ويبدو انه يمارس حركات قتاليه او يرقص.,طفل حافي القدمين يمشي بين مجموعه من الكبار في الشارع.,صوره لطفل رضيع يرقص في الشارع.
2064792226_97e41d8167.jpg,فتاه تلتقط صوره لفتاه ورجل علي دراجه ورديه مزينه بالالوان,شخصين يركبان دراجه مزينه بشكل فني باعداد كبيره من احمر الشفاه، بينما يلتقط الاخرون صورا في الخلفيه.,دراجه هواءيه ورديه ومزينه بالوان زاهيه يركبها شخصان وسط حشد من الناس في مكان عام.,الفتاه تركب دراجه هواءيه بشكل جميل وملفت للنظر في مهرجان او سوق شعبي.
2065309381_705b774f51.jpg,رجل ينزلق علي جبل مغطي بالثلج,تظهر الصوره شخصا يتزلج علي الجليد في منطقه جبليه مغطاه بالثلوج تحت سماء غاءمه ومشمسه.,متزلج علي الجليد يثير الثلج اثناء نزوله السريع علي منحدر جبلي مشمس.,رجل يمشي في منحدر ثلجي مع غيوم بيضاء في السماء.
2065875490_a46b58c12b.jpg,هيكل عظمي يجلس علي سياج علي حافه الطريق,تظهر الصوره هيكلا عظميا مزينا علي السياج بجانب شجره كبيره، بينما تمشي امراه علي الرصيف بالقرب من محطه الحافلات في يوم خريفي.,امراه تسير علي رصيف شارع بجانب مجسم كبير لهيكل عظمي.,امراه تسير علي الرصيف مع اشجار في الخلفيه.
2066048248_f53f5ef5e2.jpg,مجموعه من الخيول والناس امام جبل ثلجي,مجموعه من الفرسان وخيولهم في بيءه جبليه مغطاه بالثلوج، مع خلفيه من قمم جبليه شاهقه وسماء زرقاء.,رجال وخيول يتوقفون في منطقه جبليه وعره تغطيها الثلوج.,صوره لجبال شاهقه الارتفاع مع بعض الثلوج البيضاء تظهر في اجزاء متفرقه منها مع مجموعه من الناس معهم خيول علي قمه الجبل.
2066241589_b80e9f676c.jpg,الكلب البني هو يمضغ علي عصا,كلب لابرادور بني اللون يحمل غصن شجره في فمه، ويبدو سعيدا اثناء اللعب في العشب.,كلب بني مسن يلعب بعصا في العشب.,يحمل كلب لابرادور باللون البني الغامق قطعه من الخشب في فمه.
2066271441_1f1f056c01.jpg,كلب اسود يحمل كره ملونه,كلب اسود اللون يطفو في الماء وهو يحمل كره ملونه في فمه.,كلب اسود يلهو في الماء ممسكا بكره ملونه زاهيه.,كلب اسود يطفو في الماء ويحمل كره ملونه في فمه.
2067362863_59577f9d4d.jpg,الكلب البني يقفز علي كلب اخر امام الرجل في الجينز,تتفاعل ثلاثه كلاب من سلاله لابرادور في ملعب للكلاب، بينما يقف شخص بالقرب منهم.,كلبان يتفاعلان بمرح في ساحه حصويه بينما يقف رجل يراقبهما.,كلبان يلعبان في ساحه.
2067833088_04e84e5bf2.jpg,رجل يرتدي قبعه خضراء في الجبال,رجلا يقف علي تل صخري، مع جبل كبير مغطي بالنباتات في الخلفيه، تحت سماء زرقاء صافيه.,رجل يرتدي ملابس التنزه واقفا علي منحدر جاف وخلفه جبال خضراء.,رجل يرتدي ملابس خفيفه يقف علي تله جبليه.
2068465241_3bcabacfd7.jpg,طفله صغيره تسير بحزمه توازن مع شخص بالغ مستعد للمساعده,تقف فتاه صغيره ترتدي زي جمباز علي عارضه توازن، بينما يدعمها شخص بالغ.,طفله صغيره تتوازن علي عارضه الجمباز.,طفله صغيره ترتمر علي عارضه توازن في صاله العاب رياضيه، بينما يدعمها شخص ما بيديه.
2068960566_21e85ae0dc.jpg,يتامل فتي حافي القدمين في الكاميرا بينما يتارجح في الحديقه,الصوره تظهر طفلين يستمتعان باللعب علي الارجوحه في حديقه عامه تحت سماء زرقاء صافيه.,طفلان يستمتعان باللعب علي الاراجيح في حديقه تحت سماء زرقاء صافيه.,ولد يلعب في الملعب.
2069279767_fb32bfb2de.jpg,الرجال يتسلقون,شخصين مبتسمين مستلقيين في سرير معلق علي جانب جرف صخري شاهق، مع منظر خلاب لوادي عميق في الخلفيه.,يستريح رجلان في منصه معلقه علي جانب منحدر صخري شاهق يطل علي واد عميق.,رجلان يرقدان في مهد معلق علي جانب الجبل.
2070798293_6b9405e04d.jpg,فتاه صغيره تقفز علي الاريكه,تظهر الصوره طفله صغيره وهي تقفز بحماس علي اريكه في غرفه معيشه مشرقه.,فتاه صغيره بملابس النوم تقفز بسعاده فوق الاريكه.,الطفله في الصوره تقفز علي الاريكه.
2070831281_dc04b3e15d.jpg,سيده في قبعه بيضاء ونظارات شمسيه تركب دراجه هواءيه,تظهر الصوره امراه ترتدي ملابس بيضاء انيقه، بما في ذلك قبعه ونظارات شمسيه، وهي تركب دراجه بسرعه في شارع ذي خلفيه ضبابيه من الاشجار.,امراه ترتدي معطفا وقبعه بيضاء تقود دراجه هواءيه، مع خلفيه ضبابيه توحي بالحركه.,امراه تركب دراجه في الطريق.
2070831523_5035d5537e.jpg,صوره ضبابيه لامراه تستقل دراجه,امراه ترتدي خوذه وتقود دراجه في حديقه او طريق محاط بالاشجار، ويبدو انها تتحرك بسرعه بسبب التشويش في الصوره.,امراه ترتدي خوذه وستره بنيه ووشاحا تقود دراجه هواءيه بسرعه، مع خلفيه ضبابيه تعكس الحركه.,امراه تركب دراجه ناريه وهي لابسه خوذه دراجه ناريه.
2071309418_1d7580b0f0.jpg,كلب ابيض يرتدي اذان الرنه بجوار كلب اسمر,تتفاعل كلبان، احدهما يرتدي قرونا حمراء، في حديقه مليءه بالالعاب، ويبدو انهما يلعبان او يتشاجران بشكل ودي.,كلبان يلعبان في العشب، احدهما يرتدي زينه راس احتفاليه.,كلب ابيض يرتدي اكسسوارات راس خضراء حمراء و هو ناءم علي الارض و يتحدث مع كلب بني.
207237775_fa0a15c6fe.jpg,رجل يقوم بقفزه خلفيه بينما ياخذ الاخر صوره,شخصين في حقل، احدهما يلتقط صوره للاخر وهو يقوم بحركه بهلوانيه في الهواء.,شخصين في الهواء الطلق، احدهما يصور والاخر يءدي حركه بهلوانيه في الهواء.,صوره لشابين في ساحه مفتوحه، احدهما يقوم بالتصوير الفوتوغرافي بينما الاخر يقوم بممارسه حركه بهلوانيه.
2072574835_febf0c5fb9.jpg,الكلاب في السباق,اربعه كلاب سلاله غراي هاوند وهي تتسابق علي مضمار سباق، مع كلب رقم في المقدمه.,تندفع كلاب سلوقيه من بوابات الانطلاق لبدء سباقها الليلي.,الكلاب تجري في حلبه سباق.
207275121_ee4dfa0bf2.jpg,كلب بني يركض في الفناء,كلب لابرادور بني اللون وهو يركض في حديقه خضراء، مع وجود مظله في الخلفيه.,كلب بني يركض في العشب وهو يحمل عصا.,كلب بني يركض في الفناء.
2073105823_6dacade004.jpg,رجل يتزلج علي سياج حديدي,شخص يمارس رياضه التزلج علي لوح علي درج حجري في الهواء الطلق، تحت سماء زرقاء صافيه.,متزلج علي لوح الثلج يتزحلق علي حافه جدار من الطوب بجانب سلالم.,صوره لشاب يمارس رياضه التزلج علي دراجه في سلم اسمنتي.
2073174497_18b779999c.jpg,رجل ذو بشره داكنه يتنقل في شارع مليء بالمرور,رجل يركب دراجه علي طريق في المدينه، مع وجود سيارات متوقفه علي جانبيه واشجار في الخلفيه.,رجل يرتدي قبعه يركب دراجه هواءيه في الشارع، وخلفه سيارات.,رجل يركب دراجه في الشارع.
2073756099_7e02c0110c.jpg,كلب اسود يمسك طاءرا في فمه في البركه,كلب بني اللون يسبح في حمام سباحه ويحمل لعبه صفراء في فمه.,كلب اسود يقفز في المسبح ممسكا ببطه.,كلب اسود يطفو علي سطح الماء في حمام سباحه ويحمل في فمه قطعه من اللحم.
2073964624_52da3a0fc4.jpg,امراه ترتدي قبعه ورديه تركب دراجه هواءيه,امراه تركب دراجه بسرعه، وترتدي قبعه ورديه اللون ومعطفا اسودا ووشاحا بنفسجيا، مع خلفيه ضبابيه من الاشجار والمنظر الطبيعي.,امراه ترتدي قبعه ورديه ووشاحا بنفسجيا وهي تركب دراجه هواءيه، مع خلفيه ضبابيه توحي بالحركه.,امراه تركب دراجه هواءيه.
2074146683_7c83167aa1.jpg,امراه في قبعه بيضاء تحمل المال وحقاءبها,تظهر امراه ترتدي قبعه ونظارات شمسيه وهي تحمل طفلها في حامله اطفال وتدفع ثمن بعض الفاكهه في سوق المزارعين.,امراه ترتدي قبعه ونظارات شمسيه تحمل طفلها في شياله وهي تتسوق في سوق للخضراوات.,امراه ترتدي قبعه وتحمل طفلا علي صدرها وتسلم المال الي امراه اخري في سوق.
2074244690_82e30ff44b.jpg,مجموعه من الناس تجمعوا ليلا لمشاهده حدث,اليك وصف للصوره تظهر الصوره حشدا من الناس في حفل موسيقي يرفعون هواتفهم لالتقاط صور او مقاطع فيديو.,جمهور في حفل يلتقط الصور بهواتفه المحموله.,حشد من الناس واقفين وراء حاجز معدني في حفل او حدث ما، يلتقطون الصور باستخدام كاميراتهم.
2074764331_90a9962b52.jpg,جرو اسود يمضغ علي رقبه الكلب البني,تظهر الصوره جروين صغيرين يلعبان بحماس علي درج خشبي، احدهما من فصيله بوكسر والاخر من فصيله روتهيلر.,كلبان يلعبان، الكلب الاسود يعتلي الكلب البني.,كلبان يلعبان علي الدرج.
2075041394_0b3ea1822d.jpg,كلب بني يطارد كلبا ابيض,يلعب كلبان صغيران، احدهما ابيض والاخر بلون الكراميل، في حديقه مليءه باوراق الشجر المتساقطه، حيث يحمل الكلب الابيض غصنا في فمه بينما يركض الكلب الاخر نحوه.,كلبان يلعبان بمرح بين اوراق الخريف المتساقطه، احدهما ابيض يحمل غصنا بفمه بينما يطارده الاخر.,كلب ابيض يجري في الخارج ويحمل غصن شجره في فمه بينما يلاحقه كلب اخر.
2075321027_c8fcbaf581.jpg,رجل يرتدي قبعه يركب دراجته علي درب الاستجمام,رجل مسن ذو لحيه بيضاء يرتدي قبعه سوداء ومعطفا اسود، وهو يقود دراجه علي طريق ممهد بجوار سياج معدني وصخور.,رجل مسن ذو لحيه بيضاء وقبعه بيريه يركب دراجه هواءيه.,رجل مسن يركب دراجه علي طريق.
2075493556_b763648389.jpg,يتقدم ثلاثه اولاد يرتدون ملابس رياضيه عاديه امام مبني ازرق,ثلاثه اولاد صغار يضعون اذرعهم علي اكتاف بعضهم البعض ويبتسمون للكاميرا.,ثلاثه اولاد اصدقاء يقفون معا واذرعهم علي اكتاف بعضهم.,ثلاثه اولاد يرتدون ملابس رياضيه يظهرون في الصوره وهم متشابكون.
207584893_63e73c5c28.jpg,شخص في طاءره شراعيه معلقه,شخصا يمارس الطيران الشراعي علي شاطء رملي مع وجود امواج وصخور في الخلفيه.,يستعد شخصان للطيران بطاءره شراعيه علي شاطء رملي بالقرب من البحر والصخور.,الصوره لشخص يرفرف بمظله علي شاطء البحر.
2076428547_738e0a132f.jpg,جانب المتجول عند السماء الزرقاء وسلسله الجبال,صوره ظليه لرجل يحمل حقيبه ظهر وعصا للمشي، يقف بجانب بحيره في وقت الشروق او الغروب.,صوره ظليه لمتجول يقف علي ضفه بحيره.,صوره لرجل يحمل حقيبه ظهر و عصا يمشي امام بحيره هادءه.
2076865206_53918c820c.jpg,رجل يلقي سناره صيد,شخص يمارس صيد الاسماك في نهر هادء تحت سماء زرقاء صافيه.,صياد يلقي خيط صنارته في نهر ذي ضفاف خضراء تحت سماء زرقاء صافيه.,رجل يصطاد السمك علي ضفه النهر.
2076906555_c20dc082db.jpg,صبي يرتدي ستره جان ويده علي صدره وهو يبتسم امام الكاميرا,الصوره تظهر شابا يبتسم، يرتدي ستره جينز وقلاده بسلسله وقفل، ولديه وشم علي ذراعه، ويبدو انه يقف في متجر لبيع الافلام.,شاب يافع مبتسم يرتدي ستره جينز وقلاده بقفل، وعلي يده كتابات، داخل متجر.,ولد يضع يده علي صدره في محل العاب.
2077079696_03380d218b.jpg,متجول يشق طريقه الي اسفل,رجل يمشي علي قمه جبليه صخريه تحت سماء زرقاء مليءه بالغيوم البيضاء.,رجل يتنزه علي صخور جبليه حاملا عصي المشي تحت سماء زرقاء مليءه بالغيوم البيضاء.,رجل يرتقي الجبل في يوم مشمس مع وجود عصا استكشاف.
207731022_988f6afb35.jpg,القوارب علي الماء في يوم ضبابي,تظهر الصوره منظرا هادءا لراكبي الكاياك في بحيره ضبابيه محاطه بالاشجار الخضراء.,مشهد هادء لصباح ضبابي علي الماء من منظور قارب كاياك، يظهر فيه مجدف اخر في المسافه.,صوره لشخص يركب قاربا في بحيره هادءه.
2077346067_0a3a5aae65.jpg,رجل ياكل ويسير بعد علامه صفراء وحمراء,اليك وصف للصوره يظهر رجل يمشي بجانب ملصق يطلب من الشهود تقديم معلومات حول حادثه وفاه علي الطريق.,رجل يمشي علي الرصيف وهو ياكل بجوار لافته كبيره تطلب شهودا علي حادث سير مميت.,رجل ياكل ساندويتش واقفا علي الرصيف بجانب لافته اعلانيه.
2078311270_f01c9eaf4c.jpg,امراتان تعبران الشارع في يوم بارد,تظهر الصوره امراتين تسيران في شارع، احداهما ترتدي قبعه منقوشه ومعطفا اسود، والاخري ترتدي معطفا اسود ايضا، مع خلفيه من الاشجار والواح ارشاديه.,امراتان تسيران في الهواء الطلق في يوم خريفي، احداهما تبتسم والاخري تنظر للاسفل، بالقرب من علامه عبور مشاه.,صوره لامراه وطفله يمشيان في الطريق.
2079110798_ad1370a646.jpg,صبي يجلس في المكتبه ويقرا كتابا,طفلا صغيرا يرتدي نظارات وقبعه، منغمسا في قراءه كتاب في المكتبه.,صبي يرتدي نظارات يقرا كتابا في مكتبه.,ولد يقرا كتابا في المكتبه.
2079152458_40712c3b40.jpg,كلب لديه كره التنس في فمه,كلب ذهبي اللون سعيد يحمل كره خضراء في فمه، ويبدو انه يركض او يتحرك بسرعه.,كلب اشقر يحمل كره تنس خضراء في فمه.,كلب من فصيله المسترد الذهبي يحمل كره تنس في فمه.
207930963_af3a2f1784.jpg,مجموعه من الناس في معدات واقيه,تظهر الصوره رجلا يرتدي ملابس واقيه للدراجات الناريه يقف علي قمه تل مع دراجات ناريه اخري في الخلفيه، مع خلفيه من المناظر الطبيعيه الجبليه.,راكبو دراجات ناريه علي الطرق الوعره يستريحون في قمه جبليه ذات اطلاله واسعه.,صوره لدراج ناري في ستره وقناع اسود واصفر يقف خلف ستره سوداء عليها شعار ثعلب احمر.
2079554580_f18d5c181b.jpg,كلب يركض عبر الغابه,كلبا منقطا يركض علي طريق ترابي في غابه ذات اشجار طويله ونباتات كثيفه.,كلب دلماسي يركض بسعاده وعصا في فمه علي طريق غابوي مليء بالاوراق المتساقطه.,المنظر يصور كلبا ابيض يتحرك في منطقه غابه، حيث يبدو ان هناك اوراقا جافه علي الارض.
2080033499_6be742f483.jpg,كلب بني يهرب من صاحبه,تظهر الصوره كلبا ذهبي اللون يقفز بسعاده اثناء المشي مع صاحبه علي طريق مغطي باوراق الشجر المتساقطه.,كلب نشيط يقفز اثناء نزهته مع صاحبه بين اوراق الخريف المتساقطه.,كلب يجري بصحبه صاحبه.
2081141788_38fa84ce3c.jpg,ثلاثه اطفال يقفزون في الهواء في حمام سباحه في منتجع,تظهر ثلاثه اطفال سعداء وهم يقفزون ويستمتعون في حمام سباحه في منتجع استواءي.,اطفال يقفزون بفرح في المسبح في منتجع استواءي.,ثلاثه اطفال سعداء يقفزون في حمام سباحه.
2081446176_f97dc76951.jpg,رجل مع وشاح ومزلجه التزحلق,شابا يبتسم ويرتدي قبعه شتويه مخططه ووشاحا، ويبدو انه في الخارج في يوم بارد او ممطر.,صوره مقربه لشاب مبتسم يرتدي قبعه شتويه محبوكه ووشاحا كاروهات في يوم شتوي.,صوره لرجل يضحك في الشتاء.
2081615901_13092cac56.jpg,طفلان في ملابس متطابقه يتعلقان علي سياج ربط السلسله,تظهر الصوره فتاتين متشابهتين تقفان علي جانبي سياج شبكي، وهما ترتديان قمصانا سوداء وسراويل حمراء منقوشه، وتنظران الي الخارج.,تظهر فتاتان من الخلف وهما تنظران فوق سياج شبكي.,صوره لفتاتين شبلتين يقفن خلف سور حديدي.
2082005167_a0d6a70020.jpg,كلب اسود يخطو علي الجليد,كلب اسود وبني اللون يقف علي حافه بحيره متجمده، ويبدو انه يستكشف الجليد او يحاول الوصول الي الماء.,كلب يتفحص حافه الماء المتجمده علي ضفه مغطاه بالثلوج.,كلب اسود يقف علي حافه ماء يجري.
2083434441_a93bc6306b.jpg,امراه مسنه تركب دراجه علي طول شارع المدينه,تظهر الصوره امراه مسنه ترتدي معطفا وتنظر بقلق الي حركه المرور في شارع مدينه مزدحم، بينما تدفع دراجه تسوق.,امراه مسنه تركب دراجه هواءيه في شارع بالمدينه، وتظهر سياره اجره صفراء وماره في الخلفيه.,امراه مسنه تقود دراجه في احد شوارع المدينه.
2083778090_3aecaa11cc.jpg,رجل يرتدي قبعه في عاصفه ثلجيه,رجلا يرتدي قبعه فرو حمراء مزينه بفرو بني، ووشاحا احمر وابيض، ومعطفا اسود، ويبدو انه في مكان عام في يوم مشمس ومثلج.,رجل يرتدي قبعه فرو مميزه ووشاحا احمر، تتساقط عليه الثلوج.,صوره لرجل يرتدي ملابس شتويه تقليديه.
2084103826_ffd76b1e3e.jpg,كلب ابيض واسود يقفز في العشب,كلب ابيض واسود وهو يقفز برشاقه فوق سلك في حقل عشبي، ويرتدي قناعا وربما يشارك في رياضه او تدريب.,كلب ابيض واسود ملثم يجري بسرعه فاءقه فوق العشب الاخضر، وكانه يحلق في الهواء.,كلب يركض في سلك.
2084157130_f288e492e4.jpg,اثنين من الكلاب يسابقان من خلال الميدان,تظهر الصوره كلبين يركضان في حقل عشبي اخضر، احدهما ابيض واسود والاخر بني، ويبدو انهما يستمتعان باللعب والمرح.,كلبان يركضان بنشاط في حقل عشبي.,كلب ابيض واسود مستلق علي العشب يركض خلفه كلب بني.
2084217208_7bd9bc85e5.jpg,امراه تركب دراجتها,تظهر الصوره امراه ترتدي خوذه ونظارات واقيه، وتقود دراجه بسرعه، مع خلفيه ضبابيه لحديقه او طريق.,امراه ترتدي خوذه تقود دراجه في حركه سريعه، مع خلفيه ضبابيه.,امراه تركب دراجه ناريه في حديقه.
2085078076_b9db242d21.jpg,طفل اسود شاب يقف علي حافه جسم ماءي بالقرب من الدلاء,طفلا صغيرا يقف علي ضفه نهر طيني، يحمل شيءا في يده، بينما تقوم امراه بغسل الملابس بالقرب منه.,يقف طفل صغير علي ضفه مياه موحله بينما تغسل الملابس.,طفل يقف علي ضفه النهر، يحمل قطعه صابون، بجانبه سله ملابس.
2085255128_61224cc47f.jpg,طفل متوسط الحجم يقفز علي ضفه مغبره فوق جدول,شخصا يقفز في الهواء بفرح علي ضفه نهر، مع خلفيه من المنحدرات الصخريه الشاهقه والسماء الزرقاء الصافيه.,صبي يقفز في الهواء من ضفه نهر ترابيه، مثيرا الغبار، وخلفه تظهر جبال صخريه ضخمه.,ولد ينتقل من مكان الي اخر قفزا علي ضفه نهر.
2085400856_ae09df33a7.jpg,كلب في الثلج,كلب بني اللون مستلق في الثلج، ويبدو مستمتعا باللعب فيه او استكشافه.,كلب بني اللون يدس انفه في الثلج.,كلب كبير لونه بني يرقد في الثلج.
2085403342_a17b0654fe.jpg,طفل في ستره حمراء براقه يمر بكومه من القش,طفله صغيره ترتدي ملابس تقليديه، تركض علي سطح مصنوع من القصب في جزيره عاءمه، ربما في بحيره تيتيكاكا في بيرو او بوليفيا.,فتاه صغيره ترتدي ملابس تقليديه تقف علي ارضيه من القصب، وتظهر عليها ملامح الفرح والحيويه.,الطفله واقفه علي ركبه واحده علي حزمه من القش، ترتدي ستره حمراء وقمصان مخططه، وتنظر الي شيء خارج الاطار.
2085557551_7a88d01d4e.jpg,صبي يحمل اواني مطبخ,تظهر الصوره فتاه ذات تعبير غاضب وهي تحمل سكينا ومقلاه في يديها، ويبدو انها في وضعيه تهديد.,فتاه ذات تعبير غاضب شرس تحمل سكينا وشوكه ووعاء معدنيا، كانها تستعد لهجوم.,صوره لطفل يرفع مقلايه و سكين في يديه.
2085726719_a57a75dbe5.jpg,اثنين من الفتيات المجمعه في معاطف الشتاء تستعد لصوره,فتاتين شابتين تحتسيان مشروبات ساخنه وتلتقطان صوره سيلفي بهاتف محمول في يوم بارد.,فتاتان تستمتعان بمشروبات ساخنه في يوم شتوي، بينما تلتقط احداهما صوره بهاتفها.,صوره لامراتين يلتقطان سيلفي وهما يمسكان اكوابا.
2086513494_dbbcb583e7.jpg,فتاه في معطف ابيض تلتقط الصور,تاخذ امراه شابه ترتدي معطفا ابيض ووشاحا اسود صوره بكاميرا رقميه في يوم بارد، بينما يظهر اشخاص اخرون في الخلفيه.,امراه شابه ترتدي ستره شتويه بيضاء وتلتقط صوره بكاميرا صغيره في الهواء الطلق.,تصوير سيده باله تصوير في فصل الشتاء.
2086532897_b8714f2237.jpg,رجل يجدف اسفل الشلال,شخصا يمارس رياضه التجديف في قارب الكاياك وهو يسقط من فوق شلال ماءي ضخم، محاطا بالرغوه المتطايره.,راكب قوارب كاياك ينزل شلالا قويا من المياه البيضاء المتلاطمه.,صوره من الاعلي لرجل يركب قارب الكاياك في شلالات معقده.
2086534745_1e4ab80078.jpg,رجل في قارب اصفر يتجول في المياه العميقه,شخص يمارس رياضه التجديف بقارب الكاياك في شلال ماءي متدفق بقوه، محاطا بالصخور والنباتات الخضراء.,مجدف كاياك يهبط شلالا صخريا شديد الانحدار بقاربه الاصفر.,صوره لشاب يركب قاربا اصفر في مياه متدفقه بشده علي حافه صخره، بينما يحمل في يده مجذافا.
2086678529_b3301c2d71.jpg,فتاه في ثوب,طفله صغيره ترتدي فستانا بنفسجيا وتنظر الي الكاميرا بابتسامه، بينما تحاول تسلق جدار.,طفله صغيره ترتدي فستانا بنفسجيا داكنا تبتسم بلطف للكاميرا وراسها ماءل.,الصوره لطفله رضيعه ترتدي فستانا ارجوانيا وهي متعلقه بالحاءط.
2087317114_cf06df5aa5.jpg,رجل في قوارب الكاياك الصغيره يعوم اسفل النهر,شخص يمارس رياضه التجديف بالكاياك في نهر متدفق، ويرتدي خوذه وستره نجاه صفراء، ويبدو سعيدا ومتحمسا.,مجدف يبتسم اثناء التجديف في النهر.,رجل يركب قارب الكاياك في مياه سريعه التدفق.
2087640654_1a84577a44.jpg,كلب اسود يحفر حفره عميقه في الارض وذيله في الهواء,تظهر الصوره مءخره كلب ابيض اللون وهو يحفر في الارض المغطاه بالعشب والاوراق المتساقطه.,كلب راسه مدفون في حفره، ولا يظهر منه سوي مءخرته وذيله.,الكلب يحفر حفره في الارض.
2088120475_d6318364f5.jpg,الناس ياخذون صوره في الثلج,اربعه اشخاص يقفون بجانب شخص يرتدي زي رجل الثلج في يوم مشمس ومثلج.,تظهر الصوره مجموعه من الشباب وشخص يرتدي زي رجل الثلج خلال تساقط الثلوج.,صوره لعده اشخاص بجانب شخص يرتدي زي رجل ثلجي.
2088460083_42ee8a595a.jpg,يتم سحب عربه همر مقطوعه علي سرير شاحنه,سياره محترقه بشده علي متن شاحنه سحب في الليل.,مركبه دفع رباعي وعره وموحله تنقل علي متن شاحنه مسطحه ليلا.,صوره لسياره رباعيه الدفع متسخه علي شاحنه في الليل.
2088910854_c6f8d4f5f9.jpg,رجل كبير يرتدي عقال مع الهدال التابع له,"رجل يرتدي قبعه صوف سوداء مزينه بقرون الرنه الحمراء والبيضاء، وستره عليها شعار "" "".",شاب يرتدي قبعه صوفيه سوداء وطوق راس احتفالي مخطط بالاحمر والابيض يتدلي منه غصن هدال.,رجل يرتدي قبعه سوداء مطرزه و زينه عيد الميلاد.
2089122314_40d5739aef.jpg,كلب يركض مع جريده في فمه,كلب من سلاله الراعي الاسترالي يركض وهو يحمل جريده في فمه.,كلب يجري حاملا جريده في فمه.,يحمل كلب استرالي ورقه في فمه ويركض في اتجاه الكاميرا.
2089350172_dc2cf9fcf6.jpg,ثلاثه من الكلاب السوداء تسبح في الماء البني الغامق,تسبح ثلاثه كلاب في الماء، ويبدو انها تستمتع بوقتها.,ثلاثه كلاب تسبح في الماء.,ثلاثه كلاب سوداء تسبح في الماء.
2089426086_7acc98a3a8.jpg,فتاه ترتدي ستره وتقدم كعكه مع الشموع,تظهر الصوره فتاه صغيره تحمل كعكه عيد ميلاد في محطه مترو، بينما يقف شخص اخر بجانب عمود مغطي بالملصقات.,شابه ترتدي ستره شتويه تحمل كعكه مزينه بالشموع وتبدو مبتسمه.,صوره لطفل بمعطفه الشتوي يحمل كعكه.
2089442007_6fc798548c.jpg,كلب بني يسير في الماء,كلب لابرادور بني فاتح يمشي في الماء.,كلب بني ماءل للحمره يخوض في الماء.,كلب يجري في البحر.
2089539651_9e518ec7de.jpg,احد المتجولين بعصيان يقف علي طريق مرتفع فوق تله,رجل يقف علي قمه جبل، ممسكا بعصي المشي، وينظر الي منظر طبيعي خلاب لمدينه محاطه بالجبال تحت سماء زرقاء صافيه.,رجل يقف علي قمه جبل ويطل علي مدينه واسعه تمتد في الافق.,رجل يمشي علي قمه جبل مع عصا في كل يد ويرتدي شمسيه.
2089542487_b4c1ee7025.jpg,احد المتجولين علي استعداد لاتخاذ دربه في الهواء الطلق,رجل يرتدي قبعه ونظارات شمسيه وحقيبه ظهر، ويقف علي طريق ترابي في منطقه طبيعيه مع اشجار ونباتات في الخلفيه.,رجل يرتدي معدات التنزه يقف علي طريق ترابي محاطا بالاشجار تحت سماء زرقاء صافيه.,رجل يرتدي ملابس رياضيه، يمشي علي طريق ترابي في الطبيعه.
2089555297_95cf001fa7.jpg,يقف رجل يرتدي قبعه ذات اكمام طويله وبنطلون طويل يطل علي المدينه,رجلا يقف علي قمه جبل او تل، مع منظر مدينه واسع في الخلفيه تحت سماء زرقاء صافيه.,رجل يقف علي قمه جبل مطله علي مدينه واسعه.,رجل يرتدي قبعه وستره ويقف علي قمه جبل مع مناظر طبيعيه خلف في الخلفيه.
2090327868_9f99e2740d.jpg,امراه وطفلين صغيرين يتظاهرون امام تمثال الحريه,تظهر الصوره امراه مع طفليها يقفون بجانب تمثال بقره ملونه بشكل فني في مكان عام.,تظهر امراه وصبي يحمل رضيعا بجانب تمثال بقره مزين برسومات شاطءيه.,صوره لامراه وطفلين امام تمثال بقره ملونه.
2090339522_d30d2436f9.jpg,رجل في قبعه خضراء في مكان مرتفع,رجلا يرتدي قبعه ونظارات شمسيه، يقف علي قمه جبل ويطل علي منظر مدينه واسع.,رجل يلتقط صوره ذاتيه من قمه جبل مطله علي مدينه واسعه.,صوره سيلفي لرجل يرتدي نظاره شمسيه وقبعه علي قمه جبل مع مناظر طبيعيه في الخلفيه.
2090386465_b6ebb7df2c.jpg,ثلاثه بالغين يرتدون ملابس الطقس البارد,امراتين امريكيتين من اصل افريقي ترتديان ملابس شتويه، ويبدو عليهما الجديه او القلق.,تظهر سيدتان ترتديان ملابس شتويه دافءه في يوم ثلجي.,صوره لامراتين يمشيان في الشارع و رجل يتبعهم.
2090387793_274ab4cf7d.jpg,صبي يرتدي اسود يسير في الشارع,شابا يرتدي قبعه سوداء، وستره رياضيه داكنه، وقميصا مطبوعا، وسروالا رياضيا، وقفازات، ويبدو انه يسير في مكان عام في فصل الشتاء.,شاب يرتدي قبعه صوفيه وملابس شتويه ينظر الي الجانب في مشهد شتوي بارد.,رجل شاب يمشي في الخارج في يوم ثلجي مرتديا ستره سوداء وقبعه.
2090545563_a4e66ec76b.jpg,فتاتان تلعبان علي لوح تزلج في فناء,طفلين صغيرين يستمتعان باللعب علي لوح تزلج في ساحه مرصوفه بالبلاط.,طفلان يرتديان الاحمر يدفعان لوح تزلج علي ساحه مرصوفه.,صوره لطفلين يلهوان علي لوح تزلج في الخارج.
2090723611_318031cfa5.jpg,كلاب تسير في الحقل العشبي,كلبا من نوع الكييسلون الفنلندي يقف في حقل عشبي، مع وجود كلب اخر بلون بني فاتح في الخلفيه.,كلب فروي رمادي اللون يقف في حقل اخضر، ويظهر خلفه كلب بني اخر جزءيا.,كلب بجوار عجل في سهل اخضر.
2090997177_76d482b158.jpg,كلب اسود علي الرمال,كلب اسود صغير الحجم يركض باتجاه الكاميرا علي شاطء رملي واسع تحت سماء غاءمه.,كلب اسود يركض علي الشاطء الرملي.,كلب من فصيله تيرير اسكتلندي اسود يجري علي الشاطء.
2091171488_c8512fec76.jpg,امراه ترتدي قفازات ورديه وستره بنيه تبتسم في الثلج,فتاه مبتسمه ترتدي ملابس شتويه دافءه، مثل معطف جلدي ووشاح وردي، في يوم تسقط فيه الثلوج.,شابه مبتسمه ترتدي ملابس شتويه وسط تساقط الثلوج.,امراه في يوم ثلجي، ترتدي ستره بنيه وحذاء ابيض، تحمل حقيبه يد كبيره.
2092177624_13ab757e8b.jpg,صبي صغير مع قميص اخضر يركض علي حافه صخريه,طفلا افريقيا يركض حافي القدمين علي حافه جدار من الحجر، وهو يحمل زجاجه ماء في يده.,ولد يرتدي ثوبا اخضر منقوشا يقفز حافي القدمين علي حافه اسمنتيه، حاملا زجاجه في يده.,صوره لطفل اسمر يرتدي ملابس خضراء يمشي فوق حافه حجريه.
2092419948_eea8001d0f.jpg,رجل طويل الشعر يسير علي مجري ماءي,تظهر الصوره شخصا يمشي علي طول ممر ضيق بجانب قناه ماءيه زرقاء صافيه داخل نفق خرساني.,شخص يسير علي ممر خرساني بجانب مياه فيروزيه صافيه، متجها نحو مدخل نفق مظلم.,امراه تسير علي حافه نفق ماءي.
2092870249_90e3f1855b.jpg,رجل ينظر الي اسفل السياره في شارع رطب,شخصا مستلقيا علي الارض بجانب سياره، ربما يقوم باصلاحها، في شارع هادء.,شخص مستلقيا تحت سياره متوقفه علي جانب الطريق لاصلاحها.,سياره متوقفه علي جانب الطريق وبداخلها شخص ملقي علي الارض مربوط الي مقدمه السياره.
2094323311_27d58b1513.jpg,كلب يضع راسه علي وجه رجل,تظهر الصوره كلبا ذهبيا يلعق وجه رجل يرتدي نظارات شمسيه حمراء، ويبدو ان الرجل مستمتع باللحظه.,كلب يلعق وجه رجل يرتدي نظارات شمسيه.,الكلاب هي كاءنات لطيفه وودوده، وغالبا ما تكون حنونه مع اصحابها. في بعض الاحيان، يظهر الكلب سلوكا حنونا مثل لعق وجه صاحبه، مما يمكن ان يكون علامه علي الموده والاهتمام. قد يكون هذا السلوك تعبيرا عن الفرح والرضا او حتي محاوله للتواصل واللعب. يجب علي الشخص المستقبل لهذا السلوك ان يكون مستعدا وقابلا لقبول هذه العروض من الحنان.
2094543127_46d2f1fedf.jpg,فتاه تمسك بفم تمساح مغلق,تجلس فتاه ذات شعر احمر علي تمثال لتمساح كبير بجانب نباتات خضراء وصخره.,تجلس فتاه حمراء الشعر علي تمثال تمساح.,صوره لفتاه بجانب تمساح.
2094810449_f8df9dcdf7.jpg,صبي يقف في المحيط يرفع سرواله,صبيا يقف في الماء علي الشاطء، وينظر الي الخلف مبتسما، مع وجود البحر في الخلفيه.,صبي صغير يبتسم وهو يقف في مياه الشاطء الضحله، وشعره يتطاير بفعل الرياح.,طفل علي شاطء البحر.
2095078658_c14ba89bc2.jpg,كلب يمر عبر الثلج امام الغابه,كلب راعي الماني يركض بسعاده في حقل مغطي بالثلوج، مع وجود اشجار ضبابيه في الخلفيه.,كلب يجري في الثلج.,كلب الماني يركض في منطقه ثلجيه.
2095435987_1b7591d214.jpg,كلب مستلق علي ظهره في الرمال,كلب ابيض واسود يستمتع بالاستلقاء علي ظهره في الرمال، ويبدو سعيدا ومسترخيا.,كلب يتقلب علي ظهره في الرمال.,كلب ابيض واسود يتدحرج علي الرمال.
2095444126_201ff9f222.jpg,كلب ينفض الماء,تظهر الصوره كلبا اسود وابيض اللون وهو يهز جسده بعد الاستحمام، ويبدو انه يستمتع بالماء المتطاير حوله.,كلب يرتجف ويهز راسه لتجفيف نفسه بعد ان اصبح مبللا.,كلب يمشي تحت مياه رشاشه.
2095478050_736c4d2d28.jpg,رجل وصبي يلعبان الموسيقي بينما تراقب الفتيات الصغيرات,اليك وصف للصوره يءدي موسيقي علي الجيتار في الهواء الطلق بينما يشاهده الاطفال باهتمام.,اطفال يشاهدون عرضا موسيقيا لرجل يعزف الغيتار وطفل يعزف الهارمونيكا علي المسرح.,صوره لطفل يقلد شخصا كبيرا في العمر يغني و يعزف الغيتار علي خشبه مسرح خارجي.
209605542_ca9cc52e7b.jpg,رجل في عقال يتسلق صخره,الصوره تظهر متسلقا يبتسم وهو يتشبث بصخره اثناء التسلق، مع وجود حزام الامان والمعدات اللازمه، ومنظر طبيعي اخضر في الاسفل.,متسلق صخور وهو يتسلق جرفا صخريا عاليا، مع اشجار خضراء تمتد في الاسفل.,رجل يتسلق الجبل.
2096771662_984441d20d.jpg,ينظر الرجل من خلال منظاره بينما يحمل رجل اخر شرابا,يستخدم رجلان مناظير لمراقبه شيء ما في المسافه، بينما يقفان في بيءه خارجيه ذات اضاءه خافته.,رجلان يراقبان الافق بمنظار في ضوء شروق او غروب الشمس.,صوره لرجلين احدهما ينظر من منظار والاخر ينظر الي ناحيه اخري علي الشاطء في غروب الشمس.
2097398349_ff178b3f1b.jpg,رجل يقف علي الثلج بالقرب من الجبال,شخصا يقف علي ارض مغطاه بالثلوج امام جبال جليديه شاهقه تحت سماء زرقاء صافيه.,متجول يقف بابتهاج في منظر طبيعي جبلي جليدي راءع.,رجل يقف في مشهد ثلجي مع جبال في الخلفيه.
2097403787_77a154f5b9.jpg,رجل يقف علي الارض الصخريه امام الجبل,شخصا يقف امام منظر طبيعي خلاب لجبال مغطاه بالثلوج وانهار جليديه، مع سماء زرقاء صافيه وسحب بيضاء متفرقه.,شخص يقف علي ارض صخريه امام نهر جليدي ضخم وبحيره جليديه في منطقه جبليه.,رجل يرتدي ملابس شتويه واقفه علي تله صخريه في مشهد طبيعي جبلي خلف جبل ثلجي.
2097407245_c798e0dcaf.jpg,رجل يقف علي التراب ويداه في الهواء والثلوج وراءه,رجلا يقف امام نهر جليدي ضخم، مع وجود جبال ثلجيه في الخلفيه.,رجل يقف بحماس امام جدران جليديه ضخمه وبحيره جليديه مليءه بالجليد.,رجل يقف امام جبل ثلجي.
2097420505_439f63c863.jpg,رجل يحمل كاميرا وهيكل جليدي خلفه,رجل يقفز القرفصاء علي الثلج امام كتله جليديه كبيره، وهو يحمل كاميرا وعصي المشي، تحت سماء زرقاء صافيه مع بعض الغيوم.,مصور يجلس القرفصاء علي الثلج امام كتله جليديه ضخمه في منظر طبيعي جبلي.,رجل يرتدي ستره خضراء وطقيه ويحمل كاميرا في يده، جالسا القرفصاء علي الجليد مع عصا تزلج، وراءه كتله جليديه ضخمه تحت سماء زرقاء صافيه.
2097489021_ca1b9f5c3b.jpg,فتاه ترتدي ثوب باليه,تظهر في الصوره طفله صغيره ترتدي زي جنيه، وهي ترفع عصا سحريه بينما يبدو انها تشارك في عرض مسرحي امام تمثال لكساره البندق.,تظهر طفله صغيره ترتدي زي جنيه جميل باجنحه وعصا سحريه علي خشبه مسرح، مع دميه كساره البندق في الخلفيه.,صوره لطفله ترتدي زيا لشخصيه خياليه في مسرح.
2098174172_e57d86ea03.jpg,مسافر يقف امام الجبال الثلجيه,شخصا يقف في منطقه جبليه مغطاه بالصخور والثلج، مع خلفيه من الجبال الشاهقه والسماء الزرقاء الصافيه.,مشهد جبلي خلاب يظهر متنزها يقف بين الثلوج والصخور تحت سماء زرقاء.,رجل يرتدي ملابس مخصصه لرياضه المشي علي الجبال، يحمل عصا في كلتا يديه، ويرتدي قبعه، حقيبه ظهر، وينظر الي شيء ما في الجبل.
2098418613_85a0c9afea.jpg,كلب بني يقف في ساحه موحله,كلبا كبيرا بني اللون يقف في ساحه امام سياره فان خضراء، مع وجود بعض الاشياء المتناثره حوله مثل نباتات في اواني ومعدات اخري.,كلب بني كبير يقف في فناء خارجي موحل، مع سياره خضراء ومنزل في الخلفيه.,كلب كبير لونه بني فاتح يقف في ساحه امام منزل شعبي بجانب سياره زرقاء.
2098646162_e3b3bbf14c.jpg,اثنين من الكلاب السوداء والبيضاء يبحثان عن قطه رمادي وابيض,اليك وصف للصوره تحدق قطه وكلبان بفضول في جهاز توزيع البيره.,قط وكلبان فضوليان يراقبون معدات البيره.,قطه تجلس علي اسطوانه غاز بجانب كلبين.
2099323664_bb20457f26.jpg,كلب يقفز علي الرصيف,تظهر الصوره كلب بيجل نشيطا وهو يركض او يقفز في حديقه او مساحه خضراء.,كلب يركض ويقفز بحماس في الهواء الطلق.,كلب من فصيله البيغل يجري في الهواء.
2100046085_69b59b6645.jpg,كلبان يشربان الماء في البحيره,تظهر الصوره كلبان ابيض اللون يقفان في الماء، ويبدو انهما يستمتعان باللعب او الاستكشاف في النهر او البحيره.,كلبان ابيضان في الماء، احدهما يشرب والاخر يتجول.,كلبان ابيضان يرتشفان الماء من بحيره هادءه.
2100735137_05c6079537.jpg,صبي صغير يقفز علي لعبه من الهواء,"طفلا صغيرا يحاول اللعب بلعبه ""بونجي"" ( ) في ساحه مرصوفه، حيث يقفز من علي منصه ويحاول الوصول الي نهايه الحبل المرن.",طفل يلعب بقاذفه صواريخ تعمل بالضغط بالقدم.,طفل يلعب لعبه في الخارج.
2100816230_ff866fb352.jpg,رجل يقفز فوق زحافاته,متزلج يقوم بحركه بهلوانيه في الهواء فوق عمود اسود، مع وجود هلال القمر في سماء زرقاء صافيه.,متزلج يءدي حركه بهلوانيه علي برميل في منحدر ثلجي، تحت سماء زرقاء يظهر فيها الهلال.,رجل يمارس رياضه التزلج علي الجليد.
2100909581_b7dde5b704.jpg,كلب يقفز في الثلج,كلب لابرادور ابيض اللون يقفز في الهواء بفرح في يوم تساقط فيه الثلج.,كلب ذو فراء فاتح يقف علي رجليه الخلفيتين في الثلج المتساقط.,كلب ابيض يقف علي رجليه الخلفيتين في ساحه مغطاه بالثلج.
2101128963_fdf8b2a0d7.jpg,لعبه البيسبول تتراجع عن عمل تم اجراءه في الامس,لاعب بيسبول يركض علي ارض الملعب، وهو يرتدي زي فريق الفيلادلفيا فيليز.,لاعب بيسبول يرتدي زيا ابيض وقبعه حمراء يلقي الكره في الملعب.,لاعب بيسبول يركض علي ارض الملعب.
210126070_0d43b300b9.jpg,صبي يقفز في الهواء علي الترامبولين,شاب يقوم بحركه بهلوانيه في الهواء فوق ترامبولين، بينما يراقبه اصدقاءه.,شاب يقفز ويءدي شقلبه في الهواء علي وساده قفز ضخمه، بينما يراقبه اخرون في مكان مفتوح.,شاب يمارس رياضه القفز في الهواء.
2101457132_69c950bc45.jpg,كلب اسود يقفز في الخور,كلب اسود اللون وهو يقفز بحماس في الماء، مع وجود عوامه انقاذ في الخلفيه.,كلب اسود يقفز في الماء.,كلب اسود اللون يقفز فوق الماء.
2102030040_2e8f4738f7.jpg,فتاه التزلج,تظهر امراه ترتدي ملابس شتويه ونظارات شمسيه وهي تقف علي قمه جبل مغطي بالثلوج، وتمسك بعصي المشي، مع وجود جبال اخري في الخلفيه.,امراه مبتسمه تمارس رياضه المشي علي الثلوج علي منحدر جبلي ثلجي.,رجل يمارس رياضه التزلج علي الجليد.
2102315758_a9148a842f.jpg,رجل يحمل طفل يمشي بجانب امراه علي طول الشاطء,عاءله تتكون من اب وام وطفل صغير يستمتعون بنزهه علي الشاطء.,عاءله تتمشي علي شاطء البحر.,زوجان وطفلهما يقفون علي الشاطء، حيث يحمل الزوج طفلا بين ذراعيه بينما تتامل المراه منظر البحر.
2102360862_264452db8e.jpg,رجل علي الشاطء ياخذ صوره رجل اخر,يصور مصور شخصا يقف علي شاطء صخري، ربما لالتقاط صوره شخصيه.,مصور يلتقط صوره لرجل يقف علي شاطء صخري.,صوره لشابين علي الشاطء، احدهما يصور الاخر بالكاميرا.
2102581664_5ea50f85c6.jpg,كلب بني يقفز فوق حاجز ابيض واسود,تظهر الصوره كلبا ذهبي اللون يقفز فوق حاجز في مسابقه للكلاب.,كلب يقفز حاجزا ضمن رياضه خفه الحركه.,كلب يقفز فوق حاجز في حدث رياضي.
2102724238_3cf921d7bb.jpg,الناس في ملابس داكنه يجلسون معا,تظهر الصوره ثلاث نساء جالسات في وسيله نقل عام، كل واحده منهن ترتدي ملابس مختلفه وتنظر في اتجاهات مختلفه.,ثلاث نساء يجلسن في عربه قطار باضاءه صفراء، يرتدين ازياء مميزه.,صوره لثلاث سيدات يجلسن في وسيله مواصلات.
2102732029_9ae520914d.jpg,فتاتان صغيرتان تحملان كاميرا معا,طفلتين اسيويتين، احداهما تلتقط صوره بالكاميرا والاخري تنظر بفضول.,تتعاون فتاتان صغيرتان علي التقاط صوره بكاميرا رقميه.,صوره لطفلتين يركزان كاميرا تصويرهما علي شيء ما.
2103361407_4ed4fc46bf.jpg,مجموعه من الاطفال يجلسون علي مقعد في الخارج ويبتسمون بسعاده,تظهر الصوره خمسه اطفال سعداء يجلسون علي مقعد في الهواء الطلق، ويبدو انهم يستمتعون بوقتهم معا.,خمسه اطفال يجلسون علي مقعد ويضحكون بابتهاج.,الصوره لخمسه اطفال يجلسون علي مقعد.
2103568100_5d018c495b.jpg,كلب ابيض يقف في بركه,كلب ابيض صغير يسبح في بركه ماء طبيعيه محاطه بالصخور والنباتات الخضراء في منطقه جبليه.,كلب ابيض يمشي في بركه مياه جبليه محاطه بالصخور.,كلب ابيض يسبح في بحيره صغيره محاطه بالصخور.
2105756457_a100d8434e.jpg,طفلان يقفان تحت المظله,طفلين يلعبان بكره القدم علي طاوله مصنوعه يدويا امام مبني بسيط في منطقه ريفيه.,شابان يلعبان الفوسبال في الهواء الطلق.,صبي يلعب علي بيانو في الطريق.
210625425_fb1ef5d23b.jpg,تقود سياره دفع رباعي خلال الوحل,سياره جيب عالقه في الوحل، ويبدو انها تحاول الخروج من الموقف الصعب.,مركبه جيب تخوض في بركه عميقه من الطين.,سياره جيب عالقه في الوحل.
2106772874_381824648b.jpg,كلب ابيض كبير وكلب بني اصغر,تظهر الصوره كلبا ابيض اللون يزمجر ويهدد كلبا بنيا اصغر حجما اثناء اللعب او الشجار علي الارض.,كلبان يتصارعان بمرح علي الارض، احدهما ابيض يكشر عن انيابه فوق الاخر البني.,كلب كبير ابيض يلعب مع كلب صغير بني علي الارض.
210686241_b8e069fff3.jpg,صبي غارق بسبب هطول الامطار,"طفلا يرتدي قميصا عليه شعار فريق ""شيكاغو وايت سوكس"" وهو يستمتع باللعب تحت نافوره ماء، ويبدو عليه الانبهار والفرح.",صبي يرتدي قميص شيكاغو وايت سوكس يصرخ بمرح تحت دفق من الماء.,طفل يضحك وهو يمر تحت مياه تنهمر عليه.
2107837987_ffecfc367a.jpg,صبي يقف بالقرب من الماء بحجر في يده,طفلا صغيرا يرتدي قميصا ازرق وشورت ابيض، وهو يلعب ويحمل حجرا بجانب نهر تحت جسر.,طفل صغير يرمي حجرا في النهر تحت جسر معدني.,طفل يلقي حجرا في الماء تحت جسر.
2107838729_a527e434bd.jpg,صبي في قميص ازرق يقف علي شاطء بحيره,طفلا صغيرا يقف علي ضفه نهر، يمد يده نحو الماء، وخلفه منظر لمدينه ذات مبان تاريخيه وكنيسه ذات برج عال.,صبي يقف علي ضفه نهر يطل علي مدينه تاريخيه وكاتدراءيه.,ولد يلقي حجرا في الماء.
210839948_bbd5bfa3b6.jpg,فتاه في قميص احمر تتسلق الصخور,تظهر الصوره امراه تتسلق صخره، وهي معلقه بحبل، وترتدي ملابس تسلق مناسبه.,متسلقه صخور مربوطه بحبل امان تتسلق جدارا صخريا، ويري المشهد من زاويه علويه.,صوره لشاب يتسلق الجبل.
2108799322_e25aa6e185.jpg,كلب اسود يركض في حقل,كلب اسود مرقط يركض بحماس في حقل موحل، وهو يحمل لعبه في فمه ويبدو سعيدا جدا.,كلب اسود مرقط يجري بفرح في ارض موحله.,كلب يجري في منطقه مفتوحه.
2109370875_05241bdda7.jpg,شخص يرتدي قبعه زرقاء ياخذ صوره في الثلج,تظهر الصوره امراه ترتدي قبعه وستره شتويه، وهي تلتقط صوره بكاميرا في يوم ممطر او ثلجي.,مصوره ترتدي قبعه وتلتقط صوره وسط تساقط الثلوج.,تصوير فوتوغرافي لامراه ترتدي قبعه وستره، تحمل كاميرا وتقوم بالتصوير.
2109479807_eec8d72ca7.jpg,مجموعه من الفتيات يركبون مركبه,اربعه اطفال يرتدون خوذات يجلسون علي مركبه رباعيه الدفع () في منطقه ريفيه.,اربع فتيات يرتدين خوذات ويجلسن علي دراجه ناريه رباعيه في الهواء الطلق.,صوره لطفلات اربعه يمتطين دراجه ناريه رباعيه.
2109911919_af45b93ef3.jpg,شخص يتسلق جبلا ثلجيا,متسلق جبال يرتدي ملابس دافءه وحقيبه ظهر كبيره، وهو يتسلق منحدرا ثلجيا حادا باستخدام عصي المشي.,شخص يتسلق منحدرا جبليا ثلجيا شديد الانحدار علي يديه وركبتيه.,صوره لمتسلق جبل وهو يتسلق الجبل في منطقه ثلجيه باستخدام زلاجات.
2110692070_8aaaa1ae39.jpg,كلب يمر عبر فناء اخضر,كلب ابيض واسود يقفز في الهواء وهو يحمل لعبه في فمه، في حقل اخضر مع سياج في الخلفيه.,كلب ابيض واسود يطير في الهواء فوق العشب الاخضر.,كلب يجري في ساحه خضراء.
2110898123_07729c1461.jpg,كلب بني يرتدي ستره حمراء يركض في العشب,تظهر الصوره كلبا بنيا يرتدي ستره حمراء وهو يجري بسرعه علي العشب الاخضر، مع تاثير ضبابي يوضح الحركه.,كلب يرتدي معطفا احمر يركض بسرعه، والخلفيه ضبابيه بفعل الحركه.,كلب يركض في الحديقه.
2111360187_d2505437b7.jpg,يلعب ثلاثه اطفال يرتدون بدلات السباحه في الرغوه,تظهر الصوره ثلاثه اطفال يغطيهم الكثير من الفقاعات، ويبدو انهم يستمتعون بوقتهم في الخارج.,ثلاثه صبيه يلعبون بسعاده وهم مغطون بالرغوه الكثيفه.,ثلاثه اطفال يلعبون في رغوه الصابون.
2112661738_de71b60b88.jpg,كلب ابيض يشرب الماء علي الجبل,تظهر الصوره كلبا ابيض يقف في بركه صغيره من الماء محاطه بالصخور في منطقه جبليه.,كلب ابيض يشرب الماء من بركه صخريه في منظر جبلي مرتفع.,كلب ابيض يمشي في بركه ماء صغيره علي قمه جبل.
211277478_7d43aaee09.jpg,تنتقل سياره جيب الي الطرق الوعره في الغابات ذات المسارات الموحله مما يجعلها قذره,سياره جيب مغطاه بالطين وهي تسير علي طريق ترابي وعر في منطقه غابات.,سياره دفع رباعي موحله تسير في طريق غابي طيني.,سياره جيب متوسخه في الطين.
2112921744_92bf706805.jpg,كلب علي تله خضراء,كلب ابيض يقف علي منحدر عشبي اخضر بجوار جرف صخري شاهق تحت ضوء الشمس الساطع.,كلب ابيض يقف علي منحدر جبلي اخضر.,حسنا. هذه صوره غنم في سهل جبلي.
211295363_49010ca38d.jpg,قارب ابيض يبحر بالقرب من خلفيه مدينه كبيره,قاربين ابيضين يبحران في الماء مع خلفيه لمدينه سياتل.,قوارب تبحر في الماء امام افق مدينه.,السفينه البيضاء تبحر في مياه هادءه مع افق المدينه.
2113530024_5bc6a90e42.jpg,يحاول حارس المرمي التقاط كره خلال لعبه كره القدم,مجموعه من لاعبي كره القدم يتنافسون علي الكره بالقرب من المرمي، حيث يحاول حارس المرمي الامساك بالكره في الهواء.,حارس مرمي يقفز لانقاذ الكره عند المرمي خلال مباراه كره قدم.,حارس المرمي يمسك الكره وسط تدافع اللاعبين.
2114126343_a0f74ff63b.jpg,مجموعه من السباحين يمسكون بحبل علي الشاطء,مجموعه من السباحين يتدربون علي سحب حبل في حوض سباحه يطل علي البحر.,مجموعه من السباحين الصغار يمسكون بحبل علي حافه مسبح بحري ويطلون علي المحيط.,صوره لست فتيات يمسكن بحبل في البحر.
2114355355_9d7e2d8178.jpg,كلب بني يجلس في مقدمه الزورق,تستلقي كلبه لابرادور بنيه اللون بشكل مريح علي بطانيه مزخرفه في قارب كانو علي سطح ماء هادء وضبابي.,كلب مستلق بهدوء في زورق يطفو علي الماء في يوم ضبابي.,كلب جالس في مقدمه قارب علي شكل زورق في بحيره ضبابيه.
2114739371_83aa8bdb0e.jpg,الكلب البني والاسود يقفز من العشب,كلبا من سلاله الراعي الالماني وهو يجري علي العشب الاخضر.,كلب راعي الماني يقفز في الهواء فوق العشب الاخضر.,كلب الراعي الالماني يجري في الحديقه.
2115620856_4fa5025ac6.jpg,السياره تقود باتجاه الجبل الاخضر,تظهر الصوره شارعا رءيسيا في بلده جبليه خلابه، محاطا بمباني تاريخيه وجبال خضراء مورقه تحت سماء زرقاء صافيه.,شارعا رءيسيا في بلده جبليه ذات مبان ملونه، مع جبال خضراء مهيبه في الخلفيه.,تصور الصوره طريقا رءيسيا في بلده جبليه، حيث يظهر جبل كبير في الخلفيه، ويمتد الطريق مع محلات تجاريه علي الجانبين، والسماء زرقاء مع سحب بيضاء.
2115631346_9585a479b0.jpg,هناك كلبان بنيان يمران عبر الثلج,تظهر الصوره كلبين بنيين يركضان في حقل مغطي بالثلوج، مع وجود اشجار في الخلفيه.,كلبان يركضان في حقل ثلجي.,كلبان يركضان في ساحه مليءه بالثلج.
2115849046_2aa9fa8d13.jpg,كلب بني يركض علي الشاطء مع قارب في الخلفيه,كلب بني اللون يركض بحماس علي العشب الاخضر مع وجود عباره في الخلفيه عبر الماء.,كلب يركض علي العشب بينما سفينه تبحر في النهر.,الكلاب تحب الجري في الحقول الخضراء امام البحيره.
2116316160_d5fa7abdc3.jpg,كلب اشقر ذو اذان مرنه يمتد باتجاه الكاميرا,تظهر الصوره كلبا ذهبيا يركض في حقل عشبي في ضوء الشمس الدافء.,كلب جولدن ريتريفر يركض بحيويه عبر حقل عشبي.,كلب جولدن يركض في الحقول.
2116444946_1f5d1fe5d1.jpg,فتاه تقف في الهواء الطلق مع شعرها ينفخ في كل مكان,امراه شابه تبتسم بسعاده مع شعرها المتطاير بفعل الريح، وخلفيه طبيعيه ضبابيه.,فتاه تضحك بسعاده وشعرها يتطاير في الهواء.,الفتاه تضحك وتهز شعرها الطويل في مهب الريح.
2119302248_72493d458c.jpg,امراه ترتدي غطاء الراس المصري القديم,امراه ترتدي زيا مصريا قديما، بما في ذلك غطاء راس مزين بعلامه الفراعنه ونظارات، وتبدو متفكره او قلقه.,امراه ترتدي زيا مصريا قديما وتنظر بجديه.,صوره لفتاه ترتدي زيا قديما و تحمل كتابا.
2119660490_ce0d4d1f73.jpg,يرقد كلب بني علي ظهره علي سجاده بيضاء عليها كره خضراء,كلب بني اللون مستلق علي ظهره علي سجاده، ويبدو مستمتعا او يتلقي تدليكا، مع وجود العاب بجانبه.,كلب بني مستلق علي ظهره علي بساط فاتح اللون وبجانبه العابه.,كلب مستلق علي ظهره ويرفع ارجله في الهواء، ويبدو انه يمر وقتا ممتعا مع العابه.
211981411_e88b8043c2.jpg,سياره يقود من خلال بركه طينيه عميقه عده اقدام,تظهر الصوره سياره جيب رماديه اللون وهي تعبر بركه مياه موحله في بيءه طبيعيه غابيه.,جيب تندفع في الوحل محدثه رشاشا حولها في طريق وعر.,سياره جيب تسير في طريق غير ممهده.
2120383553_5825333a3f.jpg,فتاه تستخرج قميصا مبللا,طفله صغيره تبتسم وهي تلعب بلعبه حمراء اللون.,طفله تضحك بسعاده وهي تعصر قطعه قماش برتقاليه.,صوره لطفله صغيره تقوم بالغسيل.
2120411340_104eb610b1.jpg,كلب وبقره علي منحدر صخري,كلبا ابيض اللون يواجه بقره بنيه اللون في منظر طبيعي جبلي اخضر.,كلب ابيض وبقره بنيه علي منحدر جبلي عشبي.,كلب ابيض يتفاعل مع بقره بنيه في منطقه جبليه.
2120571547_05cd56de85.jpg,امراه سوداء جالسه علي متن قطار,اليك وصف للصوره تظهر الصوره شخصين يجلسان علي مقاعد في قطار مترو الانفاق ، مع وجود ملصق علي الحاءط يطلب من الركاب السماح لاغلاق الابواب.,تظهر الصوره امراتين تجلسان في قطار انفاق، احداهما تضع قدميها علي المقعد المقابل.,صوره لامراه ناءمه علي كرسي في مترو الانفاق.
2121140070_a09644550b.jpg,مجموعه من الناس يلعبون بحلقه حمراء كبيره,تظهر الصوره مجموعه من الشباب يلعبون بالقرص الطاءر في حقل عشبي في يوم غاءم.,مجموعه من الفتيان يلعبون لعبه حماسيه بحلقه ورديه في مرج اخضر.,صوره لعدد من الاولاد يلعبون في ساحه خضراء.
2121357310_f8235311da.jpg,صبي في ملابس السباحه ينزلق علي امتداد قطعه من البلاستيك المبلل,شاب ينزلق علي سطح ماءي، بينما يركض صبي في الخلفيه.,شاب وهو يستمتع بالانزلاق علي زحليقه ماءيه في الهواء الطلق، مع تطاير قطرات الماء حوله.,صوره لشابين يلهوان علي ارضيه بلاستيكيه كبيره في الخارج.
2123932281_1a4fd38455.jpg,فتاه صغيره تحمل صفيحتها,طفله صغيره ذات شعر مبلل تحمل طبقا من الحلوي، ويبدو عليها الاستمتاع بوجبتها.,طفله بشعر مبلل تتناول الكعكه والفراوله علي طاوله خشبيه.,طفله صغيره تجلس علي طاوله وتاكل قطعه كيك.
2124040721_bffc0a091a.jpg,رجل عجوز يرتدي قبعه حمراء ومعطف اسود,شخصا من الخلف يرتدي قبعه حمراء وجاكيتا داكنا، ويبدو انه يقف في الخارج في ظروف جويه بارده او ممطره.,شخصا من الخلف يرتدي قبعه حمراء زاهيه فوق شعر ابيض، ومعطفا داكنا، مع خلفيه ضبابيه تتخللها نقاط ضوء صغيره.,رجل مسن يرتدي قبعه حمراء من الخلف.
2125216241_5b265a2fbc.jpg,ركوب المراكب الشراعيه الازرق والابيض بواسطه المرفا,تظهر الصوره يختا كبيرا مرسوا في الميناء في سياتل، واشنطن، مع وجود ثلاثه اشخاص يقفون علي الرصيف بجانبه.,"يختا شراعيا باسم ""سياتل، واشنطن"" راسيا بجانب رصيف، ويقف ثلاثه اشخاص بالقرب منه.",السفينه راسيه في المرسي.
2125454445_5c5c4bf906.jpg,يحمل كلب ابيض واسود في معطف منقوش عصا طويله جدا,كلب صغير يرتدي ستره منقوشه يقف علي جذع شجره، وينظر الي الكاميرا.,كلب يرتدي معطفا منقوشا ويحمل غصنا في فمه.,كلب بوسطن ترير يعض عصا في الخارج.
2125626631_a4b63af97e.jpg,كلب يصطاد الصحن الطاءر,كلب صغير الحجم يقفز في الهواء بحماس للامساك بقرص طاءر، مع خلفيه من العشب الاخضر.,كلب يقفز في الهواء ممسكا بفريسبي اخضر بفمه.,كلب يمسك بقرص طاءر في فمه.
2126950128_74a4882658.jpg,امراه في الرمادي تدخن سيجاره,تظهر امراه ذات شعر احمر قصير وهي تدخن سيجاره، وترتدي ستره رماديه و جينز، وتحمل حقيبه سوداء، وتقف امام خلفيه داكنه.,امراه تدخن سيجاره وتنظر مباشره الي الكاميرا.,امراه تدخن سجاره امام حاءط.
2127031632_77505e4218.jpg,طفل يرتدي ستره حمراء يجلس علي قرص احمر في الثلج,طفلا يرتدي خوذه ونظارات واقيه وهو ينزلق علي زلاجه حمراء علي تل مغطي بالثلوج.,طفل سعيد يتزحلق بزلاجه حمراء اسفل منحدر ثلجي.,ولد يركب لوح تزلج علي الجليد.
2127207912_9298824e66.jpg,ثلاثه اشخاص يشقون طريقهم عبر التضاريس الصخريه,تظهر الصوره ثلاثه اشخاص يتسلقون ممرا ضيقا بين صخور حمراء في منطقه صحراويه، ويبدو انهم يستمتعون بمغامره في الهواء الطلق.,اشخاص يتسلقون ممرا صخريا ضيقا في واد.,صوره لثلاثه اشخاص يتسلقون بين صخور ضخمه.
2127209046_94711c747b.jpg,مجموعه تسير بين صخور عملاقه,تظهر الصوره مجموعه من المتنزهين وهم يعبرون مجري ماءي ضحل في واد صخري احمر اللون.,يصعد متنزهون ممرا صخريا احمر اللون، وتظهر في المقدمه بركه مياه تعكس السماء والصخور المحيطه.,صوره لعده اشخاص يتسلقون الجبل في منطقه صخريه.
2128119486_4407061c40.jpg,ياكل الطفل الطعام,الصوره لطفل صغير ذو وجه ملطخ ببقايا طعام احمر اللون، ويبدو انه يستمتع بوجبته.,طفل صغير ينظر الي الكاميرا وفمه ملطخ ببقايا طعام احمر.,صوره لطفل رضيع يبدو عليه علامات اكل التوت او الفاكهه ذات اللون الاحمر، حيث تظهر بقايا الطعام علي وجهه وملابسه.
2129430111_338a94f8fb.jpg,مسافر في قبعه حمراء يسير علي طول مسار الجبل,تظهر الصوره شخصا يحمل حقيبه ظهر كبيره وهو يسير في منطقه جبليه صخريه مع وجود جبل مغطي بالثلوج في الخلفيه.,رحاله تسير علي طريق جبلي صخري امام جبال شامخه مغطاه بالثلوج.,صوره لرجل يمشي في منطقه جبليه، وهو يرتدي حقيبه ظهر كبيره، وبدون ان يرفع راسه.
2130203183_49bae96b96.jpg,كلب بني يجلس لوحده امام ثلج,كلب بني اللون يجلس في الثلج امام جدار ضخم من الثلج في يوم عاصف.,كلب بني يجلس في مشهد شتوي غارق بالثلج، مع جرف ثلجي ضخم في الخلفيه.,كلب جالس علي الثلج في فصل الشتاء.
2130851544_d36f4f2ea6.jpg,صبي يحمل جليد,صبيا يرتدي ملابس دافءه وهو يفحص قطعه جليد كبيره في يده، ربما في يوم شتوي بارد.,طفل يرتدي ملابس شتويه يمسك بقطعه جليد في يوم شتوي.,صبي يمسك قطعه من الجليد في يديه.
2130986011_47cb05c8c9.jpg,طفل علي زلاجه بلاستيكيه,طفلا سعيدا يرتدي خوذه ونظارات واقيه وملابس دافءه، وهو يستمتع بالتزلج علي الزلاجه في الثلج.,طفل سعيد يلهو في الثلج علي زلاجه زرقاء.,طفل يضحك وهو جالس علي مزلقه زرقاء في الثلج.
2131762850_5293a288d9.jpg,صبي في ستره برتقاليه يبدو غير سعيد,طفلا يرتدي خوذه تزلج وستره برتقاليه، ويبدو عليه التذمر او عدم الرضا.,طفل يرتدي خوذه تزلج ومعطفا برتقاليا وهو يغمز ويبدو عابسا في الثلج.,صوره لطفل يرتدي خوذه و معطف شتوي برتقالي اللون.
213216174_0632af65a2.jpg,صبي يغوص في بركه بالقرب من منزلق ماءي,صبي يقفز من زلاقه ماءيه زرقاء فوق مسبح، بينما يراقب صبي اخر من الاسفل.,صبي يقفز في الهواء فوق مسبح، بجانبه زلاقه ماءيه صفراء.,ولد يغوص في حمام سباحه.
2133650765_fc6e5f295e.jpg,صبي يقفز الي بركه عامه غير مزدحمه,"طفلا يقفز في حمام سباحه، مع وجود علامه ""لا غوص"" علي حافه الحوض.",يقفز صبي في حوض السباحه في يوم صيفي مشمس.,ولد يغوص في حمام سباحه بينما توجد لافته ممنوع الغوص.
2135360514_7dcb9ed796.jpg,طفل يحمل صوره اثناء وضعه علي اريكه بنيه اللون,طفلا صغيرا يرتدي قبعه سانتا كلوز وملابس حمراء، ويبدو مندهشا او متفاجءا وهو مستلق علي اريكه بنيه اللون.,رضيع لطيف يرتدي قبعه بابا نويل وزيا احمر، وهو مستلق علي اريكه وينظر بفضول.,طفل رضيع يرتدي ملابس عيد الميلاد ويضع علي راسه قبعه بابا نويل.
2135502491_a15c6b5eae.jpg,سان بيرنارد جميل بني وابيض يركض في الثلج,كلب سانت برنارد كبير الحجم يركض بسعاده في الثلج في مشهد طبيعي شتوي.,كلب كبير يركض في الثلج وسط الاشجار.,كلب من فصيله سانت برنارد يمشي في منطقه مغطاه بالثلج.
2136455112_202c093ba4.jpg,رجل يساعد طفله صغيره,يساعد رجل طفلا صغيرا علي التزلج علي الجليد، حيث يمسك بيده ويدعمه اثناء تعلم التزلج.,بالغ يساعد طفلا علي التزلج علي الجليد.,صوره لامراه تساعد طفلا علي التزلج.
2136514643_93d8f75a77.jpg,فتاه علي الهاتف تقف امام نباتات جميله تمر بجانبها فتاه مبتسمه اخري,فتاتين اسيويتين، احداهما تبتسم وتنظر الي الامام بينما تحمل حقيبه، والاخري تتحدث في الهاتف.,تظهر الصوره فتاتين شابتين في الخارج، احداهما تبتسم بسعاده والاخري تتحدث في الهاتف.,صوره لفتاتين، احداهما تتحدث في هاتفها.
2136992638_098d62a3c5.jpg,كلب بني يعض كلبا اسود علي رصيف,اليك وصف للصوره تتفاعل كلبان ، احدهما بني داكن والاخر اسود وابيض ، في ساحه خارجيه.,كلبان يتفاعلان بمرح، احدهما يعض الاخر بلطف.,تعبر الصوره عن كلبين، احدهما اسود والاخر بني، وهما يتفاعلان مع بعضهما البعض في فناء خارجي. يبدو الكلب البني وهو يلعق او يقبل الكلب الاسود، الذي يظهر بمظهر مستمتع او متفاعل. يمكن رءيه ارضيه من البلاط والبعض من العشب في الخلفيه. يبدو المشهد كانه لحظه من اللعب او التعبير عن الود بين الكلبين.
2137071442_1c9658c81a.jpg,صبي يقف امام شجره عيد الميلاد,طفلا صغيرا يحمل سيفا ضوءيا ويقف بجوار شجره عيد الميلاد وسط فوضي هدايا مفتوحه ومدفاه مشتعله.,طفل متحمس يحمل سيفا ضوءيا في صباح عيد الميلاد، محاطا بالهدايا المفتوحه وشجره الكريسماس.,ولد يمسك سيفا مضيءا بجانب شجره عيد الميلاد.
2137789511_69a6c6afa8.jpg,رجل يركب دراجه تحت سماء زرقاء وبيضاء,رجل يركب دراجه علي الشاطء، مع خلفيه من البحر والسماء الملبده بالغيوم.,شخص يركب دراجه هواءيه علي الشاطء تحت سماء مليءه بخطوط الطاءرات.,رجل يركب دراجه علي الشاطء.
2138487671_5b89104043.jpg,صبي صغير يقفز في بحيره,شابا يقفز في بحيره من منصه خشبيه، مع انعكاس الاشجار والسماء علي سطح الماء.,صبي يقفز في الهواء فوق بحيره.,ولد يغوص في الماء.
2140182410_8e2a06fbda.jpg,صبي يلبس ملابس شتويه سوداء يجلس علي زلاجه بالقرب من ركام من الثلج,طفلا يستمتع بالتزلج علي الانابيب في الثلج، ويبدو سعيدا ومتحمسا.,صبي صغير يستمتع بالتزحلق علي انبوب ثلجي وسط اكوام الثلج الضخمه.,ولد يلهو في انبوب مطاطي وسط الثلوج.
2140305708_591d10b54d.jpg,فتاه في ثوب السباحه الازرق تمشي علي الشاطء,فتاه صغيره ترتدي ملابس سباحه زرقاء اللون مع نظارات سباحه علي راسها، وتقف علي شاطء البحر.,تظهر الصوره طفله ترتدي لباس سباحه ونظارات سباحه علي شاطء البحر.,صوره لطفله علي الشاطء، ترتدي ملابس السباحه.
2140747429_62cfd89ae9.jpg,طفل في الثلج مع منزل في الخلفيه,طفلا يبتسم وهو يرمي كره ثلجيه في يوم مشمس ومثلج.,طفل سعيد يلعب بالثلج، وتتناثر رقاءقه حوله.,ولد يلعب بالثلج.
2141065212_463a6997e1.jpg,رجل يرتدي قبعه سوداء ومعطف يجعلون وجهه جمبل,ريتشارد تشيلدريس، مالك فريق سباقات ، وهو يرتدي قبعه وستره عليها شعارات الرعاه.,رجل مسن يرتدي ستره وقبعه ناسكار سوداء، عليها الرقم وشعارات الرعاه.,صوره لرجل مسن يرتدي ستره سوداء عليها العديد من الشعارات.
2141713971_e25eb12712.jpg,امراه وفتاه يركبان مزلجه لاسفل تله واقفه,تظهر الصوره شخصين يرتديان ملابس شتويه ويستخدمان الزلاجات الثلجيه في غابه مغطاه بالثلوج، بينما يركض كلب بجانبهما.,اطفال وكلب يلهون بسعاده في الثلج.,صوره لطفلين يلهوان في الثلج بينما يجر احدهما كلبا.
2142232919_c857a09dd7.jpg,كلب اسود مع لعبه برتقاليه في فمه يسير في اوراق الخريف,كلب اسود يجري نحو الكاميرا وهو يحمل كره برتقاليه في فمه، محاطا باوراق الخريف المتساقطه.,كلب اسود يحمل كره برتقاليه بين اوراق الخريف المتساقطه.,كلب اسود يجري في اوراق الشجر الجافه وهو يحمل كره برتقاليه.
2144049642_070cf541b4.jpg,فتاه صغيره تلون صور كتاب التلوين,فتاه صغيره تركز علي تلوين رسمه ملونه باقلام التلوين علي طاوله.,تظهر الصوره طفله صغيره منهمكه في تلوين رسوماتها في كتاب تلوين.,تظهر الصوره فتاه صغيره تركز علي تلوين رسمه في كتاب تلوين، بينما تحمل قلم تلوين اسود في يدها اليمني.
2144050118_3e7d2e05b1.jpg,طفله صغيره لديها قلم يبرز من انفها,طفله صغيره ذات شعر اشقر وعينين واسعتين، مع قلم اسود عالق في انفها، وتبدو مندهشه او قلقه.,طفله بعينين واسعتين توازن قلما بين انفها وفمها.,طفله تضع قلم علي انفها.
2144846312_d4c738dc6c.jpg,طفل مع الطعام يغطي جميع انحاء فمه,طفلا صغيرا مغطي بصلصه طماطم حول فمه، ويبدو عليه الاستغراب او المفاجاه.,رضيع لطيف ملطخ فمه بالطعام البرتقالي.,رضيع ياكل طعاما عليه صلصه طماطم، وملطخ باثار هذا الطعام.
214501174_6db1f4d69c.jpg,كلب يقفز في الجو فوق العشب,كلب ذهبي اللون يقفز في الهواء في محاوله للامساك بكره صفراء فوق حقل عشبي اخضر.,كلب بني يقفز في الهواء ليلتقط كره فوق عشب اخضر.,كلب يقفز في الهواء.
214543992_ce6c0d9f9b.jpg,يلعب كلب ابيض واسود مع كره علي العشب,كلب اسود وابيض مرقط يقفز عاليا في الهواء لمحاوله الامساك بكره صفراء امام سياج ابيض مزين بالزهور.,كلب اسود وابيض يقفز في حديقه عشبيه لالتقاط كره.,كلب اسود وابيض يقفز بفارغ الصبر ليلتقط الكره.
2147199188_d2d70b88ec.jpg,رجل يحمل صبيا راسا علي عقب فوق بركه,اب يحمل ابنه الصغير وهو يقلبه في الهواء بالقرب من جدول ماءي في حديقه خريفيه.,اب يمسك ابنه مقلوبا راسا علي عقب فوق مجري ماءي صغير.,رجل يحمل طفلا بين ذراعيه في الخارج.
2148013097_6a4f495bc5.jpg,ثلاثه اولاد صغار ينظرون من خلال نافذه,تظهر الصوره ثلاثه اطفال يبتسمون ويضعون وجوههم وايديهم علي نافذه قديمه مقسمه الي مربعات.,طفلان وشخص بالغ يبتسمون ويلوحون بفرح من خلف نافذه.,ثلاثه اطفال يقفون خلف نافذه، ويبدو انهم سعداء وممتعون بانفسهم.
2148695079_9ae6a9b1c7.jpg,كلبان ابيضان يسيران في الثلج الابيض العميق,تظهر الصوره كلبان ابيض اللون يركضان في حقل ثلجي واسع، مع خلفيه من الجبال المغطاه بالثلوج.,كلبان ابيضان يلعبان في الثلج.,كلبان يلعبان في منطقه جبليه مغطاه بالثلج.
2148916767_644ea6a7fa.jpg,كلب ابيض واسود يلعبان في الثلج معا,كلب لولبي ابيض اللون مع بقع سوداء يركض في مسار ثلجي في غابه شتويه.,كلب فاتح اللون يحمل كلبا اسود علي ظهره في مسار ثلجي.,كلب يركض في طريق به ثلوج.
2148991939_3b9fd6c439.jpg,كلب اسود يقفز في الماء,كلب اسود يقفز من رصيف خشبي الي الماء، ويبدو انه يستمتع بالقفز.,كلب اسود يقفز في الماء من رصيف خشبي.,كلب اسود يقفز في الماء من علي رصيف خشبي.
2149968397_a7411729d1.jpg,طفل يخوض الماء باتجاه الشاطء,طفلا يركض في مياه البحر علي شاطء مزدحم، مع وجود اشخاص اخرين يستمتعون بالسباحه في الخلفيه وجبال خضراء في الافق.,صبي صغير يقف في مياه البحر علي شاطء مزدحم بالناس.,صوره لطفل يركض في البحر.
2149982207_5345633bbf.jpg,صبي يرتدي ستره نجاه سوداء وزرقاء علي قارب اخضر خشبي ينظر الي المياه,طفلا يرتدي ستره نجاه وينظر الي البحر من علي متن قارب.,طفل يطل من قارب علي البحر، وتتناثر امامه رذاذات الماء.,صوره لطفل ينظر الي البحر.
2150564996_d173a506d7.jpg,طفل في قميص ابيض يقف في حقل من العشب,طفلا صغيرا يركض بفرح في حقل اخضر واسع، مع خلفيه من الاشجار الخضراء والسماء الزرقاء.,طفل صغير يركض بفرح علي منحدر عشبي.,صبي يجري في حقل.
2151056407_c9c09b0a02.jpg,كلب ابيض صغير يتفقد خروفين,جرو ابيض اللون يقف علي العشب ويشم انف خروف من خلال سياج معدني.,جرو ابيض يتشمم خروفا عبر سياج.,كلب بجواره خروف.
2151300603_248a9fe715.jpg,يتم عرض رسم بياني لليد علي حاءط ، تدرسه امراه,اليك وصف للصوره تظهر الصوره يدا مرسومه مع تسميات باللغه اليابانيه تشير الي خطوط مختلفه في راحه اليد ، مع وجود شخص يجلس في الخلفيه.,تعرض خريطه كف لتحديد الطالع بوضوح علي اليمين، بينما تجلس امراه عند طاوله في محل تنجيم ذي خلفيه ضبابيه علي اليسار.,رسما بيانيا لخطوط اليد مع كتابه باللغه الصينيه، وفي الخلفيه شخص جالس علي طاوله يبدو انه ينتظر قراءه الكف.
215214751_e913b6ff09.jpg,صوره ظليه لرجلين في قارب علي بحيره ضبابيه,قاربا صغيرا به شخصان يبتعدان في بحيره ضبابيه، مع غابه خضراء في الخلفيه.,قارب يضم شخصين يطفو علي بحيره يلفها ضباب ذهبي في الصباح الباكر.,السفن في بحر يتصاعد منه ضباب.
2156131463_5b53636cf0.jpg,رجلان يراقبان الاخرين علي شاطء,موجز للصوره: تظهر الصوره مجموعه من الاشخاص علي الشاطء في يوم مشمس، مع وجود منظر طبيعي خلاب للبحر والجبال في الخلفيه.,اشخاص يستمتعون علي شاطء البحر، مع مظله وجبال في الخلفيه.,صوره لشاطء في دوله ما، فيه اشخاص يمارسون السباحه واخرون يتجمعون.
2156726763_034ecd2e39.jpg,فتاه في ستره وردي وقبعه حمراء تمشي قرب العشب,طفله صغيره ترتدي ملابس دافءه (معطف وردي وقبعه حمراء وبنطلون ارجواني) وهي تمشي علي طريق ترابي في الغابه.,طفله ترتدي ملابس شتويه دافءه تسير في مسار ترابي.,صوره لطفله صغيره ترتدي ملابس الشتاء وتمشي علي طريق غير معبد.
2157003092_eaeb977789.jpg,كلب اسود يحاول الركض مع ساقيه مدفونه في الثلج,كلب روتويلر يندفع بحماس عبر الثلج العميق، ويبدو سعيدا ومتحمسا للعب في الشتاء.,كلب سعيد يلعب في الثلج العميق.,كلب كبير اسود يمر من خلال الثلج.
2157173498_2eea42ee38.jpg,رجل يتزحلق علي الجليد ويقفز من تل ثلج,شخصا يمارس رياضه التزلج علي الجليد في الهواء، مع تناثر الثلج حوله، وخلفيه من الاشجار والسماء عند الغسق.,متزلج علي الجليد يقفز في الهواء، مثيرا رذاذ الثلج، علي خلفيه سماء الشفق البرتقاليه.,صوره لشاب يمارس رياضه التزحلق علي الجليد.
2158247955_484f0a1f11.jpg,الكلاب الثلاثه تركض علي مسار ثلجي,تتجه ثلاثه كلاب سعيده نحو الكاميرا في يوم مشمس ومثلج، وتستمتع بالركض في الثلج.,تظهر ثلاثه كلاب سعيده وهي تجري في الثلج علي طريق جبلي.,ثلاثه كلاب تجري علي طريق مغطي بالثلج.
2158267555_db1d94e468.jpg,يركب الطفل المهر بينما يقف الطفل الاكبر سنا والبالغين بجانبها,طفلا وفتاه يركبان حصانا صغيرا، بينما تقف امراه بجانبهما، وكلهم يرتدون خوذات، في حديقه او منطقه ترفيهيه.,فتاه تركب مهرا بينما تقف فتاه اخري وسيده بجانبها في الهواء الطلق.,الطفل يركب الحصان ويقف بجانبه شخصان بالغين.
215876547_fa584c5ec3.jpg,رجل يجلس في قارب علي الشاطء مع البحيره في الخلفيه,رجل جالس في قارب الكانوا الابيض علي ضفاف بحيره هادءه تحت سماء زرقاء مليءه بالغيوم.,شخص يجلس في زورق علي حافه بحيره تحت سماء زرقاء مرصعه بالغيوم البيضاء.,رجل يجلس في قارب علي ضفه بحيره.
2159447283_fab8c272b0.jpg,ترتدي فتاه صغيره ذات احمر الشعر بدله عنكبوت الرجل اثناء ركوب الخيل,طفله ترتدي زي سبايدرمان وهي تجلس علي حصان هزاز وتبتسم بحماس.,طفله متحمسه ترتدي زي سبايدرمان وتلعب علي حصان هزاز.,طفله ترتدي زي الرجل العنكبوت تركب حصان لعبه.
216172386_9ac5356dae.jpg,رجل يرتدي الزي الاحمر وخوذه يقف علي دراجته الناريه,راكب دراجه ناريه يقوم بمناوره صعبه علي قمه جبليه، مرتديا زيا احمر وخوذه بيضاء.,متسابق دراجات ناريه للتجارب يوازن دراجته علي صخره في منطقه جبليه.,رجل يركب دراجه ناريه علي حافه صخره في منظر طبيعي.
2161799386_27aa938421.jpg,طفل يستخدم الحمام,طفلا صغيرا جالسا علي المرحاض، يبدو غير سعيد او متوترا، مع وجود لعبه صغيره علي الارض امامه.,طفل يجلس علي المرحاض وقد انزل سرواله، ينظر مباشره الي الكاميرا.,طفل يجلس علي كرسي الحمام، يبدو عليه التعب او الانتظار.
2162469360_ff777edc95.jpg,عامل في قبعه زرقاء تبدو كرجل يعمل,رجلان يرتديان خوذات واقيه وسترات عاكسه يعملان علي سطح مبني.,عاملان يرتديان سترات امان وقبعه صلبه وهما يعملان علي سقف.,رجل يرتدي خوذه زرقاء وستره عاليه الوضوح يقف علي شيء رمادي بينما شخص اخر يرتدي ستره عاليه الوضوح يتسلل علي نفس الشيء.
2162564553_96de62c7e6.jpg,رجل يقف علي حافه الماء بالقرب من الصخور,رجلا يرتدي قبعه ورديه اللون، وشورت ازرق، وحذاء رياضي، وحقيبه ظهر، يقف علي شاطء صخري مع امواج تتكسر علي الشاطء وخلفيه من صخور وجبال خضراء.,شاب مبتسم يقف علي شاطء صخري بجوار البحر.,صوره لشاب علي شاطء بحر قرب جبل.
2164363131_6930455d45.jpg,كلب يقفز للعب لعبه علي الطريق,تظهر الصوره شخصا يرمي قرصا لكلب ابيض اللون يقفز في الهواء ليقبضه.,كلب ابيض يقفز عاليا ليصطاد صحنا طاءرا ورديا يمسكه شخص.,يقف كلب بفراء ابيض في الهواء ويعض طاءرته امام شخص يرفعها.
2165459064_5b81ff23eb.jpg,كلبان ابيضان يمران عبر العشب,تظهر الصوره كلبان ابيض اللون يركضان بسرعه في حقل اخضر، احدهما يحمل كره خضراء في فمه.,كلبان ابيضان يركضان بسرعه علي العشب الاخضر، احدهما يحمل كره.,كلبان من نوع وايت تيرير يركضان في حقل اخضر.
2165461920_1a4144eb2b.jpg,سباق الكلاب,اربعه كلاب صغيره ترتدي اقنعه تشبه السلال، وهي تركض او تقفز في حديقه او منطقه عشبيه.,كلاب بيضاء ترتدي كمامات تقفز بنشاط فوق حاجز برتقالي.,الكلاب الاربعه البيضاء ترتفع عن الارض وترتدي كل منهم كمامه.
2165677531_e1d5e086f7.jpg,يتم قياده السياره علي طريق بينما ينظر الناس علي جانبي الطريق,سياره سباق رالي زرقاء اللون وهي تنطلق علي طريق ترابي، مع وجود مجموعه من المتفرجين علي جانبي الطريق.,سياره رالي زرقاء تندفع علي طريق ترابي مثيره الغبار، بينما يتابعها المتفرجون.,سياره دفع رباعي زرقاء تتسابق علي طريق ترابي غير معبد مع وجود متفرجين علي جانب الطريق.
2167644298_100ca79f54.jpg,رجل يرتدي قبعه سوداء يقف امام جدار احمر,رجل يرتدي قبعه سوداء ونظارات، يبتسم للكاميرا، ويقف امام جدار احمر مزين بلوحات فنيه وكتابات.,رجل مبتسم يرتدي قبعه ونظارات امام جدار احمر مزين بلوحات فنيه ونصوص.,رجل يضحك في صوره شخصيه وهو يرتدي نظاره وبدله سوداء وعلاقات عنق وقبعه في استوديو فني.
2169067981_cc19268f23.jpg,صبي يميل علي كرسي بينما يسحبه صبي اخر بحبل,"يشارك صبي في لعبه ""الكرسي الموسيقي"" في قاعه مدرسيه، وهو يتجه نحو كرسي بينما يراقبه زميله.",ولدان يلعبان لعبه سحب حماسيه في قاعه مزينه.,طفل يتدرب علي القفز فوق كرسي.
2169951750_495820a215.jpg,كلب بني يركض علي الارض الثلجيه,كلب رمادي اللون يركض بسعاده في الثلج، ويبدو متحمسا ومستمتعا باللعب.,كلب بني مخطط يركض بحماس في الثلج الابيض.,كلب يركض في الثلج.
2170187328_65c2f11891.jpg,صبي يقوم بالقفز في بركه بينما تراقب الفتاه,صبي يقفز في حوض سباحه بينما تشاهده فتاه جالسه في الماء.,يقفز صبي في المسبح بينما تتواجد فتاه اخري في الماء.,ولد يغوص في حمام سباحه بينما فتاه تحمل طوق سباحه.
2170222061_e8bce4a32d.jpg,كلب عض ذيل بقره,يركض كلب صغير بجانب بقره، ويبدو انه يحاول اللحاق بذيلها او اللعب معها في حقل اخضر.,كلب يقفز بسرعه مذهله بجانب ذيل عجل، وشعره يتطاير من شده الاندفاع.,كلب يطارد بقره في سهل اخضر.
2171154778_8189169336.jpg,صبي يلعب بالدمي في غرفه نوم,طفلا صغيرا يستعد لاطلاق صاروخ لعبه في غرفه نوم.,ولد صغير يجثو علي السجاده ممسكا بصاروخ لعبه ازرق.,ولد يلعب في غرفه نومه.
2171576939_d1e72daab2.jpg,طفل في ملابس الشتاء يلعب في الخارج,طفلا صغيرا يرتدي ملابس شتويه دافءه، ويبدو سعيدا وهو يلعب في الخارج ربما في الثلج او الطقس البارد.,طفل يضحك بسعاده وهو يلعب في الثلج بملابس الشتاء.,صوره لطفل يلعب بالثلج بملابس شتويه.
2171891283_dedd9cf416.jpg,يلعب كلبان في منطقه عشبيه مع لعبه حمراء وزرقاء,تظهر الصوره كلبين من سلاله البوكسر يلعبان معا في حقل عشبي، ويبدو انهما يستمتعان بوقتيهما.,كلبان يلعبان في العشب الجاف، احدهما يحمل لعبه حمراء في فمه.,تعبر الصوره عن كلبين يلعبان في سهل اخضر مع اوراق جافه.
2172493537_128bc8b187.jpg,الاطفال الثلاثه يلعبون في نافوره,ثلاثه اطفال يستمتعون باللعب في نافوره ماءيه في يوم مشمس.,اطفال يستمتعون باللعب في نوافير الماء المتدفقه.,ثلاثه اطفال يلعبون في نافوره مياه.
2172526745_649f420569.jpg,صبي صغير وفتاه صغيره يلعبان معا في الماء,طفلين يلعبان بالماء في نافوره او بركه، حيث يقوم احدهما بسكب الماء علي راس الاخر باستخدام دلو.,طفل يسكب الماء علي طفله تلعب في نافوره.,طفل يسكب الماء علي طفله من سطل بينما هي تستحم علي حجر في مياه.
2173061319_1f267765dc.jpg,صبي ينزلق اسفل تل ثلجي في انبوب,طفلا سعيدا ينزلق علي تل ثلجي باستخدام انبوب ملون.,طفل مبتهج يتزلج علي انبوب في الثلج.,ولد يلهو في انبوب مطاطي علي الثلج.
2173312932_269f9786fc.jpg,كلب بني و كلاب بيضاء يحيطان بالكره,تظهر الصوره ثلاثه كلاب تركض بحماس في حديقه، حيث يطارد احدهم كره بينما يلاحقه الاخران.,كلاب تلعب وتجري بحيويه في حديقه للكلاب.,الكلاب الثلاثه تركض في ساحه لعب.
2173677067_9d0732bcc2.jpg,فتاه صغيره ترقص في حقل عشبي ، فتاه اخري في الخلفيه,تستمتع طفلتان صغيرتان باللعب في حديقه خضراء مورقه، حيث ترفع احداهما ذراعيها وتتوازن علي ساق واحده بينما تركض الاخري خلفها.,طفلتان تلعبان بسعاده حافيتين القدمين علي العشب الاخضر في الحديقه.,صوره لطفلتين تلعبان في الحديقه.
2174206711_11cb712a8d.jpg,اثنين من المصفقين الاسيويين يمسكان بكريات الفضه,اليك وصف للصوره تظهر الصوره فتاتين يابانيتين ترتديان زي التشجيع وتقومان باداء رقصه التشجيع مع رفع الهتافات.,تظهر شابتان بزي موحد تحملان كرات التشجيع اللامعه، احداهما مبتسمه.,صوره لفتاتين يرتدين زيا موحدا ويمسكن ببوم بومز اثناء الرقص.
217583047_5e93e1e119.jpg,رجل في قارب ابيض يجدف عبر الضباب,رجل يجلس في قارب صغير علي سطح الماء، محاطا بالضباب او الدخان، مع انعكاس القارب والضوء علي الماء.,رجل في قارب علي بحيره ضبابيه تضيءها اشعه الشمس الذهبيه.,رجل في قارب علي بحيره يصعد منها بخار الماء.
2176147758_9a8deba576.jpg,رجل يرتدي ستره حمراء يحمل دراجته للصوره,رجل يرتدي ستره حمراء وسروال قصير اسود بجانب دراجته في شارع حضري، مع وجود شاحنه طعام عليها رسومات كرتونيه في الخلفيه.,يقف رجل بجانب دراجته الهواءيه المزوده بمقطوره صغيره في شارع بالمدينه.,رجل يمسك دراجته ويقف علي الرصيف في احد الشوارع.
2176364472_31fcd37531.jpg,كلب بني علي قمه هيكل ثلاثي,كلب لابرادور بني اللون يقفز علي سطح ماءل، بينما يركض رجل خلفه.,كلب بني وهو يقفز من اعلي حاجز رشاقه، بينما يقف رجل في الخلفيه يراقبه.,كلب فوق حاجز يركض و شخص يمسك الحاجز.
2176874361_2b4149010b.jpg,يركض كلب اسود امام ثور بني وابيض كبير,تظهر الصوره كلبا استراليا صغيرا يركض نحو بقره كبيره تحاول عبور سياج خشبي.,كلب رعي رشيق يواجه بقره بحده اثناء العمل.,يركض كلب بجانب بقره في حلبه مغلقه.
2176980976_7054c99621.jpg,عده اشخاص علي قمه جبل ينظرون الي الارض,مجموعه من الناس يقفون علي حافه واد عميق في منظر طبيعي صحراوي، ربما لالتقاط الصور او الاستمتاع بالمنظر.,اشخاص يتاملون منظرا صحراويا شاسعا من حافه مرتفعه.,الصوره لعده اشخاص علي حافه جبل وهم ينظرون الي منظر طبيعي خلاب.
2178095150_436b035741.jpg,الكلاب المشاركه في السباق,مجموعه من كلاب السلوقي وهي تتسابق علي مضمار سباق في الليل.,تظهر كلاب سلوقيه تتسابق بسرعه علي مضمار رملي في الليل.,الكلاب تجري في مضمار سباق.
2178306830_6af49375b4.jpg,الشخص الذي يغوص في الماء الازرق واضح جدا,تظهر الصوره غواصا يرتدي بدله غوص زرقاء وسوداء ونظارات غوص، ويسبح في مياه زرقاء صافيه مع فقاعات هواء تصعد حوله.,غواص يسبح تحت الماء مرتديا معدات الغوص الكامله.,غوص تحت الماء.
217838128_1f0a84ddc1.jpg,رجل يجدف في قارب علي بحيره,رجل يجلس في قارب الكاياك في بحيره هادءه، محاطا باشجار خضراء وبعض زنابق الماء، مع انعكاسه في الماء.,رجل يجدف في قارب علي بحيره هادءه يلفها ضباب الصباح الخفيف، وتتزين سطحها بزنابق الماء وانعكاسه الواضح.,رجل يصطاد في قارب علي بحيره هادءه.
2180356743_b3a3c9a7f6.jpg,صبي يقف ويراقب مجموعه من الناس في ملعب لكره السله,طفلا يقف امام سياج معدني ويرفع يده، بينما يشاهد مجموعه من الاطفال يلعبون في ساحه المدرسه.,طفل يراقب الاولاد وهم يلعبون في فناء المدرسه، من خلف قضبان.,صوره لطفلين يلعبون كره القدم في ساحه المدرسه.
2180480870_dcaf5ac0df.jpg,كلب بني علي وشك القفز,كلب بني اللون يركض في حديقه خضراء مورقه، ويبدو انه ينبح او يصدر صوتا.,كلب يركض في حقل عشبي.,كلب يجري في الحديقه.
2180886307_5156460b2c.jpg,كلب يسبح في الماء,تظهر الصوره كلبا بنيا يسبح في الماء الازرق، مع تناثر قطرات الماء حوله.,كلب يسبح بحيويه ويحدث رشاشات ماء متناثره في الماء.,رجل يغوص في الماء.
2181117039_c4eea8036e.jpg,زوج من الاطفال يرتدون الزي الرسمي يركضون وراء قطيع من الحمام,مجموعه من الاطفال يركضون ويطاردون سربا من الحمام في ساحه مرصوفه بالحصي.,اطفال يركضون بفرح وسط اسراب الحمام المتطاير في ساحه مشمسه.,صوره لطفلين يركضان في ساحه بينما يطير الحمام من حولهما.
2181724497_dbb7fcb0a9.jpg,فتاه تاكل المعكرونه,طفله صغيره مغطاه بصلصه الطماطم، وهي ترفع يدها الملطخه بينما تاكل المعكرونه.,طفله صغيره تاكل المعكرونه بفوضي، ووجهها ويداها ملطختان بالصلصه.,طفله صغيره في مقعد طعام، ترتدي ملابس حمراء وقد تلطخت اثناء تناول الطعام.
2181846120_3744ca3942.jpg,يبدو ان كلبا بنيا يشغل جهاز كمبيوتر,كلب كوكر ذهبي اللون يجلس امام جهاز كمبيوتر محمول ويبدو منشغلا بتصفح الانترنت.,كلب يرتدي وشاحا احمر يضع كفيه علي لوحه مفاتيح جهاز كمبيوتر محمول مزود بكاميرا ويب.,كلب بجانب لابتوب.
2182050469_1edac0bc60.jpg,شخص يجلس في نهايه رصيف الميناء في البحيره,تجلس امراه ترتدي حقيبه ظهر علي نهايه رصيف خشبي يمتد الي بحيره هادءه محاطه بغابه خضراء كثيفه.,شخص يقرفص علي رصيف خشبي ممتد في بحيره هادءه، وخلفه جبال خضراء مورقه.,صوره لشاب يركب دراجته علي رصيف خشبي طويل يمتد في بحيره هادءه تحيط بها جبال خضراء.
2182488373_df73c7cc09.jpg,شارع في المدينه مع اثنين من السيدات التي لديها اكياس التسوق في ايديهم مع حشد وراءهم,موجز للصوره: تظهر الصوره مشهدا في شارع مزدحم في هوليوود، حيث يظهر العديد من الاشخاص في الخلفيه، بينما تبرز امراتان في المقدمه ترتديان سترات جلديه، احداهما تحمل مظله، بينما يتحدث رجل الي هاتف.,مشهد شارع حيوي يضم امراتين وشابا يءدي بالميكروفون.,الصوره لامراتين في وسط المدينه، تحمل كل واحده منهما شنطه.
2183227136_8bb657846b.jpg,طفل يلعب في رمال الشاطء اثناء غروب الشمس,طفلا يلعب علي شاطء البحر عند غروب الشمس، مع انعكاس الشمس الذهبي علي الماء والرمل.,طفلا يلعب علي شاطء يغمره ضوء الشمس الذهبي عند الغروب.,صوره لشاطء البحر وقت الغروب.
218342358_1755a9cce1.jpg,راكب يرتدي خوذه حمراء يقود علي الرصيف,امراه ترتدي خوذه حمراء وتقود دراجه علي طريق اسفلتي، مع وجود صخور في المقدمه.,راكبه دراجه بخوذه حمراء في لحظه سقوط علي الاسفلت.,الصوره لامراه تركب دراجه علي طريق.
2183967273_d182e18cf6.jpg,كلب في غرفه المعيشه يرقد علي حيوان محشو مع تلفزيون في الخلفيه,كلب صغير يقف علي لعبه علي شكل حيوان، وينظر الي التلفزيون الذي يعرض اخبارا عاجله.,كلب صغير يتفاعل مع العابه المحشوه بينما تعرض اخبار عاجله علي التلفزيون في الخلفيه.,كلب صغير ينظر الي التلفاز الذي يعرض اخبارا عاجله، وهو جالس علي دميه كبيره.
2185793891_5a5e903ca6.jpg,طفل يبكي في ذراعي المراه,تظهر الصوره طفله صغيره تبكي بشده بينما تحاول امراه تهدءتها، ويبدو ان كلاهما منزعج.,ام تحتضن طفلها يبكيان معا بحزن عميق.,صوره لامراه تحتضن رضيعا.
2186087673_c7a73da7ce.jpg,يضع الولد راسه في حضن الشخص الذي يجلس علي مكتب,طفلا صغيرا يختبء خلف شخص بالغ، ربما والديه، ويبتسم للكاميرا.,طفل صغير وهو يطل من تحت طاوله، وينظر مباشره الي الكاميرا، بجانب ساقي شخص بالغ.,صوره لطفل يختبء تحت الطاوله.
2186139563_e60c1d4b8b.jpg,كلب يطارد كره حمراء,كلب جاك راسل متحمسا وهو يركض في العشب الاخضر لالتقاط كره حمراء، مع وجود مبني احمر في الخلفيه.,كلب ابيض يقفز نحو كره حمراء بفم مفتوح فوق العشب الاخضر.,كلب يجري في الحديقه ويحاول الامساك بكره حمراء.
2186367337_0ce9ce2104.jpg,كلب اسود يركض عبر الطين الاسود,كلب عار يركض علي الشاطء، ويبدو سعيدا ومتحمسا، بينما يظهر شخص في الخلفيه.,كلب اصلع عضلي يركض بحماس علي ارض موحله، وفي الخلفيه شخص يرتدي سروالا اصفر.,كلب يجري علي الشاطء.
2187222896_c206d63396.jpg,صبي في قميص احمر ، امام جدار ازرق طويل ، يرفع حاجبه علي الكاميرا,صبيا صغيرا ينظر الي الخلف فوق كتفه، يقف بجوار جدار ازرق من الطوب، ويبدو انه يمشي علي الرصيف.,طفل يرتدي قميصا احمر ينظر مباشره الي الكاميرا امام جدار ازرق زاه من الطوب.,صوره لطفل اسمر يرتدي ستره حمراء يقف امام جدار ازرق.
2187503678_fd743e0a00.jpg,كلب يمر عبر الغابه بالقرب من كوخ,كوخا برتقاليا صغيرا في حديقه خضراء، مع وجود كلب ابيض يجري نحو الكاميرا وخلفيه من الاشجار.,كلب ابيض يركض في مرج اخضر امام كوخ برتقالي محاط بالاشجار.,بيت صغير في ساحه، ولكنه غير واضح المعالم، كذلك هناك كلب ابيض يركض في نفس الساحه.
2187720319_112d00f07d.jpg,كلب اسود يقفز فوق القش,كلب اسود اللون مع بقع بيضاء وهو يقفز برشاقه فوق مجموعه من بالات القش المستديره في حقل.,كلب اسود يقفز بين بالات القش في الهواء الطلق.,كلب اسود وابيض قادم من فوق كومه من التبن.
2187904131_96ea83b9b5.jpg,يسير المتزلج عبر الثلج بالقرب من الجبال,مجموعه من الاشخاص يتزلجون علي الثلج في حديقه شتويه جميله، مع جبال مغطاه بالثلوج في الخلفيه وسماء زرقاء صافيه.,متزلجين علي الثلج في يوم مشمس، وخلفهم جبال شاهقه مغطاه بالثلوج.,يمارس شخصان رياضه التزلج علي الثلج في ساحه مفتوحه امام مبني، وهم يتحركون في اتجاه المبني، بينما يتسلل ضوء الشمس من خلف الجبال.
2188192752_09d9fc5431.jpg,صبي يركض في سباق بينما يشاهد المتفرجون,طفلا يركض في سباق، بينما تشجعه عاءلته من علي جانب الطريق.,صبي يركض في سباق بينما تتجمع عاءلته لدعمه في الخلفيه.,صوره لطفل يجري في سباق ووراءه عده اشخاص.
2188688248_f57a28a5a7.jpg,لقطه من منتجع للتزلج بجوار احد الجبال,منظرا طبيعيا خلابا لمنطقه تزلج علي الثلج في يوم مشمس، مع جبال مغطاه بالثلوج في الخلفيه واشجار صنوبر كثيفه، وعدد من المتزلجين يستمتعون بالرياضه.,متزلجون ريفيون يستمتعون بالثلج والجبال في منتجع تزلج جبلي.,صوره لجبال مغطاه بالثلوج مع اشخاص يمارسون رياضه التزلج في ساحه مفتوحه.
2189181027_a445b13438.jpg,كلب اسود يركض علي طول الماء,يركض كلب اسود رشيق علي طول شاطء بينما يسبح بطان في الماء.,كلب يركض علي ضفه النهر بينما تسبح اوزتان في الماء.,كلب يجري علي الضفه واثنين من البط في الماء.
2189995738_352607a63b.jpg,اطفال يلعبون في الماء امام جسر خشبي,اطفالا يلعبون ويسبحون في نهر، مع وجود جسر خشبي مرتفع في الخلفيه.,اطفال يلهون في مياه النهر، مع ظهور جسر خشبي بسيط في الخلفيه.,صوره تظهر ثلاثه اشخاص في مياه ضحله، وهم يسبحون او يقفون في الماء. في الخلفيه، هناك جسر خشبي يمتد عبر المياه.
2190137367_746335f707.jpg,رجل يلعب مع كلب صغير,تظهر الصوره رجلا يلعب مع كلبه الصغير علي سجاده بيضاء في غرفه المعيشه.,رجل وكلبه يلعبان معا بلعبه.,صوره لشاب يلاعب كلبا صغيرا في غرفه جلوس.
2190227737_6e0bde2623.jpg,امراه تقف في حقل محاطه بثلاثه كلاب,"تظهر الصوره امراه تتفاعل مع اربعه كلاب من نوع ""وايمرانر"" في حقل عشبي اخضر مع تلال في الخلفيه تحت سماء زرقاء صافيه.",تتجمع اربعه كلاب حول فتاه في مرج اخضر مشمس.,صوره لامراه تقوم باطعام عدد من الكلاب في سهل مفتوح.
219070971_ae43410b9e.jpg,رجل يلبس احمر يدفع دراجه موتوكروس له علي صخره,راكب دراجه ناريه تجتاز صخورا في منطقه جبليه، بينما يقف زميله في الخلفيه لمراقبته.,راكب دراجه ناريه يتجاوز صخورا وعره بينما يراقبه راكب اخر.,الصوره لرجلين يركبان دراجه ناريه علي صخره كبيره في سهل.
2191329761_3effd856c5.jpg,سباق الكلاب,سباق كلاب السلوقي في الليل، حيث تتسابق الكلاب علي مسار ترابي بينما يظهر مبني السباق في الخلفيه.,كلاب سباق تجري بسرعه علي مضمار ترابي مضاء ليلا.,الكلاب تجري في مضمار سباق.
2191453879_11dfe2ba3a.jpg,صبي يركض في منطقه عشبيه في حديقه,طفلا صغيرا يركض في حقل عشبي، يرتدي قميصا عليه رسمه قراصنه وشورتا، ويبدو منشغلا او متحمسا.,طفل يركض علي العشب الاخضر في الهواء الطلق.,صوره لطفل يركض في ساحه خضراء.
2192026581_b782d1355a.jpg,حفنه من الناس يسبحون في الماء,مجموعه من الاطفال يستمتعون بالسباحه في نهر او بحيره، مع وجود تموجات في الماء واشعه الشمس التي تنعكس علي السطح.,اطفال يسبحون ويلعبون في الماء.,صوره تظهر اشخاصا يسبحون في الماء.
2192131110_8a40e7c028.jpg,سيده تتارجح وتبتسم,طفلا يستمتع بالتارجح علي ارجوحه في الهواء الطلق، ويبدو سعيدا ومتحمسا.,طفل مبتهج يتارجح عاليا علي ارجوحه ويضحك بملء فمه من شده الفرح.,صوره لطفل يلعب في الملاهي ويركب الاراجوز.
2192333873_2a0cbe849d.jpg,صبي يراقب شخصا اخر يسقط في الثلج,شخصان يتزلجان علي الثلج، ويبدو ان احدهما سقط بينما الاخر لا يزال علي الزلاجه.,طفلان يتزلجان علي الثلج، احدهما يسقط وتتطاير جزيءات الثلج من حوله.,رجل وطفل يلهوان في الجليد.
2192411521_9c7e488c5e.jpg,رجل ملتح يرتدي المنديل يشير باصبعه وهو يركب دراجه هواءيه,رجل يركب دراجه علي طريق، وهو يرفع اصبعه في اشاره ما، مع خلفيه صناعيه ضبابيه.,رجل ملتح يركب دراجه هواءيه ويرفع علامه السلام بيده امام خلفيه صناعيه.,رجل يركب دراجه علي الطريق ويشير بعلامه الرفض.
2192475933_d779bf42eb.jpg,صبي في ملابس البحر علي شاطء مزدحم,صبيا يرتدي بدله غوص علي الشاطء، مع وجود اشخاص اخرين يستمتعون بالبحر والشمس في الخلفيه.,طفل يرتدي بدله غطس يقف علي شاطء بحر مشمس ومزدحم بالناس.,ولد يرتدي بدله سباحه علي الشاطء.
2192802444_b14bb87b95.jpg,مجموعه من الاطفال اغلبهم عراه يلعبون علي جسر فوق بعض الماء,مجموعه من الاطفال يلعبون ويستمتعون علي جسر خشبي مرتجل فوق نهر، مع خلفيه من التلال الخضراء.,اطفالا يلعبون في وحول جسر خشبي ريفي فوق نهر، مع جبال شاهقه تتخلل المشهد في الخلفيه.,جسر خشبي مءقت في نهر يغتسل عنده اطفال.
219301553_d2fffe9e0c.jpg,مجموعه من الناس يعبرون النهر,مجموعه من الاشخاص يسيرون في نهر داخل واد ضيق محاط بمنحدرات صخريه مغطاه بالطحالب والنباتات، مع شلال يتدفق من الاعلي.,اشخاص يخوضون في الماء داخل مضيق صخري طبيعي يضم شلالا.,صوره لعدد من الاشخاص وهم يمشون في مياه متدفقه من شلال في كهف.
219301555_17883a51bd.jpg,امراه رطبه للغايه تسبح امام شلال,تتجول امراتان في مياه ضحله تحت شلال متدفق في بيءه طبيعيه خضراء مورقه.,امراه شابه تخوض الماء عند سفح شلال طبيعي كبير.,امراه تتجاوز مياه متدفقه امام شلال.
2193223202_4d908c0450.jpg,صبي ياخذ كره قدم من ولد اخر,يساعد صبيان زميلهما الذي سقط علي الارض اثناء لعب كره القدم في حديقه.,شابان يتنافسان علي كره قدم علي العشب.,صبي يمسك رجل شخص اخر الذي يرقد علي الارض.
2193980605_4221c6474d.jpg,مجموعه من الناس يقفزون في الهواء باذرعهم عاليه,تظهر الصوره مجموعه من خمسه اشخاص يقفزون في الهواء في منظر طبيعي ابيض واسع، ربما يكون ملحا، مع كره في المنتصف.,سته اشخاص يقفزون بمرح في سهل ابيض شاسع تحت سماء زرقاء صافيه.,سته اشخاص يقفزون في الهواء علي سطح ارضي ابيض جاف، مع وجود كره ذهبيه في الجو.
2194286203_5dc620006a.jpg,طفله وفتي صغير يلعبان في الرمال علي الشاطء,طفلين صغيرين يلعبان بالرمل علي الشاطء، ويبدو انهما يبنيان قلعه رمليه او يلعبان حولها.,طفلان يبنيان بالرمل علي الشاطء.,صبي وبنت يلعبان في الشاطء.
2194494220_bb2178832c.jpg,شخص يتزلج مع كلبه,تستمتع امراه بالتزلج علي الثلج مع كلبها البني الداكن في مشهد جبلي مغطي بالثلوج.,امراه وكلب يتزلجان علي الثلج في مشهد جبلي شتوي جميل.,صوره لامراه تركب التزحلق علي الجليد مع كلب.
2194495372_bdac7d9e71.jpg,اولاد وبالغين في لعبه كره القدم,اربعه اطفال يلعبون كره القدم علي ملعب عشبي، مع وجود حكم يراقب اللعب، وبعض المتفرجين يجلسون علي الجانب.,اطفال يلعبون كره القدم علي ملعب عشبي، ويقف معهم حكم المباراه.,صوره لعده لاعبين يلعبون كره القدم في ساحه خضراء.
2194797921_96af7a9467.jpg,امراه تتسلق شبكه كره طاءره علي شاطء بينما يشاهد اثنان اخران,تساعد مجموعه من الاشخاص امراه علي الصعود الي عمود شبكه كره الطاءره علي الشاطء.,شباب يقومون باعداد شبكه كره الطاءره علي الشاطء.,صوره لثلاثه اشخاص علي الشاطء، اثنان منهم يرفعان شبكه الكره الطاءره بينما الثالثه تراقب من الجانب.
2194806429_ca4c3770c1.jpg,فتاتان تركبان دراجه علي طول الطريق اثناء مشاهده المعالم السياحيه,فتاتين تركبان دراجه هواءيه مزدوجه امام جدار مرسوم عليه شخصيه تاريخيه، مع وجود ظلالهما علي الجدار.,فتاتان تركبان دراجه ترادفيه، وتلقي ظلالهما علي جدار مزين برسمه جداريه لمهرج.,امراتان تركبان دراجه هواءيه حمراء علي الطريق.
2195419145_36722e8d54.jpg,رجل اعمال وحارس امن يبتسمان ويتحدثان خارج مبني زجاجي,رجل يرتدي بدله و ضابط شرطه ايرلندي (غاردا) يقفان جنبا الي جنب ويبتسمان للكاميرا.,ضابط شرطه من ورجل يرتدي بدله معا في هذه الصوره.,صوره لرجلين، احدهما يرتدي بدله واخر يرتدي زي الشرطه.
2195620255_6693479734.jpg,اثنين من الكلاب البني يهربان علي الارض المتجمده في بيءه ريفيه,تظهر في الصوره كلبان من فصيله جولدن ريتريفر يركضان بحماس في حقل مفتوح مع وجود بقع من الثلج في الخلفيه.,كلبان يركضان في حقل عشبي تغطيه بقع من الثلج.,تعمل الصوره علي تصوير كلبين من فصيله المسترد الذهبي و هما يركضان في سهل ثلجي.
2195887578_3ba2f29b48.jpg,يقف رجلان يرتديان بدلات ، احدهما يرتدي ميداليه فضيه ، امام حافله زرقاء,اليك وصف للصوره يظهر في الصوره رجلان يرتديان ملابس رسميه يقفان امام حافله عليها شعار محطه اذاعيه محليه.,"يقف رجلان، احدهما يرتدي قلاده رسميه، امام حافله بث اذاعي تحمل شعار ""ذا ساوند اوف كيلدير"" ( ).","رجلان يقفان امام حافله عليها كلمات ""الصوت كيلدير""."
2196050115_e236d91f52.jpg,صبي يصوب القوس والسهم علي الهدف,طفلا يمارس الرمايه بقوس وسهم في حديقه او ساحه مفتوحه، مع وجود هدف مثبت علي بالات من القش.,طفل يرمي سهما نحو هدف للرمايه.,صوره لطفل يمارس رياضه الرمايه في ساحه مفتوحه.
2196107384_361d73a170.jpg,رجل يرتدي قبعه سوداء يمشي علي طول طريق بجوار مبني,رجل يمشي بمفرده علي ارضيه مرصوفه بالحصي امام مبني ذي واجهه حجريه ذات نوافذ مستطيله.,يسير رجل مسن امام واجهه مبني حجري، ملقيا ظلا طويلا في ضوء الشمس.,صوره لشاب يمشي وحيدا امام مبني قديم.
2196316998_3b2d63f01f.jpg,رجل يعزف علي مزمار القربه بينما يقوم اخر بفحص الاله,عازفي مزمار القربان (بايب) يرتدون الزي التقليدي، احدهما يعزف والاخر يرفع اله المزمار.,رجلان يرتديان ازياء تقليديه وهما يعزفان علي مزمار القربه في الهواء الطلق.,يركز الرجال في الصوره علي العزف علي الناي الموسيقي.
2196846255_2c1635359a.jpg,كلب يقف في الجزء الضحل من المحيط بينما تدور الامواج حوله,كلب بني اللون يقف في الماء المتموج، ويبدو سعيدا ومتحمسا اثناء اللعب في البحر تحت سماء غاءمه.,كلب بني ضخم يخوض الماء المتلاطم وتتناثر حوله قطرات الماء تحت سماء ملبده بالغيوم.,كلب يجري في البحر.
2197275664_fabcf3424b.jpg,طفل يركب سكوتر في الداخل,طفله صغيره سعيده وهي تقف علي سكوتر احمر اللون في الداخل.,فتاه صغيره مبتسمه تركب سكوتر احمر.,صوره لطفله صغيره تركب سكوترا في غرفه.
219730733_6a55382dd2.jpg,رجل يحمل يد طفل صغير في معرض,رجل يمسك بيد طفل صغير وهما يسيران في ساحه ملاهي مزدحمه، مع وجود العاب واشخاص في الخلفيه.,يسير رجل وطفله صغيره تمسك بيده بجانب العاب الملاهي والحشود في يوم مشمس.,صوره لشاب وطفل يمشيان امام حاجز معدني في سوق مفتوح.
219843859_94b6d0a580.jpg,رجل يتسلق منحدر,متسلق صخور يرتدي قميصا ابيض وسروالا قصيرا داكنا، وهو يتسلق جدارا صخريا بنيا مع وجود حبال وادوات تسلق مثبته عليه.,متسلق صخور وهو يصعد جدارا صخريا عموديا، مزودا بمعدات التسلق.,رجل يتسلق الجبل.
219843860_332e5ca7d4.jpg,متسلق يصل الي شرخ كبير في الصخره,متسلق صخور يرتدي معدات السلامه ويتسلق جدارا صخريا بنيا.,متسلق صخور يتسلق جدارا صخريا.,رجل يتسلق حجرا كبيرا وهو يرتدي ملابس رياضيه.
2198484810_50a893824a.jpg,كلب بني يمر من خلال مسار عقبات,كلب من فصيله الفيزارد ذو لون بني محمر وهو يقفز فوق حاجز في مسابقه للقفز بالكلاب.,كلب بني اللون يقفز فوق حاجز في الهواء الطلق، واذنيه ترفرفان.,كلب يجري فوق حاجز.
2198494923_8159551be4.jpg,فتاه تسقط في الثلج بينما تنظر اخري,فتاه صغيره تنزلق علي الثلج بفرح، بينما تظهر فتاه اخري في الخلفيه.,فتاه صغيره تنزلق بفرح في الثلج المتناثر من حولها.,صوره لطفله تسقط علي ظهرها في الثلج.
2198511848_311d8a8c2f.jpg,رجل يقفز من علي منحدر علي الجليد,متزلجا يقوم بحركه بهلوانيه في الهواء فوق تل ثلجي، مع خلفيه من الجبال المغطاه بالثلوج والسماء الزرقاء الصافيه.,متزلج علي الجليد يقفز في الهواء فوق منحدر ثلجي تحت سماء زرقاء صافيه.,يرتفع المتزلج علي الجليد عاليا في الهواء فوق كومه من الثلوج مع مشهد لتلال ثلجيه وسماء زرقاء في الخلفيه.
2198964806_c57b0534d3.jpg,كلب ابيض وبني يقفز ، مع عصا في فمه,كلب بوكسر بني اللون يركض باتجاه الكاميرا بفرح وهو يحمل عصا في فمه ويرتدي طوقا اخضر.,كلب مرح يقفز وعصا في فمه.,كلب يمسك عصا بفمه وهو قادم نحونا.
2199083344_3aa77f4879.jpg,تقف فتاه في ستره زرقاء امام حشد رتيب بينما يشاهدون شيءا ما,"تظهر الصوره فتاه مراهقه ترتدي ستره زرقاء وقميصا عليه شعار "" "" وهي تحمل زجاجه ماء، محاطه بمجموعه من المراهقين الاخرين.",فتاه شابه بملامح جاده تبرز بالوانها الزاهيه في مقدمه مجموعه من الشباب بالوان باهته.,صوره لفتاه مراهقه ترتدي ستره زرقاء وقميص ابيض تحمل زجاجه ماء في يدها.
2199200615_85e4c2a602.jpg,كلب يركض عبر العشب,كلب ابيض واسود يركض بسرعه علي العشب الاخضر، ويبدو سعيدا ومتحمسا.,كلب يركض مسرعا في حقل عشبي وفمه مفتوح.,كلب يركض في الحديقه.
2199250692_a16b0c2ae1.jpg,رجل يسحب شيء غريب علي العجلات,"رجل يرتدي قبعه ويمشي علي طول الرصيف وهو يدفع هيكلا كبيرا علي شكل حيوان بحري مزين بشبكات الصيد والاشياء البحريه الاخري امام متجر يسمي "" "".","شخص يدفع عربه فنيه غريبه مصنوعه من الشباك امام مبني ازرق فيروزي يحمل لافته "" "".",صوره لشاب يجذب دراجه ثلاثيه مصنوعه من اسلاك الصيد، امام شركه المحيط الازرق.
2199793371_343809ff70.jpg,كلب بني وابيض يلعب مع كره القدم علي ارض ثلجيه,كلب رمادي اللون من نوع بيت بول يجري في الثلج وهو يحمل كره قدم سوداء وبيضاء في فمه.,كلب يلعب بكره قدم في الثلج.,كلب بلدوزر يمسك كره قدم في فمه في ساحه مغطاه بالثلج.
2200901777_f6c168bd32.jpg,لقطه مقربه لفتاه مراهقه ترتدي حبات حمراء,الصوره تظهر امراه شابه ترتدي ستره رياضيه عليها شعار ، مع ابتسامه خفيفه وتصفيفه شعر علي شكل ذيل حصان.,"شابه بشعر اشقر مربوط علي شكل ذيل حصان، ترتدي سويتر رماديا عليه شعار """" وقلاده حمراء، بابتسامه خفيفه.",صوره لامراه شابه ترتدي ستره رياضيه.
2201192417_d934730fea.jpg,صبي يمر عبر العشب,طفلا صغيرا يرتدي زي كره قدم اخضر وابيض وهو يجري علي العشب.,طفل يرتدي زي كره قدم اخضر وابيض يجري في الملعب بقدم اصطناعيه.,صوره لطفل يركض في ملعب كره قدم مرتديا زي رياضي ابيض واخضر.
2201222219_8d656b0633.jpg,طفل صغير يجلس علي كرسي ملون مع قيثار في يديه وكتاب بجانبه,"طفلا صغيرا يجلس في كرسي كبير، يعزف علي غيتار، وبجواره كتاب بعنوان ""الخنازير الثلاثه"".",طفل صغير يجلس علي كرسي ملون ويعزف علي غيتار صغير، وبجانبه كتاب.,صبي صغير يلعب الغيتار في المنزل.
2201951969_0d7520d648.jpg,راكب امواج,امراه ترتدي بدله غوص واقفه علي لوح تزلج في الماء، وتبدو مستعده لركوب الامواج.,امراه ترتدي بدله غوص سوداء وتجلس علي ركبتيها علي لوح ركوب الامواج في البحر.,امراه في بدله سباحه سوداء تقف علي لوح تزلج في المياه.
2201978994_c444e64810.jpg,طفلين في الغابه بالقرب من بركه,تظهر الصوره طفلا يقف ويدير ظهره للكاميرا، بينما تقف فتاه اخري بالقرب من عربه حمراء، وكلاهما ينظران الي بحيره بها بط.,طفلان وعربه يدويه صغيره علي ضفه بركه ماء في يوم مشمس.,الصوره لشابين يرمون بالخطاف الطعام للبط في بحيره.
2203286182_b453e9d176.jpg,كلب اسود علي وشك التقاط القرص الطاءر,كلب اسود وابيض يركض بسرعه في حقل اخضر، وهو يحاول الامساك بقرص طاءر برتقالي.,كلب اسود يركض بسرعه علي العشب الاخضر مطاردا قرصا طاءرا برتقاليا.,كلب يجري في الحديقه ليلتقط الطبق الطاءر.
2203449950_e51d0f9065.jpg,فتاه في ثوب وردي زهري ، ترقص علي العشب,طفله صغيره ترتدي زي اميره وردي اللون وتدور في حديقه خضراء، ويبدو انها تستمتع بوقتها.,طفله صغيره ترتدي فستان اميره وردي تدور بسعاده علي العشب الاخضر.,صوره لطفله ترقص في الخارج.
2203615439_3c7cdc39dc.jpg,رجل يرتدي الدنيم يمشي في شارع مغطي بالثلج بجوار مبان من الطوب الاحمر,رجل يرتدي ستره جينز وبنطلون جينز يمشي علي طول رصيف مغطي بالثلج بجوار مبني من الطوب الاحمر به نوافذ وفتحات.,شخص يرتدي الجينز يمشي في زقاق ثلجي ضيق بجانب جدار من الطوب الاحمر.,رجل يمشي في زقاق ثلجي بجانب مبني من الطوب الاحمر.
2204277704_f1c8c741ed.jpg,يقفز صبي صغير من اريكه الي اخري,طفلا يقفز في الهواء بفرح في غرفه المعيشه.,طفل صغير يقفز في الهواء بحماس بابتسامه عريضه ومرحه.,ولد يقفز في غرفه المعيشه.
2204550058_2707d92338.jpg,تقف سيده وسط حشد ترتدي قفازات بيضاء,تظهر الصوره امراه شابه ترتدي معطفا اسود وقفازات بيضاء، وهي تنظر الي الاعلي بابتسامه خفيفه، محاطه بوجوه اخري في حشد.,امراه ذات شعر داكن ترتدي قفازات بيضاء تنظر الي الاعلي بابتسامه مبتهله.,صوره لامراه ترفع يدها اليمني في اشاره اليمين وهي تنظر الي شيء ما بانتباه.
2204695848_3d1b140212.jpg,ترتدي فتاه باللون الوردي قناع انف مضحك,طفله صغيره ترتدي نظارات وانفا اصطناعيا، وتبتسم للكاميرا.,تظهر طفله صغيره تبتسم وهي ترتدي نظارات تنكريه بانف وحواجب مزيفه.,طفله صغيره تضع نظارات بلاستيكيه علي شكل عيون و انف علي وجهها.
2204777844_1bcf26bf84.jpg,شخص بالغ يساعد الطفل في التزحلق علي الجليد,طفلا صغيرا يتعلم التزلج علي الجليد بمساعده شخص بالغ.,شخصا بالغا يساعد طفلا يرتدي ستره حمراء علي التزلج علي الجليد.,صوره لطفل يمشي علي الجليد بمساعده شخص اخر.
2205088706_d7e633e00d.jpg,صبي في ستره حمراء يقفز في الرمال,طفلا يقفز في الهواء علي شاطء رملي، مع خلفيه من التلال الخضراء والسماء الغاءمه.,طفل يقفز بسعاده علي الشاطء.,ولد يلعب علي الشاطء.
2205328215_3ffc094cde.jpg,رجل يركب دراجه اسفل التل,تظهر الصوره امراه تركب دراجه جبليه علي طريق ترابي في غابه، مع التركيز علي الحركه والسرعه.,امراه مبتسمه تقود دراجه جبليه نزولا علي مسار ترابي في منطقه مشجره، والخلفيه بها تاثير ضبابيه الحركه.,امراه تركب دراجه في الغابه.
2205336881_d9ee4179d3.jpg,تاخذ فتاه صغيره في ملابس النوم صوره بالكاميرا,تاخذ فتاه صغيره صوره بكاميرا في غرفه معيشه مزينه بشكل مريح، بينما تجلس امراه في الخلفيه بالقرب من مجموعه العاب الشاي.,فتاه صغيره ترتدي ملابس ورديه وهي تلتقط صوره بكاميرا صغيره، بينما تجلس امراه في الخلفيه في غرفه معيشه.,فتاه صغيره في منزلها تلعب بالكاميرا.
2206403470_8c25aa3cf8.jpg,صبي صغير يهودي يراقب رجل عجوز يلعب الكمان في حديقه,يعزف رجل مسن علي الكمان بينما يقف طفل صغير امامه في حديقه عامه بجوار بركه ماء.,رجل مسن يعزف الكمان لطفل يستمع اليه في حديقه بجانب بركه ماء.,رجل مسن يعزف الكمان في الحديقه بينما يتامل طفل صغير موسيقاه.
2206594874_5e0087c6b7.jpg,زوجان يجلسان علي طاوله ضيقه في مطعم مزدحم,شخصين يجلسان علي طاوله في كافتيريا او مطعم، ويبدو انهما منخرطان في محادثه.,رجل وامراه يجلسان علي طاوله في مطعم او مقهي.,صوره لشاب وطفل يجلسان علي طاوله في مطعم.
2206600240_f65df56a09.jpg,رجل وامراه يجلسان مع بعضهما علي طاوله مطعم,رجلا وامراه يجلسان علي طاوله في مكان عام، ربما كافتيريا او مطعم، ويبدو انهما منخرطان في محادثه جاده.,رجل وامراه يجلسان متقابلين علي طاوله في مطعم.,صوره لشاب و امراه يجلسان علي طاوله في مطعم.
2206960564_325ed0c7ae.jpg,جرو صغير يتجه نحو الكاميرا,! اليك وصف للصوره صوره لجراء صغير ولطيف ذو فراء ابيض كريمي يمشي باتجاه الكاميرا علي ارضيه من البلاط.,جرو ابيض لطيف يمشي باتجاه الكاميرا.,جرو كلب لونه ابيض يركض.
2207244634_1db1a1890b.jpg,رجل يرتدي خوذه حمراء يقفز بينما يركب لوح تزلج,شابا يرتدي خوذه حمراء وهو يقفز علي لوح التزلج في حديقه التزلج، بينما يراقبه اخرون.,متزلج شاب يقفز بلوح التزلج في حديقه تزلج.,ولد يركب لوح تزلج في ساحه مخصصه.
2208055895_37cd8e1edf.jpg,صبي يرتدي ملابس شتويه في كوخ اسكيمو,طفلا يقف في مدخل كوخ مبني من الثلج، مع وجود حذاء بوت الثلج امامه.,تظهر الصوره طفلا داخل ملجا ثلجي مبني من كتل الثلج في يوم مثلج.,صوره لشاب داخل كوخ من الثلج.
2208067635_39a03834ca.jpg,فتاه تتسلق صخره بينما يقوم شخص ما بتصويرها,تتسلق طفله صغيره جدارا اصطناعيا بينما يظهر ظل شخص بالغ يلتقط صوره لها.,تتسلق طفله صغيره جدارا صخريا للعب، ويظهر ظل كبير لشخص بجانبها علي الارض المفروشه بالنشاره.,الطفله تتسلق حاءطا صخريا وهي ترتدي قبعه خضراء وقميصا ابيض وتنوره قصيره.
2208631481_3e4a5675e1.jpg,كلب اسود يجري عبر حقل,كلبا اسود اللون يركض في حقل اخضر، مع كلب اخر ضبابي في الخلفيه.,كلب اسود يجري في حقل عشبي اخضر.,كلب اسود يركض في الحديقه.
2209496328_2a34fd201d.jpg,كلب ابيض يسبح اثناء حمله لعبه برتقاليه في فمه,كلب لابرادور ابيض يسبح في الماء وهو يحمل كره حمراء في فمه.,كلب لابرادور يسبح في الماء وفي فمه كره برتقاليه.,كلب يسبح في الماء ويحمل كره برتقاليه في فمه.
2209888959_d636b1be0b.jpg,فتاه في ثوب السباحه تحمل مجدفا,طفله صغيره ترتدي ملابس سباحه، وهي تحمل عصا خشبيه وتعبر عن تعبير وجه مضحك.,طفله صغيره تمسك بعصا وتصنع تعبيرا مرحا بوجهها.,طفله صغيره تحمل عصا كبيره امامها.
2211593099_4a4f1c85d2.jpg,مجموعه من الاولاد يمتثلون لصوره,مجموعه من الاولاد يبتسمون للكاميرا في مكان يبدو انه مخيم للاجءين او منطقه مزدحمه.,تظهر الصوره مجموعه من الاولاد يبتسمون في تجمع بالشارع.,صوره لسته اطفال من بنغلاديش او باكستان او الهند يضحكون وهم يرتدون ملابس بسيطه.
2212472643_80238475b5.jpg,صبي صغير يرتدي البيجاما يزحف علي الارض,طفل صغير يرتدي ملابس مموهه يزحف علي ارضيه خشبيه بجوار كرسي هزاز خشبي.,طفل رضيع يرتدي بيجامه مموهه يزحف علي ارضيه خشبيه.,طفل رضيع يرتدي ملابس خضراء بنمط التمويه علي الارض.
2213113526_beeb4f9bdc.jpg,امراه تحتضن طفلا يرتدي قميصا حواينا علي لوح تزلج,تجلس امراه علي شاطء حصوي بجانب طفل ملفوف ببطانيه، يقف علي لوح تزلج موضوع علي قطع من الخشب.,ام وطفلها الرضيع يجلسان بجانب لوح تزلج علي شاطء صخري.,امراه تضع طفل رضيع علي لوح تزلج علي شاطء.
2214132302_80064fd79d.jpg,سيده تلبس البرتقالي تعمل,"تظهر في الصوره امراه ترتدي ملابس رياضيه برتقاليه اللون وهي تركض في سباق، مع وجود متفرجين ومبني عليه شعار """" في الخلفيه.",تظهر الصوره امراه ترتدي قميصا برتقاليا ونظارات شمسيه وهي تركض في الهواء الطلق، مع وجود ملعب رياضي في الخلفيه.,صوره لامراه ترتدي ملابس رياضيه، وتجري في الخارج.
2214847438_4993210d4c.jpg,صبي صغير يلعب في لعبه نفق بلاستيكيه زرقاء,طفلا صغيرا يزحف من خلال فتحه في هيكل لعب بلاستيكي، ويبدو منشغلا او مترددا.,طفل صغير يزحف من نفق لعب ازرق.,صوره لطفل رضيع يرتدي قميصا اصفر اللون وهو ينزل من زلاجه زرقاء.
2215136723_960edfea49.jpg,صبي صغير يلعب في الثلج,طفلا يرتدي ملابس تزلج برتقاليه وسوداء، وهو يقفز او يسقط في الثلج بذراعين ممدودتين، مع خلفيه من السماء الزرقاء والغيوم.,طفل يرتدي خوذه وستره برتقاليه يتسلق الثلج واذرعه مفتوحه تحت سماء زرقاء صافيه.,صوره لطفل يصعد علي تله ثلجيه مرتديا ملابس شتويه.
2215165918_2bf5b659dd.jpg,كلب مع تلوينات النمر ينزل في الماء,كلب من فصيله السلوقي وهو يقف في الماء، ويبدو انه يستمتع باللعب او الاسترخاء في الماء.,كلب سلوقي مخطط يقف في الماء وينظر للخلف.,كلب من نوع جريهاوند يمشي في الماء.
2216568822_84c295c3b0.jpg,امراه ترتدي خوذه باللون الوردي لديها وشم امريكي اصلي علي كتفها,اليك وصف للصوره تظهر الصوره لاعبه رولر دربي ترتدي خوذه ورديه اللون مع وشم علي ذراعها الايسر يصور شخصيه من الرسوم المتحركه الاصليه الامريكيه.,امراه ترتدي خوذه ورديه اللون، تري من الجانب، وعلي ذراعها وشم كبير لامراه ترتدي غطاء راس من الريش وتحمل قوسا.,صوره لامراه ترتدي خوذه وظهر لها وشم علي كتفها.
2216695423_1362cb25f3.jpg,تلعب اربعه كلاب معا خارجا بالعصي,مجموعه من كلاب السلوقي الروسيه تلعب وتتفاعل بحيويه في حديقه خضراء مشمسه.,كلاب تلعب بنشاط في مرج عشبي.,الكلاب تلعب في الحديقه.
2217328285_b1d55c17ca.jpg,كلب اسود يرقص في الثلج,كلب اسود وبني اللون يركض علي شاطء مليء بالاخشاب والطحالب.,كلب يقفز فوق جذع خشبي علي شاطء رملي مليء بالحشاءش.,كلب يجري فوق جذع شجره علي الشاطء.
2217728745_92b6779016.jpg,يقف رجل اصلع الراس بجانب مضخات البيره في البار,مشهدا في حانه مزدحمه مع اضاءه خافته، وتركيز علي البار والزباءن الذين يتحدثون ويستمتعون باوقاتهم.,مشهدا داخليا لبار مضاء باضواء خافته ومتلالءه، مع صنابير البيره في المقدمه ومرتادين غير واضحين في الخلفيه.,صوره لمحل مظلم نوعا ما، يوجد به بار علي اليمين واضواء علي السقف، وهناك شخص علي اليسار يتحدث في الهاتف.
2218334049_e649dbdb1a.jpg,كلب اسود وبني يقف في الخارج في الليل,تظهر الصوره كلب دوبرمان اسود وبني اللون يقفز في الهواء بفرح في حديقه خضراء، مع وجود قطعه من الورق الممزق علي العشب.,كلب دوبرمان اسود يندفع علي العشب ليلا.,كلب من فصيله الدوبيرمان يركض علي العشب ويحمل في فمه كره.
2218519240_cac5aab53c.jpg,رجل يرتدي الشعر الواقي واغطيه الوجه,رجلا يرتدي قبعه وغطاء وجه طبيين، وينظر الي الجانب، وخلفه جدار من الطوب.,تظهر الصوره شخصا يرتدي غطاء راس ووجه واقيين (شبكه شعر وقناع ذقن) امام جدار من الطوب.,رجل يرتدي قناعا طبيا وغطاء بلاستيكيا للراس، يظهر من الجانب امام حاءط من الطوب.
2218609886_892dcd6915.jpg,رجل يستند علي جدار اصفر يرتدي الاسود,رجل جالس علي الارض بجوار جدار، يرتدي قبعه سوداء ومعطفا داكنا، ويبدو منشغلا بشيء في يده.,رجل يرتدي ملابس داكنه وقبعه سوداء يجلس علي الارض مستندا الي جدار اصفر، ويبدو متاملا وواضعا يده قرب فمه.,رجل عجوز يجلس علي الارض يبدو عليه حاله من الياس وهو يدخن.
2218743570_9d6614c51c.jpg,قطه سوداء تعانق كلبا ابيض ورمديا,تظهر الصوره جرو هاسكي رمادي وابيض يضع راسه علي ظهر قط اسود، بينما يجلسان علي ارضيه خشبيه بجانب وساده صفراء.,جرو هاسكي وقط اسود يجلسان كصديقين.,جرو كلب هاسكي ابيض واسود يلعب بجوار ارضيه خشبيه.
2218843713_cf28ea319e.jpg,طفل علي صخره في مجري ماءي,طفلا يجلس علي صخره في منتصف نهر، محاطا بالنباتات الخضراء الكثيفه.,يجلس طفل علي صخره وسط مجري ماءي، محاطا بالطبيعه الخضراء.,طفل يلعب علي صخره في منتصف الماء.
2218907190_5f43bf5e4d.jpg,كلب يتسلق درج من الطوب بالقرب من النباتات,كلب بيجل ينزل مجموعه من الدرجات الحجريه المحاطه بالنباتات الخضراء والملونه.,كلب ينزل سلالم حجريه محاطه بخضره مورقه كثيفه.,كلب يصعد الدرج في الحديقه.
221973402_ecb1cd51f1.jpg,صبي يلعب مع كلب وفريسبي,طفلا صغيرا يركض في حقل عشبي، بينما يتبعه كلب اسود بحماس.,صبي صغير وكلب اسود يركضان علي العشب، والكلب يحمل قرصا طاءرا في فمه.,صبي يركض في الحديقه مع كلب اسود.
